Case ID,Activity,Timestamp,id_barang,nama_barang,kategori,harga_beli,harga_jual,stok,pemasok,lokasi_gudang
CASE-0001,Data Barang Dibuat,2026-01-01 08:00:00,BRG-001,Laptop Gaming Pro,Elektronik,24441000,29451000,62,CV Sentosa Perkasa,Gudang Utama (Jakarta)
CASE-0001,Data Barang Diverifikasi,2026-01-01 08:15:00,BRG-001,Laptop Gaming Pro,Elektronik,24441000,29451000,62,CV Sentosa Perkasa,Gudang Utama (Jakarta)
CASE-0001,Barang Ditempatkan,2026-01-01 08:30:00,BRG-001,Laptop Gaming Pro,Elektronik,24441000,29451000,62,CV Sentosa Perkasa,Gudang Utama (Jakarta)
CASE-0001,Stok Dicatat,2026-01-01 08:45:00,BRG-001,Laptop Gaming Pro,Elektronik,24441000,29451000,62,CV Sentosa Perkasa,Gudang Utama (Jakarta)
CASE-0002,Data Barang Dibuat,2026-01-02 08:00:00,BRG-002,Router Wi-Fi 6,Peralatan Jaringan,1484000,1716000,28,CV Sentosa Perkasa,Gudang Cabang (Bandung)
CASE-0002,Data Barang Diverifikasi,2026-01-02 08:15:00,BRG-002,Router Wi-Fi 6,Peralatan Jaringan,1484000,1716000,28,CV Sentosa Perkasa,Gudang Cabang (Bandung)
CASE-0002,Barang Ditempatkan,2026-01-02 08:30:00,BRG-002,Router Wi-Fi 6,Peralatan Jaringan,1484000,1716000,28,CV Sentosa Perkasa,Gudang Cabang (Bandung)
CASE-0002,Stok Dicatat,2026-01-02 08:45:00,BRG-002,Router Wi-Fi 6,Peralatan Jaringan,1484000,1716000,28,CV Sentosa Perkasa,Gudang Cabang (Bandung)
CASE-0003,Data Barang Dibuat,2026-01-03 08:00:00,BRG-003,Router Wi-Fi 6,Peralatan Jaringan,1777000,2114000,171,PT Indo Sarana,Gudang Cabang (Medan)
CASE-0003,Data Barang Diverifikasi,2026-01-03 08:15:00,BRG-003,Router Wi-Fi 6,Peralatan Jaringan,1777000,2114000,171,PT Indo Sarana,Gudang Cabang (Medan)
CASE-0003,Barang Ditempatkan,2026-01-03 08:30:00,BRG-003,Router Wi-Fi 6,Peralatan Jaringan,1777000,2114000,171,PT Indo Sarana,Gudang Cabang (Medan)
CASE-0003,Stok Dicatat,2026-01-03 08:45:00,BRG-003,Router Wi-Fi 6,Peralatan Jaringan,1777000,2114000,171,PT Indo Sarana,Gudang Cabang (Medan)
CASE-0004,Data Barang Dibuat,2026-01-04 08:00:00,BRG-004,Webcam HD 1080p,Aksesoris Komputer,558000,672000,227,PT Techindo Jaya,Gudang Cabang (Bandung)
CASE-0004,Data Barang Diverifikasi,2026-01-04 08:15:00,BRG-004,Webcam HD 1080p,Aksesoris Komputer,558000,672000,227,PT Techindo Jaya,Gudang Cabang (Bandung)
CASE-0004,Barang Ditempatkan,2026-01-04 08:30:00,BRG-004,Webcam HD 1080p,Aksesoris Komputer,558000,672000,227,PT Techindo Jaya,Gudang Cabang (Bandung)
CASE-0004,Stok Dicatat,2026-01-04 08:45:00,BRG-004,Webcam HD 1080p,Aksesoris Komputer,558000,672000,227,PT Techindo Jaya,Gudang Cabang (Bandung)
CASE-0005,Data Barang Dibuat,2026-01-05 08:00:00,BRG-005,Robot Vacuum Cleaner,Peralatan Rumah Tangga,3165000,3738000,250,PT Mega Elektronik,Gudang Utama (Jakarta)
CASE-0005,Data Barang Diverifikasi,2026-01-05 08:15:00,BRG-005,Robot Vacuum Cleaner,Peralatan Rumah Tangga,3165000,3738000,250,PT Mega Elektronik,Gudang Utama (Jakarta)
CASE-0005,Barang Ditempatkan,2026-01-05 08:30:00,BRG-005,Robot Vacuum Cleaner,Peralatan Rumah Tangga,3165000,3738000,250,PT Mega Elektronik,Gudang Utama (Jakarta)
CASE-0005,Stok Dicatat,2026-01-05 08:45:00,BRG-005,Robot Vacuum Cleaner,Peralatan Rumah Tangga,3165000,3738000,250,PT Mega Elektronik,Gudang Utama (Jakarta)
CASE-0006,Data Barang Dibuat,2026-01-06 08:00:00,BRG-006,Smart TV 55 Inch,Elektronik,5811000,7099000,93,CV Bina Logistik,Gudang Cabang (Surabaya)
CASE-0006,Data Barang Diverifikasi,2026-01-06 08:15:00,BRG-006,Smart TV 55 Inch,Elektronik,5811000,7099000,93,CV Bina Logistik,Gudang Cabang (Surabaya)
CASE-0006,Barang Ditempatkan,2026-01-06 08:30:00,BRG-006,Smart TV 55 Inch,Elektronik,5811000,7099000,93,CV Bina Logistik,Gudang Cabang (Surabaya)
CASE-0006,Stok Dicatat,2026-01-06 08:45:00,BRG-006,Smart TV 55 Inch,Elektronik,5811000,7099000,93,CV Bina Logistik,Gudang Cabang (Surabaya)
CASE-0007,Data Barang Dibuat,2026-01-07 08:00:00,BRG-007,Smart TV 55 Inch,Elektronik,9498000,11159000,241,PT Mandiri Utama,Gudang Utama (Jakarta)
CASE-0007,Data Barang Diverifikasi,2026-01-07 08:15:00,BRG-007,Smart TV 55 Inch,Elektronik,9498000,11159000,241,PT Mandiri Utama,Gudang Utama (Jakarta)
CASE-0007,Barang Ditempatkan,2026-01-07 08:30:00,BRG-007,Smart TV 55 Inch,Elektronik,9498000,11159000,241,PT Mandiri Utama,Gudang Utama (Jakarta)
CASE-0007,Stok Dicatat,2026-01-07 08:45:00,BRG-007,Smart TV 55 Inch,Elektronik,9498000,11159000,241,PT Mandiri Utama,Gudang Utama (Jakarta)
CASE-0008,Data Barang Dibuat,2026-01-08 08:00:00,BRG-008,Access Point Enterprise,Peralatan Jaringan,2939000,3749000,231,PT Mega Elektronik,Gudang Cabang (Bandung)
CASE-0008,Data Barang Diverifikasi,2026-01-08 08:15:00,BRG-008,Access Point Enterprise,Peralatan Jaringan,2939000,3749000,231,PT Mega Elektronik,Gudang Cabang (Bandung)
CASE-0008,Barang Ditempatkan,2026-01-08 08:30:00,BRG-008,Access Point Enterprise,Peralatan Jaringan,2939000,3749000,231,PT Mega Elektronik,Gudang Cabang (Bandung)
CASE-0008,Stok Dicatat,2026-01-08 08:45:00,BRG-008,Access Point Enterprise,Peralatan Jaringan,2939000,3749000,231,PT Mega Elektronik,Gudang Cabang (Bandung)
CASE-0009,Data Barang Dibuat,2026-01-09 08:00:00,BRG-009,Laptop Gaming Pro,Elektronik,23094000,27610000,79,PT Techindo Jaya,Gudang Cabang (Bandung)
CASE-0009,Data Barang Diverifikasi,2026-01-09 08:15:00,BRG-009,Laptop Gaming Pro,Elektronik,23094000,27610000,79,PT Techindo Jaya,Gudang Cabang (Bandung)
CASE-0009,Barang Ditempatkan,2026-01-09 08:30:00,BRG-009,Laptop Gaming Pro,Elektronik,23094000,27610000,79,PT Techindo Jaya,Gudang Cabang (Bandung)
CASE-0009,Stok Dicatat,2026-01-09 08:45:00,BRG-009,Laptop Gaming Pro,Elektronik,23094000,27610000,79,PT Techindo Jaya,Gudang Cabang (Bandung)
CASE-0010,Data Barang Dibuat,2026-01-10 08:00:00,BRG-010,Smart TV 55 Inch,Elektronik,7331000,9095000,218,PT Mega Elektronik,Gudang Cabang (Bandung)
CASE-0010,Data Barang Diverifikasi,2026-01-10 08:15:00,BRG-010,Smart TV 55 Inch,Elektronik,7331000,9095000,218,PT Mega Elektronik,Gudang Cabang (Bandung)
CASE-0010,Barang Ditempatkan,2026-01-10 08:30:00,BRG-010,Smart TV 55 Inch,Elektronik,7331000,9095000,218,PT Mega Elektronik,Gudang Cabang (Bandung)
CASE-0010,Stok Dicatat,2026-01-10 08:45:00,BRG-010,Smart TV 55 Inch,Elektronik,7331000,9095000,218,PT Mega Elektronik,Gudang Cabang (Bandung)
CASE-0011,Data Barang Dibuat,2026-01-11 08:00:00,BRG-011,Printer Laser Multifungsi,Peralatan Kantor,2678000,3438000,184,PT Indo Sarana,Gudang Utama (Jakarta)
CASE-0011,Data Barang Diverifikasi,2026-01-11 08:15:00,BRG-011,Printer Laser Multifungsi,Peralatan Kantor,2678000,3438000,184,PT Indo Sarana,Gudang Utama (Jakarta)
CASE-0011,Barang Ditempatkan,2026-01-11 08:30:00,BRG-011,Printer Laser Multifungsi,Peralatan Kantor,2678000,3438000,184,PT Indo Sarana,Gudang Utama (Jakarta)
CASE-0011,Stok Dicatat,2026-01-11 08:45:00,BRG-011,Printer Laser Multifungsi,Peralatan Kantor,2678000,3438000,184,PT Indo Sarana,Gudang Utama (Jakarta)
CASE-0012,Data Barang Dibuat,2026-01-12 08:00:00,BRG-012,Switch Gigabit 16-Port,Peralatan Jaringan,1260000,1632000,46,PT Mandiri Utama,Gudang Cabang (Medan)
CASE-0012,Data Barang Diverifikasi,2026-01-12 08:15:00,BRG-012,Switch Gigabit 16-Port,Peralatan Jaringan,1260000,1632000,46,PT Mandiri Utama,Gudang Cabang (Medan)
CASE-0012,Barang Ditempatkan,2026-01-12 08:30:00,BRG-012,Switch Gigabit 16-Port,Peralatan Jaringan,1260000,1632000,46,PT Mandiri Utama,Gudang Cabang (Medan)
CASE-0012,Stok Dicatat,2026-01-12 08:45:00,BRG-012,Switch Gigabit 16-Port,Peralatan Jaringan,1260000,1632000,46,PT Mandiri Utama,Gudang Cabang (Medan)
CASE-0013,Data Barang Dibuat,2026-01-13 08:00:00,BRG-013,Proyektor Portable,Peralatan Kantor,3121000,4016000,220,PT Techindo Jaya,Gudang Cabang (Bandung)
CASE-0013,Data Barang Diverifikasi,2026-01-13 08:15:00,BRG-013,Proyektor Portable,Peralatan Kantor,3121000,4016000,220,PT Techindo Jaya,Gudang Cabang (Bandung)
CASE-0013,Barang Ditempatkan,2026-01-13 08:30:00,BRG-013,Proyektor Portable,Peralatan Kantor,3121000,4016000,220,PT Techindo Jaya,Gudang Cabang (Bandung)
CASE-0013,Stok Dicatat,2026-01-13 08:45:00,BRG-013,Proyektor Portable,Peralatan Kantor,3121000,4016000,220,PT Techindo Jaya,Gudang Cabang (Bandung)
CASE-0014,Data Barang Dibuat,2026-01-14 08:00:00,BRG-014,Monitor 4K 27 Inch,Elektronik,5182000,6236000,59,CV Bina Logistik,Gudang Cabang (Surabaya)
CASE-0014,Data Barang Diverifikasi,2026-01-14 08:15:00,BRG-014,Monitor 4K 27 Inch,Elektronik,5182000,6236000,59,CV Bina Logistik,Gudang Cabang (Surabaya)
CASE-0014,Barang Ditempatkan,2026-01-14 08:30:00,BRG-014,Monitor 4K 27 Inch,Elektronik,5182000,6236000,59,CV Bina Logistik,Gudang Cabang (Surabaya)
CASE-0014,Stok Dicatat,2026-01-14 08:45:00,BRG-014,Monitor 4K 27 Inch,Elektronik,5182000,6236000,59,CV Bina Logistik,Gudang Cabang (Surabaya)
CASE-0015,Data Barang Dibuat,2026-01-15 08:00:00,BRG-015,Webcam HD 1080p,Aksesoris Komputer,457000,606000,169,PT Mandiri Utama,Gudang Cabang (Bandung)
CASE-0015,Data Barang Diverifikasi,2026-01-15 08:15:00,BRG-015,Webcam HD 1080p,Aksesoris Komputer,457000,606000,169,PT Mandiri Utama,Gudang Cabang (Bandung)
CASE-0015,Barang Ditempatkan,2026-01-15 08:30:00,BRG-015,Webcam HD 1080p,Aksesoris Komputer,457000,606000,169,PT Mandiri Utama,Gudang Cabang (Bandung)
CASE-0015,Stok Dicatat,2026-01-15 08:45:00,BRG-015,Webcam HD 1080p,Aksesoris Komputer,457000,606000,169,PT Mandiri Utama,Gudang Cabang (Bandung)
CASE-0016,Data Barang Dibuat,2026-01-16 08:00:00,BRG-016,Meja Stand-Desk Auto,Peralatan Kantor,3534000,4590000,142,PT Mega Elektronik,Gudang Cabang (Medan)
CASE-0016,Data Barang Diverifikasi,2026-01-16 08:15:00,BRG-016,Meja Stand-Desk Auto,Peralatan Kantor,3534000,4590000,142,PT Mega Elektronik,Gudang Cabang (Medan)
CASE-0016,Barang Ditempatkan,2026-01-16 08:30:00,BRG-016,Meja Stand-Desk Auto,Peralatan Kantor,3534000,4590000,142,PT Mega Elektronik,Gudang Cabang (Medan)
CASE-0016,Stok Dicatat,2026-01-16 08:45:00,BRG-016,Meja Stand-Desk Auto,Peralatan Kantor,3534000,4590000,142,PT Mega Elektronik,Gudang Cabang (Medan)
CASE-0017,Data Barang Dibuat,2026-01-17 08:00:00,BRG-017,NAS Storage 2-Bay,Peralatan Jaringan,4018000,4796000,40,CV Bina Logistik,Gudang Cabang (Medan)
CASE-0017,Data Barang Diverifikasi,2026-01-17 08:15:00,BRG-017,NAS Storage 2-Bay,Peralatan Jaringan,4018000,4796000,40,CV Bina Logistik,Gudang Cabang (Medan)
CASE-0017,Barang Ditempatkan,2026-01-17 08:30:00,BRG-017,NAS Storage 2-Bay,Peralatan Jaringan,4018000,4796000,40,CV Bina Logistik,Gudang Cabang (Medan)
CASE-0017,Stok Dicatat,2026-01-17 08:45:00,BRG-017,NAS Storage 2-Bay,Peralatan Jaringan,4018000,4796000,40,CV Bina Logistik,Gudang Cabang (Medan)
CASE-0018,Data Barang Dibuat,2026-01-18 08:00:00,BRG-018,Laptop Gaming Pro,Elektronik,13839000,16337000,45,PT Indo Sarana,Gudang Cabang (Medan)
CASE-0018,Data Barang Diverifikasi,2026-01-18 08:15:00,BRG-018,Laptop Gaming Pro,Elektronik,13839000,16337000,45,PT Indo Sarana,Gudang Cabang (Medan)
CASE-0018,Barang Ditempatkan,2026-01-18 08:30:00,BRG-018,Laptop Gaming Pro,Elektronik,13839000,16337000,45,PT Indo Sarana,Gudang Cabang (Medan)
CASE-0018,Stok Dicatat,2026-01-18 08:45:00,BRG-018,Laptop Gaming Pro,Elektronik,13839000,16337000,45,PT Indo Sarana,Gudang Cabang (Medan)
CASE-0019,Data Barang Dibuat,2026-01-19 08:00:00,BRG-019,Router Wi-Fi 6,Peralatan Jaringan,1406000,1724000,124,CV Bina Logistik,Gudang Cabang (Surabaya)
CASE-0019,Data Barang Diverifikasi,2026-01-19 08:15:00,BRG-019,Router Wi-Fi 6,Peralatan Jaringan,1406000,1724000,124,CV Bina Logistik,Gudang Cabang (Surabaya)
CASE-0019,Barang Ditempatkan,2026-01-19 08:30:00,BRG-019,Router Wi-Fi 6,Peralatan Jaringan,1406000,1724000,124,CV Bina Logistik,Gudang Cabang (Surabaya)
CASE-0019,Stok Dicatat,2026-01-19 08:45:00,BRG-019,Router Wi-Fi 6,Peralatan Jaringan,1406000,1724000,124,CV Bina Logistik,Gudang Cabang (Surabaya)
CASE-0020,Data Barang Dibuat,2026-01-20 08:00:00,BRG-020,Router Wi-Fi 6,Peralatan Jaringan,840000,1080000,142,PT Mega Elektronik,Gudang Cabang (Surabaya)
CASE-0020,Data Barang Diverifikasi,2026-01-20 08:15:00,BRG-020,Router Wi-Fi 6,Peralatan Jaringan,840000,1080000,142,PT Mega Elektronik,Gudang Cabang (Surabaya)
CASE-0020,Barang Ditempatkan,2026-01-20 08:30:00,BRG-020,Router Wi-Fi 6,Peralatan Jaringan,840000,1080000,142,PT Mega Elektronik,Gudang Cabang (Surabaya)
CASE-0020,Stok Dicatat,2026-01-20 08:45:00,BRG-020,Router Wi-Fi 6,Peralatan Jaringan,840000,1080000,142,PT Mega Elektronik,Gudang Cabang (Surabaya)
CASE-0021,Data Barang Dibuat,2026-01-21 08:00:00,BRG-021,Monitor 4K 27 Inch,Elektronik,5323000,6289000,5,PT Indo Sarana,Gudang Cabang (Surabaya)
CASE-0021,Data Barang Diverifikasi,2026-01-21 08:15:00,BRG-021,Monitor 4K 27 Inch,Elektronik,5323000,6289000,5,PT Indo Sarana,Gudang Cabang (Surabaya)
CASE-0021,Barang Ditempatkan,2026-01-21 08:30:00,BRG-021,Monitor 4K 27 Inch,Elektronik,5323000,6289000,5,PT Indo Sarana,Gudang Cabang (Surabaya)
CASE-0021,Stok Dicatat,2026-01-21 08:45:00,BRG-021,Monitor 4K 27 Inch,Elektronik,5323000,6289000,5,PT Indo Sarana,Gudang Cabang (Surabaya)
CASE-0022,Data Barang Dibuat,2026-01-22 08:00:00,BRG-022,Switch Gigabit 16-Port,Peralatan Jaringan,1232000,1641000,227,PT Indo Sarana,Gudang Cabang (Surabaya)
CASE-0022,Data Barang Diverifikasi,2026-01-22 08:15:00,BRG-022,Switch Gigabit 16-Port,Peralatan Jaringan,1232000,1641000,227,PT Indo Sarana,Gudang Cabang (Surabaya)
CASE-0022,Barang Ditempatkan,2026-01-22 08:30:00,BRG-022,Switch Gigabit 16-Port,Peralatan Jaringan,1232000,1641000,227,PT Indo Sarana,Gudang Cabang (Surabaya)
CASE-0022,Stok Dicatat,2026-01-22 08:45:00,BRG-022,Switch Gigabit 16-Port,Peralatan Jaringan,1232000,1641000,227,PT Indo Sarana,Gudang Cabang (Surabaya)
CASE-0023,Data Barang Dibuat,2026-01-23 08:00:00,BRG-023,Switch Gigabit 16-Port,Peralatan Jaringan,860000,1053000,46,CV Bina Logistik,Gudang Utama (Jakarta)
CASE-0023,Data Barang Diverifikasi,2026-01-23 08:15:00,BRG-023,Switch Gigabit 16-Port,Peralatan Jaringan,860000,1053000,46,CV Bina Logistik,Gudang Utama (Jakarta)
CASE-0023,Barang Ditempatkan,2026-01-23 08:30:00,BRG-023,Switch Gigabit 16-Port,Peralatan Jaringan,860000,1053000,46,CV Bina Logistik,Gudang Utama (Jakarta)
CASE-0023,Stok Dicatat,2026-01-23 08:45:00,BRG-023,Switch Gigabit 16-Port,Peralatan Jaringan,860000,1053000,46,CV Bina Logistik,Gudang Utama (Jakarta)
CASE-0024,Data Barang Dibuat,2026-01-24 08:00:00,BRG-024,Access Point Enterprise,Peralatan Jaringan,2224000,2566000,242,PT Mega Elektronik,Gudang Cabang (Surabaya)
CASE-0024,Data Barang Diverifikasi,2026-01-24 08:15:00,BRG-024,Access Point Enterprise,Peralatan Jaringan,2224000,2566000,242,PT Mega Elektronik,Gudang Cabang (Surabaya)
CASE-0024,Barang Ditempatkan,2026-01-24 08:30:00,BRG-024,Access Point Enterprise,Peralatan Jaringan,2224000,2566000,242,PT Mega Elektronik,Gudang Cabang (Surabaya)
CASE-0024,Stok Dicatat,2026-01-24 08:45:00,BRG-024,Access Point Enterprise,Peralatan Jaringan,2224000,2566000,242,PT Mega Elektronik,Gudang Cabang (Surabaya)
CASE-0025,Data Barang Dibuat,2026-01-25 08:00:00,BRG-025,Mouse Wireless RGB,Aksesoris Komputer,276000,365000,247,PT Techindo Jaya,Gudang Utama (Jakarta)
CASE-0025,Data Barang Diverifikasi,2026-01-25 08:15:00,BRG-025,Mouse Wireless RGB,Aksesoris Komputer,276000,365000,247,PT Techindo Jaya,Gudang Utama (Jakarta)
CASE-0025,Barang Ditempatkan,2026-01-25 08:30:00,BRG-025,Mouse Wireless RGB,Aksesoris Komputer,276000,365000,247,PT Techindo Jaya,Gudang Utama (Jakarta)
CASE-0025,Stok Dicatat,2026-01-25 08:45:00,BRG-025,Mouse Wireless RGB,Aksesoris Komputer,276000,365000,247,PT Techindo Jaya,Gudang Utama (Jakarta)
CASE-0026,Data Barang Dibuat,2026-01-26 08:00:00,BRG-026,Air Purifier HEPA,Peralatan Rumah Tangga,2795000,3512000,37,CV Sentosa Perkasa,Gudang Cabang (Medan)
CASE-0026,Data Barang Diverifikasi,2026-01-26 08:15:00,BRG-026,Air Purifier HEPA,Peralatan Rumah Tangga,2795000,3512000,37,CV Sentosa Perkasa,Gudang Cabang (Medan)
CASE-0026,Barang Ditempatkan,2026-01-26 08:30:00,BRG-026,Air Purifier HEPA,Peralatan Rumah Tangga,2795000,3512000,37,CV Sentosa Perkasa,Gudang Cabang (Medan)
CASE-0026,Stok Dicatat,2026-01-26 08:45:00,BRG-026,Air Purifier HEPA,Peralatan Rumah Tangga,2795000,3512000,37,CV Sentosa Perkasa,Gudang Cabang (Medan)
CASE-0027,Data Barang Dibuat,2026-01-27 08:00:00,BRG-027,Switch Gigabit 16-Port,Peralatan Jaringan,977000,1226000,160,PT Mandiri Utama,Gudang Cabang (Bandung)
CASE-0027,Data Barang Diverifikasi,2026-01-27 08:15:00,BRG-027,Switch Gigabit 16-Port,Peralatan Jaringan,977000,1226000,160,PT Mandiri Utama,Gudang Cabang (Bandung)
CASE-0027,Barang Ditempatkan,2026-01-27 08:30:00,BRG-027,Switch Gigabit 16-Port,Peralatan Jaringan,977000,1226000,160,PT Mandiri Utama,Gudang Cabang (Bandung)
CASE-0027,Stok Dicatat,2026-01-27 08:45:00,BRG-027,Switch Gigabit 16-Port,Peralatan Jaringan,977000,1226000,160,PT Mandiri Utama,Gudang Cabang (Bandung)
CASE-0028,Data Barang Dibuat,2026-01-28 08:00:00,BRG-028,Switch Gigabit 16-Port,Peralatan Jaringan,1447000,1754000,176,PT Indo Sarana,Gudang Cabang (Surabaya)
CASE-0028,Data Barang Diverifikasi,2026-01-28 08:15:00,BRG-028,Switch Gigabit 16-Port,Peralatan Jaringan,1447000,1754000,176,PT Indo Sarana,Gudang Cabang (Surabaya)
CASE-0028,Barang Ditempatkan,2026-01-28 08:30:00,BRG-028,Switch Gigabit 16-Port,Peralatan Jaringan,1447000,1754000,176,PT Indo Sarana,Gudang Cabang (Surabaya)
CASE-0028,Stok Dicatat,2026-01-28 08:45:00,BRG-028,Switch Gigabit 16-Port,Peralatan Jaringan,1447000,1754000,176,PT Indo Sarana,Gudang Cabang (Surabaya)
CASE-0029,Data Barang Dibuat,2026-01-29 08:00:00,BRG-029,Blender High Power,Peralatan Rumah Tangga,873000,1025000,62,PT Techindo Jaya,Gudang Cabang (Surabaya)
CASE-0029,Data Barang Diverifikasi,2026-01-29 08:15:00,BRG-029,Blender High Power,Peralatan Rumah Tangga,873000,1025000,62,PT Techindo Jaya,Gudang Cabang (Surabaya)
CASE-0029,Barang Ditempatkan,2026-01-29 08:30:00,BRG-029,Blender High Power,Peralatan Rumah Tangga,873000,1025000,62,PT Techindo Jaya,Gudang Cabang (Surabaya)
CASE-0029,Stok Dicatat,2026-01-29 08:45:00,BRG-029,Blender High Power,Peralatan Rumah Tangga,873000,1025000,62,PT Techindo Jaya,Gudang Cabang (Surabaya)
CASE-0030,Data Barang Dibuat,2026-01-30 08:00:00,BRG-030,Tablet Grafis,Elektronik,4823000,5768000,61,PT Techindo Jaya,Gudang Utama (Jakarta)
CASE-0030,Data Barang Diverifikasi,2026-01-30 08:15:00,BRG-030,Tablet Grafis,Elektronik,4823000,5768000,61,PT Techindo Jaya,Gudang Utama (Jakarta)
CASE-0030,Barang Ditempatkan,2026-01-30 08:30:00,BRG-030,Tablet Grafis,Elektronik,4823000,5768000,61,PT Techindo Jaya,Gudang Utama (Jakarta)
CASE-0030,Stok Dicatat,2026-01-30 08:45:00,BRG-030,Tablet Grafis,Elektronik,4823000,5768000,61,PT Techindo Jaya,Gudang Utama (Jakarta)
CASE-0031,Data Barang Dibuat,2026-01-31 08:00:00,BRG-031,Smartphone Flagship,Elektronik,9130000,12152000,225,PT Mega Elektronik,Gudang Utama (Jakarta)
CASE-0031,Data Barang Diverifikasi,2026-01-31 08:15:00,BRG-031,Smartphone Flagship,Elektronik,9130000,12152000,225,PT Mega Elektronik,Gudang Utama (Jakarta)
CASE-0031,Barang Ditempatkan,2026-01-31 08:30:00,BRG-031,Smartphone Flagship,Elektronik,9130000,12152000,225,PT Mega Elektronik,Gudang Utama (Jakarta)
CASE-0031,Stok Dicatat,2026-01-31 08:45:00,BRG-031,Smartphone Flagship,Elektronik,9130000,12152000,225,PT Mega Elektronik,Gudang Utama (Jakarta)
CASE-0032,Data Barang Dibuat,2026-02-01 08:00:00,BRG-032,Switch Gigabit 16-Port,Peralatan Jaringan,992000,1273000,59,CV Bina Logistik,Gudang Cabang (Bandung)
CASE-0032,Data Barang Diverifikasi,2026-02-01 08:15:00,BRG-032,Switch Gigabit 16-Port,Peralatan Jaringan,992000,1273000,59,CV Bina Logistik,Gudang Cabang (Bandung)
CASE-0032,Barang Ditempatkan,2026-02-01 08:30:00,BRG-032,Switch Gigabit 16-Port,Peralatan Jaringan,992000,1273000,59,CV Bina Logistik,Gudang Cabang (Bandung)
CASE-0032,Stok Dicatat,2026-02-01 08:45:00,BRG-032,Switch Gigabit 16-Port,Peralatan Jaringan,992000,1273000,59,CV Bina Logistik,Gudang Cabang (Bandung)
CASE-0033,Data Barang Dibuat,2026-02-02 08:00:00,BRG-033,NAS Storage 2-Bay,Peralatan Jaringan,3519000,4599000,211,PT Mandiri Utama,Gudang Cabang (Bandung)
CASE-0033,Data Barang Diverifikasi,2026-02-02 08:15:00,BRG-033,NAS Storage 2-Bay,Peralatan Jaringan,3519000,4599000,211,PT Mandiri Utama,Gudang Cabang (Bandung)
CASE-0033,Barang Ditempatkan,2026-02-02 08:30:00,BRG-033,NAS Storage 2-Bay,Peralatan Jaringan,3519000,4599000,211,PT Mandiri Utama,Gudang Cabang (Bandung)
CASE-0033,Stok Dicatat,2026-02-02 08:45:00,BRG-033,NAS Storage 2-Bay,Peralatan Jaringan,3519000,4599000,211,PT Mandiri Utama,Gudang Cabang (Bandung)
CASE-0034,Data Barang Dibuat,2026-02-03 08:00:00,BRG-034,Laptop Gaming Pro,Elektronik,23055000,28500000,113,PT Mandiri Utama,Gudang Cabang (Medan)
CASE-0034,Data Barang Diverifikasi,2026-02-03 08:15:00,BRG-034,Laptop Gaming Pro,Elektronik,23055000,28500000,113,PT Mandiri Utama,Gudang Cabang (Medan)
CASE-0034,Barang Ditempatkan,2026-02-03 08:30:00,BRG-034,Laptop Gaming Pro,Elektronik,23055000,28500000,113,PT Mandiri Utama,Gudang Cabang (Medan)
CASE-0034,Stok Dicatat,2026-02-03 08:45:00,BRG-034,Laptop Gaming Pro,Elektronik,23055000,28500000,113,PT Mandiri Utama,Gudang Cabang (Medan)
CASE-0035,Data Barang Dibuat,2026-02-04 08:00:00,BRG-035,Laptop Gaming Pro,Elektronik,13016000,16016000,91,PT Techindo Jaya,Gudang Cabang (Bandung)
CASE-0035,Data Barang Diverifikasi,2026-02-04 08:15:00,BRG-035,Laptop Gaming Pro,Elektronik,13016000,16016000,91,PT Techindo Jaya,Gudang Cabang (Bandung)
CASE-0035,Barang Ditempatkan,2026-02-04 08:30:00,BRG-035,Laptop Gaming Pro,Elektronik,13016000,16016000,91,PT Techindo Jaya,Gudang Cabang (Bandung)
CASE-0035,Stok Dicatat,2026-02-04 08:45:00,BRG-035,Laptop Gaming Pro,Elektronik,13016000,16016000,91,PT Techindo Jaya,Gudang Cabang (Bandung)
CASE-0036,Data Barang Dibuat,2026-02-05 08:00:00,BRG-036,Keyboard Mekanikal,Aksesoris Komputer,962000,1192000,113,CV Sentosa Perkasa,Gudang Cabang (Surabaya)
CASE-0036,Data Barang Diverifikasi,2026-02-05 08:15:00,BRG-036,Keyboard Mekanikal,Aksesoris Komputer,962000,1192000,113,CV Sentosa Perkasa,Gudang Cabang (Surabaya)
CASE-0036,Barang Ditempatkan,2026-02-05 08:30:00,BRG-036,Keyboard Mekanikal,Aksesoris Komputer,962000,1192000,113,CV Sentosa Perkasa,Gudang Cabang (Surabaya)
CASE-0036,Stok Dicatat,2026-02-05 08:45:00,BRG-036,Keyboard Mekanikal,Aksesoris Komputer,962000,1192000,113,CV Sentosa Perkasa,Gudang Cabang (Surabaya)
CASE-0037,Data Barang Dibuat,2026-02-06 08:00:00,BRG-037,Mesin Kopi Espresso,Peralatan Rumah Tangga,1816000,2249000,225,CV Bina Logistik,Gudang Utama (Jakarta)
CASE-0037,Data Barang Diverifikasi,2026-02-06 08:15:00,BRG-037,Mesin Kopi Espresso,Peralatan Rumah Tangga,1816000,2249000,225,CV Bina Logistik,Gudang Utama (Jakarta)
CASE-0037,Barang Ditempatkan,2026-02-06 08:30:00,BRG-037,Mesin Kopi Espresso,Peralatan Rumah Tangga,1816000,2249000,225,CV Bina Logistik,Gudang Utama (Jakarta)
CASE-0037,Stok Dicatat,2026-02-06 08:45:00,BRG-037,Mesin Kopi Espresso,Peralatan Rumah Tangga,1816000,2249000,225,CV Bina Logistik,Gudang Utama (Jakarta)
CASE-0038,Data Barang Dibuat,2026-02-07 08:00:00,BRG-038,Tablet Grafis,Elektronik,2561000,3441000,242,CV Sentosa Perkasa,Gudang Cabang (Bandung)
CASE-0038,Data Barang Diverifikasi,2026-02-07 08:15:00,BRG-038,Tablet Grafis,Elektronik,2561000,3441000,242,CV Sentosa Perkasa,Gudang Cabang (Bandung)
CASE-0038,Barang Ditempatkan,2026-02-07 08:30:00,BRG-038,Tablet Grafis,Elektronik,2561000,3441000,242,CV Sentosa Perkasa,Gudang Cabang (Bandung)
CASE-0038,Stok Dicatat,2026-02-07 08:45:00,BRG-038,Tablet Grafis,Elektronik,2561000,3441000,242,CV Sentosa Perkasa,Gudang Cabang (Bandung)
CASE-0039,Data Barang Dibuat,2026-02-08 08:00:00,BRG-039,Microwave Digital,Peralatan Rumah Tangga,1909000,2276000,107,PT Techindo Jaya,Gudang Cabang (Bandung)
CASE-0039,Data Barang Diverifikasi,2026-02-08 08:15:00,BRG-039,Microwave Digital,Peralatan Rumah Tangga,1909000,2276000,107,PT Techindo Jaya,Gudang Cabang (Bandung)
CASE-0039,Barang Ditempatkan,2026-02-08 08:30:00,BRG-039,Microwave Digital,Peralatan Rumah Tangga,1909000,2276000,107,PT Techindo Jaya,Gudang Cabang (Bandung)
CASE-0039,Stok Dicatat,2026-02-08 08:45:00,BRG-039,Microwave Digital,Peralatan Rumah Tangga,1909000,2276000,107,PT Techindo Jaya,Gudang Cabang (Bandung)
CASE-0040,Data Barang Dibuat,2026-02-09 08:00:00,BRG-040,Air Purifier HEPA,Peralatan Rumah Tangga,2018000,2427000,205,PT Mandiri Utama,Gudang Cabang (Surabaya)
CASE-0040,Data Barang Diverifikasi,2026-02-09 08:15:00,BRG-040,Air Purifier HEPA,Peralatan Rumah Tangga,2018000,2427000,205,PT Mandiri Utama,Gudang Cabang (Surabaya)
CASE-0040,Barang Ditempatkan,2026-02-09 08:30:00,BRG-040,Air Purifier HEPA,Peralatan Rumah Tangga,2018000,2427000,205,PT Mandiri Utama,Gudang Cabang (Surabaya)
CASE-0040,Stok Dicatat,2026-02-09 08:45:00,BRG-040,Air Purifier HEPA,Peralatan Rumah Tangga,2018000,2427000,205,PT Mandiri Utama,Gudang Cabang (Surabaya)
CASE-0041,Data Barang Dibuat,2026-02-10 08:00:00,BRG-041,Blender High Power,Peralatan Rumah Tangga,1094000,1415000,44,CV Sentosa Perkasa,Gudang Cabang (Surabaya)
CASE-0041,Data Barang Diverifikasi,2026-02-10 08:15:00,BRG-041,Blender High Power,Peralatan Rumah Tangga,1094000,1415000,44,CV Sentosa Perkasa,Gudang Cabang (Surabaya)
CASE-0041,Barang Ditempatkan,2026-02-10 08:30:00,BRG-041,Blender High Power,Peralatan Rumah Tangga,1094000,1415000,44,CV Sentosa Perkasa,Gudang Cabang (Surabaya)
CASE-0041,Stok Dicatat,2026-02-10 08:45:00,BRG-041,Blender High Power,Peralatan Rumah Tangga,1094000,1415000,44,CV Sentosa Perkasa,Gudang Cabang (Surabaya)
CASE-0042,Data Barang Dibuat,2026-02-11 08:00:00,BRG-042,Mouse Wireless RGB,Aksesoris Komputer,434000,504000,85,PT Techindo Jaya,Gudang Utama (Jakarta)
CASE-0042,Data Barang Diverifikasi,2026-02-11 08:15:00,BRG-042,Mouse Wireless RGB,Aksesoris Komputer,434000,504000,85,PT Techindo Jaya,Gudang Utama (Jakarta)
CASE-0042,Barang Ditempatkan,2026-02-11 08:30:00,BRG-042,Mouse Wireless RGB,Aksesoris Komputer,434000,504000,85,PT Techindo Jaya,Gudang Utama (Jakarta)
CASE-0042,Stok Dicatat,2026-02-11 08:45:00,BRG-042,Mouse Wireless RGB,Aksesoris Komputer,434000,504000,85,PT Techindo Jaya,Gudang Utama (Jakarta)
CASE-0043,Data Barang Dibuat,2026-02-12 08:00:00,BRG-043,NAS Storage 2-Bay,Peralatan Jaringan,4609000,6147000,140,CV Sentosa Perkasa,Gudang Utama (Jakarta)
CASE-0043,Data Barang Diverifikasi,2026-02-12 08:15:00,BRG-043,NAS Storage 2-Bay,Peralatan Jaringan,4609000,6147000,140,CV Sentosa Perkasa,Gudang Utama (Jakarta)
CASE-0043,Barang Ditempatkan,2026-02-12 08:30:00,BRG-043,NAS Storage 2-Bay,Peralatan Jaringan,4609000,6147000,140,CV Sentosa Perkasa,Gudang Utama (Jakarta)
CASE-0043,Stok Dicatat,2026-02-12 08:45:00,BRG-043,NAS Storage 2-Bay,Peralatan Jaringan,4609000,6147000,140,CV Sentosa Perkasa,Gudang Utama (Jakarta)
CASE-0044,Data Barang Dibuat,2026-02-13 08:00:00,BRG-044,Router Wi-Fi 6,Peralatan Jaringan,989000,1150000,22,PT Indo Sarana,Gudang Cabang (Bandung)
CASE-0044,Data Barang Diverifikasi,2026-02-13 08:15:00,BRG-044,Router Wi-Fi 6,Peralatan Jaringan,989000,1150000,22,PT Indo Sarana,Gudang Cabang (Bandung)
CASE-0044,Barang Ditempatkan,2026-02-13 08:30:00,BRG-044,Router Wi-Fi 6,Peralatan Jaringan,989000,1150000,22,PT Indo Sarana,Gudang Cabang (Bandung)
CASE-0044,Stok Dicatat,2026-02-13 08:45:00,BRG-044,Router Wi-Fi 6,Peralatan Jaringan,989000,1150000,22,PT Indo Sarana,Gudang Cabang (Bandung)
CASE-0045,Data Barang Dibuat,2026-02-14 08:00:00,BRG-045,Air Purifier HEPA,Peralatan Rumah Tangga,2394000,2870000,157,PT Techindo Jaya,Gudang Utama (Jakarta)
CASE-0045,Data Barang Diverifikasi,2026-02-14 08:15:00,BRG-045,Air Purifier HEPA,Peralatan Rumah Tangga,2394000,2870000,157,PT Techindo Jaya,Gudang Utama (Jakarta)
CASE-0045,Barang Ditempatkan,2026-02-14 08:30:00,BRG-045,Air Purifier HEPA,Peralatan Rumah Tangga,2394000,2870000,157,PT Techindo Jaya,Gudang Utama (Jakarta)
CASE-0045,Stok Dicatat,2026-02-14 08:45:00,BRG-045,Air Purifier HEPA,Peralatan Rumah Tangga,2394000,2870000,157,PT Techindo Jaya,Gudang Utama (Jakarta)
CASE-0046,Data Barang Dibuat,2026-02-15 08:00:00,BRG-046,Blender High Power,Peralatan Rumah Tangga,992000,1244000,244,PT Mega Elektronik,Gudang Cabang (Bandung)
CASE-0046,Data Barang Diverifikasi,2026-02-15 08:15:00,BRG-046,Blender High Power,Peralatan Rumah Tangga,992000,1244000,244,PT Mega Elektronik,Gudang Cabang (Bandung)
CASE-0046,Barang Ditempatkan,2026-02-15 08:30:00,BRG-046,Blender High Power,Peralatan Rumah Tangga,992000,1244000,244,PT Mega Elektronik,Gudang Cabang (Bandung)
CASE-0046,Stok Dicatat,2026-02-15 08:45:00,BRG-046,Blender High Power,Peralatan Rumah Tangga,992000,1244000,244,PT Mega Elektronik,Gudang Cabang (Bandung)
CASE-0047,Data Barang Dibuat,2026-02-16 08:00:00,BRG-047,Meja Stand-Desk Auto,Peralatan Kantor,3614000,4442000,176,PT Indo Sarana,Gudang Cabang (Surabaya)
CASE-0047,Data Barang Diverifikasi,2026-02-16 08:15:00,BRG-047,Meja Stand-Desk Auto,Peralatan Kantor,3614000,4442000,176,PT Indo Sarana,Gudang Cabang (Surabaya)
CASE-0047,Barang Ditempatkan,2026-02-16 08:30:00,BRG-047,Meja Stand-Desk Auto,Peralatan Kantor,3614000,4442000,176,PT Indo Sarana,Gudang Cabang (Surabaya)
CASE-0047,Stok Dicatat,2026-02-16 08:45:00,BRG-047,Meja Stand-Desk Auto,Peralatan Kantor,3614000,4442000,176,PT Indo Sarana,Gudang Cabang (Surabaya)
CASE-0048,Data Barang Dibuat,2026-02-17 08:00:00,BRG-048,Robot Vacuum Cleaner,Peralatan Rumah Tangga,5896000,7666000,23,PT Techindo Jaya,Gudang Cabang (Medan)
CASE-0048,Data Barang Diverifikasi,2026-02-17 08:15:00,BRG-048,Robot Vacuum Cleaner,Peralatan Rumah Tangga,5896000,7666000,23,PT Techindo Jaya,Gudang Cabang (Medan)
CASE-0048,Barang Ditempatkan,2026-02-17 08:30:00,BRG-048,Robot Vacuum Cleaner,Peralatan Rumah Tangga,5896000,7666000,23,PT Techindo Jaya,Gudang Cabang (Medan)
CASE-0048,Stok Dicatat,2026-02-17 08:45:00,BRG-048,Robot Vacuum Cleaner,Peralatan Rumah Tangga,5896000,7666000,23,PT Techindo Jaya,Gudang Cabang (Medan)
CASE-0049,Data Barang Dibuat,2026-02-18 08:00:00,BRG-049,Router Wi-Fi 6,Peralatan Jaringan,753000,946000,134,PT Mega Elektronik,Gudang Cabang (Bandung)
CASE-0049,Data Barang Diverifikasi,2026-02-18 08:15:00,BRG-049,Router Wi-Fi 6,Peralatan Jaringan,753000,946000,134,PT Mega Elektronik,Gudang Cabang (Bandung)
CASE-0049,Barang Ditempatkan,2026-02-18 08:30:00,BRG-049,Router Wi-Fi 6,Peralatan Jaringan,753000,946000,134,PT Mega Elektronik,Gudang Cabang (Bandung)
CASE-0049,Stok Dicatat,2026-02-18 08:45:00,BRG-049,Router Wi-Fi 6,Peralatan Jaringan,753000,946000,134,PT Mega Elektronik,Gudang Cabang (Bandung)
CASE-0050,Data Barang Dibuat,2026-02-19 08:00:00,BRG-050,Kursi Ergonomis,Peralatan Kantor,2224000,2721000,45,PT Mandiri Utama,Gudang Cabang (Surabaya)
CASE-0050,Data Barang Diverifikasi,2026-02-19 08:15:00,BRG-050,Kursi Ergonomis,Peralatan Kantor,2224000,2721000,45,PT Mandiri Utama,Gudang Cabang (Surabaya)
CASE-0050,Barang Ditempatkan,2026-02-19 08:30:00,BRG-050,Kursi Ergonomis,Peralatan Kantor,2224000,2721000,45,PT Mandiri Utama,Gudang Cabang (Surabaya)
CASE-0050,Stok Dicatat,2026-02-19 08:45:00,BRG-050,Kursi Ergonomis,Peralatan Kantor,2224000,2721000,45,PT Mandiri Utama,Gudang Cabang (Surabaya)
CASE-0051,Data Barang Dibuat,2026-02-20 08:00:00,BRG-051,Router Wi-Fi 6,Peralatan Jaringan,1763000,2133000,174,PT Techindo Jaya,Gudang Cabang (Bandung)
CASE-0051,Data Barang Diverifikasi,2026-02-20 08:15:00,BRG-051,Router Wi-Fi 6,Peralatan Jaringan,1763000,2133000,174,PT Techindo Jaya,Gudang Cabang (Bandung)
CASE-0051,Barang Ditempatkan,2026-02-20 08:30:00,BRG-051,Router Wi-Fi 6,Peralatan Jaringan,1763000,2133000,174,PT Techindo Jaya,Gudang Cabang (Bandung)
CASE-0051,Stok Dicatat,2026-02-20 08:45:00,BRG-051,Router Wi-Fi 6,Peralatan Jaringan,1763000,2133000,174,PT Techindo Jaya,Gudang Cabang (Bandung)
CASE-0052,Data Barang Dibuat,2026-02-21 08:00:00,BRG-052,Kursi Ergonomis,Peralatan Kantor,1648000,2139000,44,PT Mega Elektronik,Gudang Cabang (Surabaya)
CASE-0052,Data Barang Diverifikasi,2026-02-21 08:15:00,BRG-052,Kursi Ergonomis,Peralatan Kantor,1648000,2139000,44,PT Mega Elektronik,Gudang Cabang (Surabaya)
CASE-0052,Barang Ditempatkan,2026-02-21 08:30:00,BRG-052,Kursi Ergonomis,Peralatan Kantor,1648000,2139000,44,PT Mega Elektronik,Gudang Cabang (Surabaya)
CASE-0052,Stok Dicatat,2026-02-21 08:45:00,BRG-052,Kursi Ergonomis,Peralatan Kantor,1648000,2139000,44,PT Mega Elektronik,Gudang Cabang (Surabaya)
CASE-0053,Data Barang Dibuat,2026-02-22 08:00:00,BRG-053,Switch Gigabit 16-Port,Peralatan Jaringan,1452000,1769000,180,PT Indo Sarana,Gudang Cabang (Surabaya)
CASE-0053,Data Barang Diverifikasi,2026-02-22 08:15:00,BRG-053,Switch Gigabit 16-Port,Peralatan Jaringan,1452000,1769000,180,PT Indo Sarana,Gudang Cabang (Surabaya)
CASE-0053,Barang Ditempatkan,2026-02-22 08:30:00,BRG-053,Switch Gigabit 16-Port,Peralatan Jaringan,1452000,1769000,180,PT Indo Sarana,Gudang Cabang (Surabaya)
CASE-0053,Stok Dicatat,2026-02-22 08:45:00,BRG-053,Switch Gigabit 16-Port,Peralatan Jaringan,1452000,1769000,180,PT Indo Sarana,Gudang Cabang (Surabaya)
CASE-0054,Data Barang Dibuat,2026-02-23 08:00:00,BRG-054,NAS Storage 2-Bay,Peralatan Jaringan,3553000,4729000,221,PT Techindo Jaya,Gudang Utama (Jakarta)
CASE-0054,Data Barang Diverifikasi,2026-02-23 08:15:00,BRG-054,NAS Storage 2-Bay,Peralatan Jaringan,3553000,4729000,221,PT Techindo Jaya,Gudang Utama (Jakarta)
CASE-0054,Barang Ditempatkan,2026-02-23 08:30:00,BRG-054,NAS Storage 2-Bay,Peralatan Jaringan,3553000,4729000,221,PT Techindo Jaya,Gudang Utama (Jakarta)
CASE-0054,Stok Dicatat,2026-02-23 08:45:00,BRG-054,NAS Storage 2-Bay,Peralatan Jaringan,3553000,4729000,221,PT Techindo Jaya,Gudang Utama (Jakarta)
CASE-0055,Data Barang Dibuat,2026-02-24 08:00:00,BRG-055,Robot Vacuum Cleaner,Peralatan Rumah Tangga,2184000,2513000,202,CV Sentosa Perkasa,Gudang Cabang (Surabaya)
CASE-0055,Data Barang Diverifikasi,2026-02-24 08:15:00,BRG-055,Robot Vacuum Cleaner,Peralatan Rumah Tangga,2184000,2513000,202,CV Sentosa Perkasa,Gudang Cabang (Surabaya)
CASE-0055,Barang Ditempatkan,2026-02-24 08:30:00,BRG-055,Robot Vacuum Cleaner,Peralatan Rumah Tangga,2184000,2513000,202,CV Sentosa Perkasa,Gudang Cabang (Surabaya)
CASE-0055,Stok Dicatat,2026-02-24 08:45:00,BRG-055,Robot Vacuum Cleaner,Peralatan Rumah Tangga,2184000,2513000,202,CV Sentosa Perkasa,Gudang Cabang (Surabaya)
CASE-0056,Data Barang Dibuat,2026-02-25 08:00:00,BRG-056,Webcam HD 1080p,Aksesoris Komputer,539000,695000,148,PT Techindo Jaya,Gudang Utama (Jakarta)
CASE-0056,Data Barang Diverifikasi,2026-02-25 08:15:00,BRG-056,Webcam HD 1080p,Aksesoris Komputer,539000,695000,148,PT Techindo Jaya,Gudang Utama (Jakarta)
CASE-0056,Barang Ditempatkan,2026-02-25 08:30:00,BRG-056,Webcam HD 1080p,Aksesoris Komputer,539000,695000,148,PT Techindo Jaya,Gudang Utama (Jakarta)
CASE-0056,Stok Dicatat,2026-02-25 08:45:00,BRG-056,Webcam HD 1080p,Aksesoris Komputer,539000,695000,148,PT Techindo Jaya,Gudang Utama (Jakarta)
CASE-0057,Data Barang Dibuat,2026-02-26 08:00:00,BRG-057,Smartphone Flagship,Elektronik,17153000,19849000,99,CV Bina Logistik,Gudang Cabang (Bandung)
CASE-0057,Data Barang Diverifikasi,2026-02-26 08:15:00,BRG-057,Smartphone Flagship,Elektronik,17153000,19849000,99,CV Bina Logistik,Gudang Cabang (Bandung)
CASE-0057,Barang Ditempatkan,2026-02-26 08:30:00,BRG-057,Smartphone Flagship,Elektronik,17153000,19849000,99,CV Bina Logistik,Gudang Cabang (Bandung)
CASE-0057,Stok Dicatat,2026-02-26 08:45:00,BRG-057,Smartphone Flagship,Elektronik,17153000,19849000,99,CV Bina Logistik,Gudang Cabang (Bandung)
CASE-0058,Data Barang Dibuat,2026-02-27 08:00:00,BRG-058,Mesin Kopi Espresso,Peralatan Rumah Tangga,1675000,2029000,235,PT Techindo Jaya,Gudang Cabang (Surabaya)
CASE-0058,Data Barang Diverifikasi,2026-02-27 08:15:00,BRG-058,Mesin Kopi Espresso,Peralatan Rumah Tangga,1675000,2029000,235,PT Techindo Jaya,Gudang Cabang (Surabaya)
CASE-0058,Barang Ditempatkan,2026-02-27 08:30:00,BRG-058,Mesin Kopi Espresso,Peralatan Rumah Tangga,1675000,2029000,235,PT Techindo Jaya,Gudang Cabang (Surabaya)
CASE-0058,Stok Dicatat,2026-02-27 08:45:00,BRG-058,Mesin Kopi Espresso,Peralatan Rumah Tangga,1675000,2029000,235,PT Techindo Jaya,Gudang Cabang (Surabaya)
CASE-0059,Data Barang Dibuat,2026-02-28 08:00:00,BRG-059,Keyboard Mekanikal,Aksesoris Komputer,1099000,1286000,204,CV Bina Logistik,Gudang Cabang (Medan)
CASE-0059,Data Barang Diverifikasi,2026-02-28 08:15:00,BRG-059,Keyboard Mekanikal,Aksesoris Komputer,1099000,1286000,204,CV Bina Logistik,Gudang Cabang (Medan)
CASE-0059,Barang Ditempatkan,2026-02-28 08:30:00,BRG-059,Keyboard Mekanikal,Aksesoris Komputer,1099000,1286000,204,CV Bina Logistik,Gudang Cabang (Medan)
CASE-0059,Stok Dicatat,2026-02-28 08:45:00,BRG-059,Keyboard Mekanikal,Aksesoris Komputer,1099000,1286000,204,CV Bina Logistik,Gudang Cabang (Medan)
CASE-0060,Data Barang Dibuat,2026-03-01 08:00:00,BRG-060,Switch Gigabit 16-Port,Peralatan Jaringan,948000,1254000,209,CV Sentosa Perkasa,Gudang Cabang (Medan)
CASE-0060,Data Barang Diverifikasi,2026-03-01 08:15:00,BRG-060,Switch Gigabit 16-Port,Peralatan Jaringan,948000,1254000,209,CV Sentosa Perkasa,Gudang Cabang (Medan)
CASE-0060,Barang Ditempatkan,2026-03-01 08:30:00,BRG-060,Switch Gigabit 16-Port,Peralatan Jaringan,948000,1254000,209,CV Sentosa Perkasa,Gudang Cabang (Medan)
CASE-0060,Stok Dicatat,2026-03-01 08:45:00,BRG-060,Switch Gigabit 16-Port,Peralatan Jaringan,948000,1254000,209,CV Sentosa Perkasa,Gudang Cabang (Medan)
CASE-0061,Data Barang Dibuat,2026-03-02 08:00:00,BRG-061,Smartphone Flagship,Elektronik,13573000,17732000,110,PT Indo Sarana,Gudang Cabang (Bandung)
CASE-0061,Data Barang Diverifikasi,2026-03-02 08:15:00,BRG-061,Smartphone Flagship,Elektronik,13573000,17732000,110,PT Indo Sarana,Gudang Cabang (Bandung)
CASE-0061,Barang Ditempatkan,2026-03-02 08:30:00,BRG-061,Smartphone Flagship,Elektronik,13573000,17732000,110,PT Indo Sarana,Gudang Cabang (Bandung)
CASE-0061,Stok Dicatat,2026-03-02 08:45:00,BRG-061,Smartphone Flagship,Elektronik,13573000,17732000,110,PT Indo Sarana,Gudang Cabang (Bandung)
CASE-0062,Data Barang Dibuat,2026-03-03 08:00:00,BRG-062,Meja Stand-Desk Auto,Peralatan Kantor,5802000,7486000,102,PT Techindo Jaya,Gudang Cabang (Medan)
CASE-0062,Data Barang Diverifikasi,2026-03-03 08:15:00,BRG-062,Meja Stand-Desk Auto,Peralatan Kantor,5802000,7486000,102,PT Techindo Jaya,Gudang Cabang (Medan)
CASE-0062,Barang Ditempatkan,2026-03-03 08:30:00,BRG-062,Meja Stand-Desk Auto,Peralatan Kantor,5802000,7486000,102,PT Techindo Jaya,Gudang Cabang (Medan)
CASE-0062,Stok Dicatat,2026-03-03 08:45:00,BRG-062,Meja Stand-Desk Auto,Peralatan Kantor,5802000,7486000,102,PT Techindo Jaya,Gudang Cabang (Medan)
CASE-0063,Data Barang Dibuat,2026-03-04 08:00:00,BRG-063,Keyboard Mekanikal,Aksesoris Komputer,882000,1075000,215,CV Sentosa Perkasa,Gudang Cabang (Bandung)
CASE-0063,Data Barang Diverifikasi,2026-03-04 08:15:00,BRG-063,Keyboard Mekanikal,Aksesoris Komputer,882000,1075000,215,CV Sentosa Perkasa,Gudang Cabang (Bandung)
CASE-0063,Barang Ditempatkan,2026-03-04 08:30:00,BRG-063,Keyboard Mekanikal,Aksesoris Komputer,882000,1075000,215,CV Sentosa Perkasa,Gudang Cabang (Bandung)
CASE-0063,Stok Dicatat,2026-03-04 08:45:00,BRG-063,Keyboard Mekanikal,Aksesoris Komputer,882000,1075000,215,CV Sentosa Perkasa,Gudang Cabang (Bandung)
CASE-0064,Data Barang Dibuat,2026-03-05 08:00:00,BRG-064,Smartphone Flagship,Elektronik,14685000,17851000,226,PT Techindo Jaya,Gudang Cabang (Surabaya)
CASE-0064,Data Barang Diverifikasi,2026-03-05 08:15:00,BRG-064,Smartphone Flagship,Elektronik,14685000,17851000,226,PT Techindo Jaya,Gudang Cabang (Surabaya)
CASE-0064,Barang Ditempatkan,2026-03-05 08:30:00,BRG-064,Smartphone Flagship,Elektronik,14685000,17851000,226,PT Techindo Jaya,Gudang Cabang (Surabaya)
CASE-0064,Stok Dicatat,2026-03-05 08:45:00,BRG-064,Smartphone Flagship,Elektronik,14685000,17851000,226,PT Techindo Jaya,Gudang Cabang (Surabaya)
CASE-0065,Data Barang Dibuat,2026-03-06 08:00:00,BRG-065,Proyektor Portable,Peralatan Kantor,3876000,4984000,220,CV Bina Logistik,Gudang Cabang (Surabaya)
CASE-0065,Data Barang Diverifikasi,2026-03-06 08:15:00,BRG-065,Proyektor Portable,Peralatan Kantor,3876000,4984000,220,CV Bina Logistik,Gudang Cabang (Surabaya)
CASE-0065,Barang Ditempatkan,2026-03-06 08:30:00,BRG-065,Proyektor Portable,Peralatan Kantor,3876000,4984000,220,CV Bina Logistik,Gudang Cabang (Surabaya)
CASE-0065,Stok Dicatat,2026-03-06 08:45:00,BRG-065,Proyektor Portable,Peralatan Kantor,3876000,4984000,220,CV Bina Logistik,Gudang Cabang (Surabaya)
CASE-0066,Data Barang Dibuat,2026-03-07 08:00:00,BRG-066,Laptop Gaming Pro,Elektronik,16382000,19424000,72,PT Techindo Jaya,Gudang Utama (Jakarta)
CASE-0066,Data Barang Diverifikasi,2026-03-07 08:15:00,BRG-066,Laptop Gaming Pro,Elektronik,16382000,19424000,72,PT Techindo Jaya,Gudang Utama (Jakarta)
CASE-0066,Barang Ditempatkan,2026-03-07 08:30:00,BRG-066,Laptop Gaming Pro,Elektronik,16382000,19424000,72,PT Techindo Jaya,Gudang Utama (Jakarta)
CASE-0066,Stok Dicatat,2026-03-07 08:45:00,BRG-066,Laptop Gaming Pro,Elektronik,16382000,19424000,72,PT Techindo Jaya,Gudang Utama (Jakarta)
CASE-0067,Data Barang Dibuat,2026-03-08 08:00:00,BRG-067,NAS Storage 2-Bay,Peralatan Jaringan,3949000,5116000,85,PT Mandiri Utama,Gudang Utama (Jakarta)
CASE-0067,Data Barang Diverifikasi,2026-03-08 08:15:00,BRG-067,NAS Storage 2-Bay,Peralatan Jaringan,3949000,5116000,85,PT Mandiri Utama,Gudang Utama (Jakarta)
CASE-0067,Barang Ditempatkan,2026-03-08 08:30:00,BRG-067,NAS Storage 2-Bay,Peralatan Jaringan,3949000,5116000,85,PT Mandiri Utama,Gudang Utama (Jakarta)
CASE-0067,Stok Dicatat,2026-03-08 08:45:00,BRG-067,NAS Storage 2-Bay,Peralatan Jaringan,3949000,5116000,85,PT Mandiri Utama,Gudang Utama (Jakarta)
CASE-0068,Data Barang Dibuat,2026-03-09 08:00:00,BRG-068,Blender High Power,Peralatan Rumah Tangga,599000,719000,186,PT Mandiri Utama,Gudang Utama (Jakarta)
CASE-0068,Data Barang Diverifikasi,2026-03-09 08:15:00,BRG-068,Blender High Power,Peralatan Rumah Tangga,599000,719000,186,PT Mandiri Utama,Gudang Utama (Jakarta)
CASE-0068,Barang Ditempatkan,2026-03-09 08:30:00,BRG-068,Blender High Power,Peralatan Rumah Tangga,599000,719000,186,PT Mandiri Utama,Gudang Utama (Jakarta)
CASE-0068,Stok Dicatat,2026-03-09 08:45:00,BRG-068,Blender High Power,Peralatan Rumah Tangga,599000,719000,186,PT Mandiri Utama,Gudang Utama (Jakarta)
CASE-0069,Data Barang Dibuat,2026-03-10 08:00:00,BRG-069,Switch Gigabit 16-Port,Peralatan Jaringan,1081000,1336000,247,PT Indo Sarana,Gudang Cabang (Surabaya)
CASE-0069,Data Barang Diverifikasi,2026-03-10 08:15:00,BRG-069,Switch Gigabit 16-Port,Peralatan Jaringan,1081000,1336000,247,PT Indo Sarana,Gudang Cabang (Surabaya)
CASE-0069,Barang Ditempatkan,2026-03-10 08:30:00,BRG-069,Switch Gigabit 16-Port,Peralatan Jaringan,1081000,1336000,247,PT Indo Sarana,Gudang Cabang (Surabaya)
CASE-0069,Stok Dicatat,2026-03-10 08:45:00,BRG-069,Switch Gigabit 16-Port,Peralatan Jaringan,1081000,1336000,247,PT Indo Sarana,Gudang Cabang (Surabaya)
CASE-0070,Data Barang Dibuat,2026-03-11 08:00:00,BRG-070,Access Point Enterprise,Peralatan Jaringan,2591000,3419000,189,PT Mega Elektronik,Gudang Cabang (Surabaya)
CASE-0070,Data Barang Diverifikasi,2026-03-11 08:15:00,BRG-070,Access Point Enterprise,Peralatan Jaringan,2591000,3419000,189,PT Mega Elektronik,Gudang Cabang (Surabaya)
CASE-0070,Barang Ditempatkan,2026-03-11 08:30:00,BRG-070,Access Point Enterprise,Peralatan Jaringan,2591000,3419000,189,PT Mega Elektronik,Gudang Cabang (Surabaya)
CASE-0070,Stok Dicatat,2026-03-11 08:45:00,BRG-070,Access Point Enterprise,Peralatan Jaringan,2591000,3419000,189,PT Mega Elektronik,Gudang Cabang (Surabaya)
CASE-0071,Data Barang Dibuat,2026-03-12 08:00:00,BRG-071,Robot Vacuum Cleaner,Peralatan Rumah Tangga,3687000,4754000,146,CV Sentosa Perkasa,Gudang Cabang (Bandung)
CASE-0071,Data Barang Diverifikasi,2026-03-12 08:15:00,BRG-071,Robot Vacuum Cleaner,Peralatan Rumah Tangga,3687000,4754000,146,CV Sentosa Perkasa,Gudang Cabang (Bandung)
CASE-0071,Barang Ditempatkan,2026-03-12 08:30:00,BRG-071,Robot Vacuum Cleaner,Peralatan Rumah Tangga,3687000,4754000,146,CV Sentosa Perkasa,Gudang Cabang (Bandung)
CASE-0071,Stok Dicatat,2026-03-12 08:45:00,BRG-071,Robot Vacuum Cleaner,Peralatan Rumah Tangga,3687000,4754000,146,CV Sentosa Perkasa,Gudang Cabang (Bandung)
CASE-0072,Data Barang Dibuat,2026-03-13 08:00:00,BRG-072,Microwave Digital,Peralatan Rumah Tangga,1264000,1609000,82,PT Mandiri Utama,Gudang Utama (Jakarta)
CASE-0072,Data Barang Diverifikasi,2026-03-13 08:15:00,BRG-072,Microwave Digital,Peralatan Rumah Tangga,1264000,1609000,82,PT Mandiri Utama,Gudang Utama (Jakarta)
CASE-0072,Barang Ditempatkan,2026-03-13 08:30:00,BRG-072,Microwave Digital,Peralatan Rumah Tangga,1264000,1609000,82,PT Mandiri Utama,Gudang Utama (Jakarta)
CASE-0072,Stok Dicatat,2026-03-13 08:45:00,BRG-072,Microwave Digital,Peralatan Rumah Tangga,1264000,1609000,82,PT Mandiri Utama,Gudang Utama (Jakarta)
CASE-0073,Data Barang Dibuat,2026-03-14 08:00:00,BRG-073,Printer Laser Multifungsi,Peralatan Kantor,2681000,3313000,153,CV Bina Logistik,Gudang Cabang (Surabaya)
CASE-0073,Data Barang Diverifikasi,2026-03-14 08:15:00,BRG-073,Printer Laser Multifungsi,Peralatan Kantor,2681000,3313000,153,CV Bina Logistik,Gudang Cabang (Surabaya)
CASE-0073,Barang Ditempatkan,2026-03-14 08:30:00,BRG-073,Printer Laser Multifungsi,Peralatan Kantor,2681000,3313000,153,CV Bina Logistik,Gudang Cabang (Surabaya)
CASE-0073,Stok Dicatat,2026-03-14 08:45:00,BRG-073,Printer Laser Multifungsi,Peralatan Kantor,2681000,3313000,153,CV Bina Logistik,Gudang Cabang (Surabaya)
CASE-0074,Data Barang Dibuat,2026-03-15 08:00:00,BRG-074,Microwave Digital,Peralatan Rumah Tangga,1827000,2347000,135,PT Mandiri Utama,Gudang Cabang (Bandung)
CASE-0074,Data Barang Diverifikasi,2026-03-15 08:15:00,BRG-074,Microwave Digital,Peralatan Rumah Tangga,1827000,2347000,135,PT Mandiri Utama,Gudang Cabang (Bandung)
CASE-0074,Barang Ditempatkan,2026-03-15 08:30:00,BRG-074,Microwave Digital,Peralatan Rumah Tangga,1827000,2347000,135,PT Mandiri Utama,Gudang Cabang (Bandung)
CASE-0074,Stok Dicatat,2026-03-15 08:45:00,BRG-074,Microwave Digital,Peralatan Rumah Tangga,1827000,2347000,135,PT Mandiri Utama,Gudang Cabang (Bandung)
CASE-0075,Data Barang Dibuat,2026-03-16 08:00:00,BRG-075,Monitor 4K 27 Inch,Elektronik,5661000,7261000,163,PT Mega Elektronik,Gudang Utama (Jakarta)
CASE-0075,Data Barang Diverifikasi,2026-03-16 08:15:00,BRG-075,Monitor 4K 27 Inch,Elektronik,5661000,7261000,163,PT Mega Elektronik,Gudang Utama (Jakarta)
CASE-0075,Barang Ditempatkan,2026-03-16 08:30:00,BRG-075,Monitor 4K 27 Inch,Elektronik,5661000,7261000,163,PT Mega Elektronik,Gudang Utama (Jakarta)
CASE-0075,Stok Dicatat,2026-03-16 08:45:00,BRG-075,Monitor 4K 27 Inch,Elektronik,5661000,7261000,163,PT Mega Elektronik,Gudang Utama (Jakarta)
CASE-0076,Data Barang Dibuat,2026-03-17 08:00:00,BRG-076,Headset Gaming 7.1,Aksesoris Komputer,535000,701000,42,PT Techindo Jaya,Gudang Utama (Jakarta)
CASE-0076,Data Barang Diverifikasi,2026-03-17 08:15:00,BRG-076,Headset Gaming 7.1,Aksesoris Komputer,535000,701000,42,PT Techindo Jaya,Gudang Utama (Jakarta)
CASE-0076,Barang Ditempatkan,2026-03-17 08:30:00,BRG-076,Headset Gaming 7.1,Aksesoris Komputer,535000,701000,42,PT Techindo Jaya,Gudang Utama (Jakarta)
CASE-0076,Stok Dicatat,2026-03-17 08:45:00,BRG-076,Headset Gaming 7.1,Aksesoris Komputer,535000,701000,42,PT Techindo Jaya,Gudang Utama (Jakarta)
CASE-0077,Data Barang Dibuat,2026-03-18 08:00:00,BRG-077,Webcam HD 1080p,Aksesoris Komputer,570000,752000,23,PT Mandiri Utama,Gudang Cabang (Medan)
CASE-0077,Data Barang Diverifikasi,2026-03-18 08:15:00,BRG-077,Webcam HD 1080p,Aksesoris Komputer,570000,752000,23,PT Mandiri Utama,Gudang Cabang (Medan)
CASE-0077,Barang Ditempatkan,2026-03-18 08:30:00,BRG-077,Webcam HD 1080p,Aksesoris Komputer,570000,752000,23,PT Mandiri Utama,Gudang Cabang (Medan)
CASE-0077,Stok Dicatat,2026-03-18 08:45:00,BRG-077,Webcam HD 1080p,Aksesoris Komputer,570000,752000,23,PT Mandiri Utama,Gudang Cabang (Medan)
CASE-0078,Data Barang Dibuat,2026-03-19 08:00:00,BRG-078,Switch Gigabit 16-Port,Peralatan Jaringan,1453000,1873000,131,PT Mandiri Utama,Gudang Cabang (Bandung)
CASE-0078,Data Barang Diverifikasi,2026-03-19 08:15:00,BRG-078,Switch Gigabit 16-Port,Peralatan Jaringan,1453000,1873000,131,PT Mandiri Utama,Gudang Cabang (Bandung)
CASE-0078,Barang Ditempatkan,2026-03-19 08:30:00,BRG-078,Switch Gigabit 16-Port,Peralatan Jaringan,1453000,1873000,131,PT Mandiri Utama,Gudang Cabang (Bandung)
CASE-0078,Stok Dicatat,2026-03-19 08:45:00,BRG-078,Switch Gigabit 16-Port,Peralatan Jaringan,1453000,1873000,131,PT Mandiri Utama,Gudang Cabang (Bandung)
CASE-0079,Data Barang Dibuat,2026-03-20 08:00:00,BRG-079,Mouse Wireless RGB,Aksesoris Komputer,205000,267000,61,CV Sentosa Perkasa,Gudang Cabang (Medan)
CASE-0079,Data Barang Diverifikasi,2026-03-20 08:15:00,BRG-079,Mouse Wireless RGB,Aksesoris Komputer,205000,267000,61,CV Sentosa Perkasa,Gudang Cabang (Medan)
CASE-0079,Barang Ditempatkan,2026-03-20 08:30:00,BRG-079,Mouse Wireless RGB,Aksesoris Komputer,205000,267000,61,CV Sentosa Perkasa,Gudang Cabang (Medan)
CASE-0079,Stok Dicatat,2026-03-20 08:45:00,BRG-079,Mouse Wireless RGB,Aksesoris Komputer,205000,267000,61,CV Sentosa Perkasa,Gudang Cabang (Medan)
CASE-0080,Data Barang Dibuat,2026-03-21 08:00:00,BRG-080,Tablet Grafis,Elektronik,3545000,4727000,36,PT Mandiri Utama,Gudang Cabang (Bandung)
CASE-0080,Data Barang Diverifikasi,2026-03-21 08:15:00,BRG-080,Tablet Grafis,Elektronik,3545000,4727000,36,PT Mandiri Utama,Gudang Cabang (Bandung)
CASE-0080,Barang Ditempatkan,2026-03-21 08:30:00,BRG-080,Tablet Grafis,Elektronik,3545000,4727000,36,PT Mandiri Utama,Gudang Cabang (Bandung)
CASE-0080,Stok Dicatat,2026-03-21 08:45:00,BRG-080,Tablet Grafis,Elektronik,3545000,4727000,36,PT Mandiri Utama,Gudang Cabang (Bandung)
CASE-0081,Data Barang Dibuat,2026-03-22 08:00:00,BRG-081,Blender High Power,Peralatan Rumah Tangga,986000,1251000,248,PT Mandiri Utama,Gudang Cabang (Medan)
CASE-0081,Data Barang Diverifikasi,2026-03-22 08:15:00,BRG-081,Blender High Power,Peralatan Rumah Tangga,986000,1251000,248,PT Mandiri Utama,Gudang Cabang (Medan)
CASE-0081,Barang Ditempatkan,2026-03-22 08:30:00,BRG-081,Blender High Power,Peralatan Rumah Tangga,986000,1251000,248,PT Mandiri Utama,Gudang Cabang (Medan)
CASE-0081,Stok Dicatat,2026-03-22 08:45:00,BRG-081,Blender High Power,Peralatan Rumah Tangga,986000,1251000,248,PT Mandiri Utama,Gudang Cabang (Medan)
CASE-0082,Data Barang Dibuat,2026-03-23 08:00:00,BRG-082,NAS Storage 2-Bay,Peralatan Jaringan,3167000,4113000,126,PT Mandiri Utama,Gudang Cabang (Surabaya)
CASE-0082,Data Barang Diverifikasi,2026-03-23 08:15:00,BRG-082,NAS Storage 2-Bay,Peralatan Jaringan,3167000,4113000,126,PT Mandiri Utama,Gudang Cabang (Surabaya)
CASE-0082,Barang Ditempatkan,2026-03-23 08:30:00,BRG-082,NAS Storage 2-Bay,Peralatan Jaringan,3167000,4113000,126,PT Mandiri Utama,Gudang Cabang (Surabaya)
CASE-0082,Stok Dicatat,2026-03-23 08:45:00,BRG-082,NAS Storage 2-Bay,Peralatan Jaringan,3167000,4113000,126,PT Mandiri Utama,Gudang Cabang (Surabaya)
CASE-0083,Data Barang Dibuat,2026-03-24 08:00:00,BRG-083,Headset Gaming 7.1,Aksesoris Komputer,846000,1054000,66,PT Mega Elektronik,Gudang Cabang (Medan)
CASE-0083,Data Barang Diverifikasi,2026-03-24 08:15:00,BRG-083,Headset Gaming 7.1,Aksesoris Komputer,846000,1054000,66,PT Mega Elektronik,Gudang Cabang (Medan)
CASE-0083,Barang Ditempatkan,2026-03-24 08:30:00,BRG-083,Headset Gaming 7.1,Aksesoris Komputer,846000,1054000,66,PT Mega Elektronik,Gudang Cabang (Medan)
CASE-0083,Stok Dicatat,2026-03-24 08:45:00,BRG-083,Headset Gaming 7.1,Aksesoris Komputer,846000,1054000,66,PT Mega Elektronik,Gudang Cabang (Medan)
CASE-0084,Data Barang Dibuat,2026-03-25 08:00:00,BRG-084,Monitor 4K 27 Inch,Elektronik,4483000,5399000,86,CV Bina Logistik,Gudang Utama (Jakarta)
CASE-0084,Data Barang Diverifikasi,2026-03-25 08:15:00,BRG-084,Monitor 4K 27 Inch,Elektronik,4483000,5399000,86,CV Bina Logistik,Gudang Utama (Jakarta)
CASE-0084,Barang Ditempatkan,2026-03-25 08:30:00,BRG-084,Monitor 4K 27 Inch,Elektronik,4483000,5399000,86,CV Bina Logistik,Gudang Utama (Jakarta)
CASE-0084,Stok Dicatat,2026-03-25 08:45:00,BRG-084,Monitor 4K 27 Inch,Elektronik,4483000,5399000,86,CV Bina Logistik,Gudang Utama (Jakarta)
CASE-0085,Data Barang Dibuat,2026-03-26 08:00:00,BRG-085,Keyboard Mekanikal,Aksesoris Komputer,642000,787000,44,PT Indo Sarana,Gudang Cabang (Bandung)
CASE-0085,Data Barang Diverifikasi,2026-03-26 08:15:00,BRG-085,Keyboard Mekanikal,Aksesoris Komputer,642000,787000,44,PT Indo Sarana,Gudang Cabang (Bandung)
CASE-0085,Barang Ditempatkan,2026-03-26 08:30:00,BRG-085,Keyboard Mekanikal,Aksesoris Komputer,642000,787000,44,PT Indo Sarana,Gudang Cabang (Bandung)
CASE-0085,Stok Dicatat,2026-03-26 08:45:00,BRG-085,Keyboard Mekanikal,Aksesoris Komputer,642000,787000,44,PT Indo Sarana,Gudang Cabang (Bandung)
CASE-0086,Data Barang Dibuat,2026-03-27 08:00:00,BRG-086,Smart TV 55 Inch,Elektronik,8419000,10238000,124,PT Mandiri Utama,Gudang Utama (Jakarta)
CASE-0086,Data Barang Diverifikasi,2026-03-27 08:15:00,BRG-086,Smart TV 55 Inch,Elektronik,8419000,10238000,124,PT Mandiri Utama,Gudang Utama (Jakarta)
CASE-0086,Barang Ditempatkan,2026-03-27 08:30:00,BRG-086,Smart TV 55 Inch,Elektronik,8419000,10238000,124,PT Mandiri Utama,Gudang Utama (Jakarta)
CASE-0086,Stok Dicatat,2026-03-27 08:45:00,BRG-086,Smart TV 55 Inch,Elektronik,8419000,10238000,124,PT Mandiri Utama,Gudang Utama (Jakarta)
CASE-0087,Data Barang Dibuat,2026-03-28 08:00:00,BRG-087,Webcam HD 1080p,Aksesoris Komputer,454000,604000,154,PT Indo Sarana,Gudang Utama (Jakarta)
CASE-0087,Data Barang Diverifikasi,2026-03-28 08:15:00,BRG-087,Webcam HD 1080p,Aksesoris Komputer,454000,604000,154,PT Indo Sarana,Gudang Utama (Jakarta)
CASE-0087,Barang Ditempatkan,2026-03-28 08:30:00,BRG-087,Webcam HD 1080p,Aksesoris Komputer,454000,604000,154,PT Indo Sarana,Gudang Utama (Jakarta)
CASE-0087,Stok Dicatat,2026-03-28 08:45:00,BRG-087,Webcam HD 1080p,Aksesoris Komputer,454000,604000,154,PT Indo Sarana,Gudang Utama (Jakarta)
CASE-0088,Data Barang Dibuat,2026-03-29 08:00:00,BRG-088,NAS Storage 2-Bay,Peralatan Jaringan,4500000,5180000,95,PT Mega Elektronik,Gudang Cabang (Medan)
CASE-0088,Data Barang Diverifikasi,2026-03-29 08:15:00,BRG-088,NAS Storage 2-Bay,Peralatan Jaringan,4500000,5180000,95,PT Mega Elektronik,Gudang Cabang (Medan)
CASE-0088,Barang Ditempatkan,2026-03-29 08:30:00,BRG-088,NAS Storage 2-Bay,Peralatan Jaringan,4500000,5180000,95,PT Mega Elektronik,Gudang Cabang (Medan)
CASE-0088,Stok Dicatat,2026-03-29 08:45:00,BRG-088,NAS Storage 2-Bay,Peralatan Jaringan,4500000,5180000,95,PT Mega Elektronik,Gudang Cabang (Medan)
CASE-0089,Data Barang Dibuat,2026-03-30 08:00:00,BRG-089,Blender High Power,Peralatan Rumah Tangga,972000,1273000,234,CV Sentosa Perkasa,Gudang Cabang (Medan)
CASE-0089,Data Barang Diverifikasi,2026-03-30 08:15:00,BRG-089,Blender High Power,Peralatan Rumah Tangga,972000,1273000,234,CV Sentosa Perkasa,Gudang Cabang (Medan)
CASE-0089,Barang Ditempatkan,2026-03-30 08:30:00,BRG-089,Blender High Power,Peralatan Rumah Tangga,972000,1273000,234,CV Sentosa Perkasa,Gudang Cabang (Medan)
CASE-0089,Stok Dicatat,2026-03-30 08:45:00,BRG-089,Blender High Power,Peralatan Rumah Tangga,972000,1273000,234,CV Sentosa Perkasa,Gudang Cabang (Medan)
CASE-0090,Data Barang Dibuat,2026-03-31 08:00:00,BRG-090,Headset Gaming 7.1,Aksesoris Komputer,757000,944000,104,PT Mega Elektronik,Gudang Cabang (Medan)
CASE-0090,Data Barang Diverifikasi,2026-03-31 08:15:00,BRG-090,Headset Gaming 7.1,Aksesoris Komputer,757000,944000,104,PT Mega Elektronik,Gudang Cabang (Medan)
CASE-0090,Barang Ditempatkan,2026-03-31 08:30:00,BRG-090,Headset Gaming 7.1,Aksesoris Komputer,757000,944000,104,PT Mega Elektronik,Gudang Cabang (Medan)
CASE-0090,Stok Dicatat,2026-03-31 08:45:00,BRG-090,Headset Gaming 7.1,Aksesoris Komputer,757000,944000,104,PT Mega Elektronik,Gudang Cabang (Medan)
CASE-0091,Data Barang Dibuat,2026-04-01 08:00:00,BRG-091,Webcam HD 1080p,Aksesoris Komputer,316000,425000,141,PT Techindo Jaya,Gudang Cabang (Medan)
CASE-0091,Data Barang Diverifikasi,2026-04-01 08:15:00,BRG-091,Webcam HD 1080p,Aksesoris Komputer,316000,425000,141,PT Techindo Jaya,Gudang Cabang (Medan)
CASE-0091,Barang Ditempatkan,2026-04-01 08:30:00,BRG-091,Webcam HD 1080p,Aksesoris Komputer,316000,425000,141,PT Techindo Jaya,Gudang Cabang (Medan)
CASE-0091,Stok Dicatat,2026-04-01 08:45:00,BRG-091,Webcam HD 1080p,Aksesoris Komputer,316000,425000,141,PT Techindo Jaya,Gudang Cabang (Medan)
CASE-0092,Data Barang Dibuat,2026-04-02 08:00:00,BRG-092,Router Wi-Fi 6,Peralatan Jaringan,776000,992000,39,PT Mandiri Utama,Gudang Cabang (Bandung)
CASE-0092,Data Barang Diverifikasi,2026-04-02 08:15:00,BRG-092,Router Wi-Fi 6,Peralatan Jaringan,776000,992000,39,PT Mandiri Utama,Gudang Cabang (Bandung)
CASE-0092,Barang Ditempatkan,2026-04-02 08:30:00,BRG-092,Router Wi-Fi 6,Peralatan Jaringan,776000,992000,39,PT Mandiri Utama,Gudang Cabang (Bandung)
CASE-0092,Stok Dicatat,2026-04-02 08:45:00,BRG-092,Router Wi-Fi 6,Peralatan Jaringan,776000,992000,39,PT Mandiri Utama,Gudang Cabang (Bandung)
CASE-0093,Data Barang Dibuat,2026-04-03 08:00:00,BRG-093,Monitor 4K 27 Inch,Elektronik,5090000,6186000,121,PT Mega Elektronik,Gudang Cabang (Surabaya)
CASE-0093,Data Barang Diverifikasi,2026-04-03 08:15:00,BRG-093,Monitor 4K 27 Inch,Elektronik,5090000,6186000,121,PT Mega Elektronik,Gudang Cabang (Surabaya)
CASE-0093,Barang Ditempatkan,2026-04-03 08:30:00,BRG-093,Monitor 4K 27 Inch,Elektronik,5090000,6186000,121,PT Mega Elektronik,Gudang Cabang (Surabaya)
CASE-0093,Stok Dicatat,2026-04-03 08:45:00,BRG-093,Monitor 4K 27 Inch,Elektronik,5090000,6186000,121,PT Mega Elektronik,Gudang Cabang (Surabaya)
CASE-0094,Data Barang Dibuat,2026-04-04 08:00:00,BRG-094,Robot Vacuum Cleaner,Peralatan Rumah Tangga,5154000,6907000,112,PT Mega Elektronik,Gudang Utama (Jakarta)
CASE-0094,Data Barang Diverifikasi,2026-04-04 08:15:00,BRG-094,Robot Vacuum Cleaner,Peralatan Rumah Tangga,5154000,6907000,112,PT Mega Elektronik,Gudang Utama (Jakarta)
CASE-0094,Barang Ditempatkan,2026-04-04 08:30:00,BRG-094,Robot Vacuum Cleaner,Peralatan Rumah Tangga,5154000,6907000,112,PT Mega Elektronik,Gudang Utama (Jakarta)
CASE-0094,Stok Dicatat,2026-04-04 08:45:00,BRG-094,Robot Vacuum Cleaner,Peralatan Rumah Tangga,5154000,6907000,112,PT Mega Elektronik,Gudang Utama (Jakarta)
CASE-0095,Data Barang Dibuat,2026-04-05 08:00:00,BRG-095,Air Purifier HEPA,Peralatan Rumah Tangga,2770000,3484000,248,PT Mega Elektronik,Gudang Cabang (Bandung)
CASE-0095,Data Barang Diverifikasi,2026-04-05 08:15:00,BRG-095,Air Purifier HEPA,Peralatan Rumah Tangga,2770000,3484000,248,PT Mega Elektronik,Gudang Cabang (Bandung)
CASE-0095,Barang Ditempatkan,2026-04-05 08:30:00,BRG-095,Air Purifier HEPA,Peralatan Rumah Tangga,2770000,3484000,248,PT Mega Elektronik,Gudang Cabang (Bandung)
CASE-0095,Stok Dicatat,2026-04-05 08:45:00,BRG-095,Air Purifier HEPA,Peralatan Rumah Tangga,2770000,3484000,248,PT Mega Elektronik,Gudang Cabang (Bandung)
CASE-0096,Data Barang Dibuat,2026-04-06 08:00:00,BRG-096,Laptop Gaming Pro,Elektronik,24653000,28503000,68,CV Sentosa Perkasa,Gudang Utama (Jakarta)
CASE-0096,Data Barang Diverifikasi,2026-04-06 08:15:00,BRG-096,Laptop Gaming Pro,Elektronik,24653000,28503000,68,CV Sentosa Perkasa,Gudang Utama (Jakarta)
CASE-0096,Barang Ditempatkan,2026-04-06 08:30:00,BRG-096,Laptop Gaming Pro,Elektronik,24653000,28503000,68,CV Sentosa Perkasa,Gudang Utama (Jakarta)
CASE-0096,Stok Dicatat,2026-04-06 08:45:00,BRG-096,Laptop Gaming Pro,Elektronik,24653000,28503000,68,CV Sentosa Perkasa,Gudang Utama (Jakarta)
CASE-0097,Data Barang Dibuat,2026-04-07 08:00:00,BRG-097,Switch Gigabit 16-Port,Peralatan Jaringan,950000,1116000,176,PT Techindo Jaya,Gudang Cabang (Bandung)
CASE-0097,Data Barang Diverifikasi,2026-04-07 08:15:00,BRG-097,Switch Gigabit 16-Port,Peralatan Jaringan,950000,1116000,176,PT Techindo Jaya,Gudang Cabang (Bandung)
CASE-0097,Barang Ditempatkan,2026-04-07 08:30:00,BRG-097,Switch Gigabit 16-Port,Peralatan Jaringan,950000,1116000,176,PT Techindo Jaya,Gudang Cabang (Bandung)
CASE-0097,Stok Dicatat,2026-04-07 08:45:00,BRG-097,Switch Gigabit 16-Port,Peralatan Jaringan,950000,1116000,176,PT Techindo Jaya,Gudang Cabang (Bandung)
CASE-0098,Data Barang Dibuat,2026-04-08 08:00:00,BRG-098,Robot Vacuum Cleaner,Peralatan Rumah Tangga,5216000,6383000,160,CV Bina Logistik,Gudang Utama (Jakarta)
CASE-0098,Data Barang Diverifikasi,2026-04-08 08:15:00,BRG-098,Robot Vacuum Cleaner,Peralatan Rumah Tangga,5216000,6383000,160,CV Bina Logistik,Gudang Utama (Jakarta)
CASE-0098,Barang Ditempatkan,2026-04-08 08:30:00,BRG-098,Robot Vacuum Cleaner,Peralatan Rumah Tangga,5216000,6383000,160,CV Bina Logistik,Gudang Utama (Jakarta)
CASE-0098,Stok Dicatat,2026-04-08 08:45:00,BRG-098,Robot Vacuum Cleaner,Peralatan Rumah Tangga,5216000,6383000,160,CV Bina Logistik,Gudang Utama (Jakarta)
CASE-0099,Data Barang Dibuat,2026-04-09 08:00:00,BRG-099,Headset Gaming 7.1,Aksesoris Komputer,413000,522000,242,PT Mega Elektronik,Gudang Cabang (Medan)
CASE-0099,Data Barang Diverifikasi,2026-04-09 08:15:00,BRG-099,Headset Gaming 7.1,Aksesoris Komputer,413000,522000,242,PT Mega Elektronik,Gudang Cabang (Medan)
CASE-0099,Barang Ditempatkan,2026-04-09 08:30:00,BRG-099,Headset Gaming 7.1,Aksesoris Komputer,413000,522000,242,PT Mega Elektronik,Gudang Cabang (Medan)
CASE-0099,Stok Dicatat,2026-04-09 08:45:00,BRG-099,Headset Gaming 7.1,Aksesoris Komputer,413000,522000,242,PT Mega Elektronik,Gudang Cabang (Medan)
CASE-0100,Data Barang Dibuat,2026-04-10 08:00:00,BRG-100,Mesin Kopi Espresso,Peralatan Rumah Tangga,1818000,2305000,217,PT Indo Sarana,Gudang Cabang (Bandung)
CASE-0100,Data Barang Diverifikasi,2026-04-10 08:15:00,BRG-100,Mesin Kopi Espresso,Peralatan Rumah Tangga,1818000,2305000,217,PT Indo Sarana,Gudang Cabang (Bandung)
CASE-0100,Barang Ditempatkan,2026-04-10 08:30:00,BRG-100,Mesin Kopi Espresso,Peralatan Rumah Tangga,1818000,2305000,217,PT Indo Sarana,Gudang Cabang (Bandung)
CASE-0100,Stok Dicatat,2026-04-10 08:45:00,BRG-100,Mesin Kopi Espresso,Peralatan Rumah Tangga,1818000,2305000,217,PT Indo Sarana,Gudang Cabang (Bandung)
CASE-0101,Data Barang Dibuat,2026-04-11 08:00:00,BRG-101,Monitor 4K 27 Inch,Elektronik,6369000,8089000,35,CV Bina Logistik,Gudang Utama (Jakarta)
CASE-0101,Data Barang Diverifikasi,2026-04-11 08:15:00,BRG-101,Monitor 4K 27 Inch,Elektronik,6369000,8089000,35,CV Bina Logistik,Gudang Utama (Jakarta)
CASE-0101,Barang Ditempatkan,2026-04-11 08:30:00,BRG-101,Monitor 4K 27 Inch,Elektronik,6369000,8089000,35,CV Bina Logistik,Gudang Utama (Jakarta)
CASE-0101,Stok Dicatat,2026-04-11 08:45:00,BRG-101,Monitor 4K 27 Inch,Elektronik,6369000,8089000,35,CV Bina Logistik,Gudang Utama (Jakarta)
CASE-0102,Data Barang Dibuat,2026-04-12 08:00:00,BRG-102,Proyektor Portable,Peralatan Kantor,3996000,5124000,22,CV Bina Logistik,Gudang Cabang (Surabaya)
CASE-0102,Data Barang Diverifikasi,2026-04-12 08:15:00,BRG-102,Proyektor Portable,Peralatan Kantor,3996000,5124000,22,CV Bina Logistik,Gudang Cabang (Surabaya)
CASE-0102,Barang Ditempatkan,2026-04-12 08:30:00,BRG-102,Proyektor Portable,Peralatan Kantor,3996000,5124000,22,CV Bina Logistik,Gudang Cabang (Surabaya)
CASE-0102,Stok Dicatat,2026-04-12 08:45:00,BRG-102,Proyektor Portable,Peralatan Kantor,3996000,5124000,22,CV Bina Logistik,Gudang Cabang (Surabaya)
CASE-0103,Data Barang Dibuat,2026-04-13 08:00:00,BRG-103,Smart TV 55 Inch,Elektronik,11898000,14849000,115,PT Mega Elektronik,Gudang Cabang (Medan)
CASE-0103,Data Barang Diverifikasi,2026-04-13 08:15:00,BRG-103,Smart TV 55 Inch,Elektronik,11898000,14849000,115,PT Mega Elektronik,Gudang Cabang (Medan)
CASE-0103,Barang Ditempatkan,2026-04-13 08:30:00,BRG-103,Smart TV 55 Inch,Elektronik,11898000,14849000,115,PT Mega Elektronik,Gudang Cabang (Medan)
CASE-0103,Stok Dicatat,2026-04-13 08:45:00,BRG-103,Smart TV 55 Inch,Elektronik,11898000,14849000,115,PT Mega Elektronik,Gudang Cabang (Medan)
CASE-0104,Data Barang Dibuat,2026-04-14 08:00:00,BRG-104,Webcam HD 1080p,Aksesoris Komputer,342000,443000,171,PT Mega Elektronik,Gudang Cabang (Medan)
CASE-0104,Data Barang Diverifikasi,2026-04-14 08:15:00,BRG-104,Webcam HD 1080p,Aksesoris Komputer,342000,443000,171,PT Mega Elektronik,Gudang Cabang (Medan)
CASE-0104,Barang Ditempatkan,2026-04-14 08:30:00,BRG-104,Webcam HD 1080p,Aksesoris Komputer,342000,443000,171,PT Mega Elektronik,Gudang Cabang (Medan)
CASE-0104,Stok Dicatat,2026-04-14 08:45:00,BRG-104,Webcam HD 1080p,Aksesoris Komputer,342000,443000,171,PT Mega Elektronik,Gudang Cabang (Medan)
CASE-0105,Data Barang Dibuat,2026-04-15 08:00:00,BRG-105,Microwave Digital,Peralatan Rumah Tangga,2142000,2578000,223,CV Sentosa Perkasa,Gudang Utama (Jakarta)
CASE-0105,Data Barang Diverifikasi,2026-04-15 08:15:00,BRG-105,Microwave Digital,Peralatan Rumah Tangga,2142000,2578000,223,CV Sentosa Perkasa,Gudang Utama (Jakarta)
CASE-0105,Barang Ditempatkan,2026-04-15 08:30:00,BRG-105,Microwave Digital,Peralatan Rumah Tangga,2142000,2578000,223,CV Sentosa Perkasa,Gudang Utama (Jakarta)
CASE-0105,Stok Dicatat,2026-04-15 08:45:00,BRG-105,Microwave Digital,Peralatan Rumah Tangga,2142000,2578000,223,CV Sentosa Perkasa,Gudang Utama (Jakarta)
CASE-0106,Data Barang Dibuat,2026-04-16 08:00:00,BRG-106,Paper Shredder Heavy-Duty,Peralatan Kantor,1311000,1704000,150,CV Bina Logistik,Gudang Cabang (Medan)
CASE-0106,Data Barang Diverifikasi,2026-04-16 08:15:00,BRG-106,Paper Shredder Heavy-Duty,Peralatan Kantor,1311000,1704000,150,CV Bina Logistik,Gudang Cabang (Medan)
CASE-0106,Barang Ditempatkan,2026-04-16 08:30:00,BRG-106,Paper Shredder Heavy-Duty,Peralatan Kantor,1311000,1704000,150,CV Bina Logistik,Gudang Cabang (Medan)
CASE-0106,Stok Dicatat,2026-04-16 08:45:00,BRG-106,Paper Shredder Heavy-Duty,Peralatan Kantor,1311000,1704000,150,CV Bina Logistik,Gudang Cabang (Medan)
CASE-0107,Data Barang Dibuat,2026-04-17 08:00:00,BRG-107,Kursi Ergonomis,Peralatan Kantor,3273000,4320000,51,PT Mandiri Utama,Gudang Cabang (Bandung)
CASE-0107,Data Barang Diverifikasi,2026-04-17 08:15:00,BRG-107,Kursi Ergonomis,Peralatan Kantor,3273000,4320000,51,PT Mandiri Utama,Gudang Cabang (Bandung)
CASE-0107,Barang Ditempatkan,2026-04-17 08:30:00,BRG-107,Kursi Ergonomis,Peralatan Kantor,3273000,4320000,51,PT Mandiri Utama,Gudang Cabang (Bandung)
CASE-0107,Stok Dicatat,2026-04-17 08:45:00,BRG-107,Kursi Ergonomis,Peralatan Kantor,3273000,4320000,51,PT Mandiri Utama,Gudang Cabang (Bandung)
CASE-0108,Data Barang Dibuat,2026-04-18 08:00:00,BRG-108,Printer Laser Multifungsi,Peralatan Kantor,3227000,3891000,157,PT Indo Sarana,Gudang Cabang (Surabaya)
CASE-0108,Data Barang Diverifikasi,2026-04-18 08:15:00,BRG-108,Printer Laser Multifungsi,Peralatan Kantor,3227000,3891000,157,PT Indo Sarana,Gudang Cabang (Surabaya)
CASE-0108,Barang Ditempatkan,2026-04-18 08:30:00,BRG-108,Printer Laser Multifungsi,Peralatan Kantor,3227000,3891000,157,PT Indo Sarana,Gudang Cabang (Surabaya)
CASE-0108,Stok Dicatat,2026-04-18 08:45:00,BRG-108,Printer Laser Multifungsi,Peralatan Kantor,3227000,3891000,157,PT Indo Sarana,Gudang Cabang (Surabaya)
CASE-0109,Data Barang Dibuat,2026-04-19 08:00:00,BRG-109,Router Wi-Fi 6,Peralatan Jaringan,1683000,2254000,26,CV Sentosa Perkasa,Gudang Cabang (Medan)
CASE-0109,Data Barang Diverifikasi,2026-04-19 08:15:00,BRG-109,Router Wi-Fi 6,Peralatan Jaringan,1683000,2254000,26,CV Sentosa Perkasa,Gudang Cabang (Medan)
CASE-0109,Barang Ditempatkan,2026-04-19 08:30:00,BRG-109,Router Wi-Fi 6,Peralatan Jaringan,1683000,2254000,26,CV Sentosa Perkasa,Gudang Cabang (Medan)
CASE-0109,Stok Dicatat,2026-04-19 08:45:00,BRG-109,Router Wi-Fi 6,Peralatan Jaringan,1683000,2254000,26,CV Sentosa Perkasa,Gudang Cabang (Medan)
CASE-0110,Data Barang Dibuat,2026-04-20 08:00:00,BRG-110,Blender High Power,Peralatan Rumah Tangga,651000,838000,170,PT Indo Sarana,Gudang Cabang (Medan)
CASE-0110,Data Barang Diverifikasi,2026-04-20 08:15:00,BRG-110,Blender High Power,Peralatan Rumah Tangga,651000,838000,170,PT Indo Sarana,Gudang Cabang (Medan)
CASE-0110,Barang Ditempatkan,2026-04-20 08:30:00,BRG-110,Blender High Power,Peralatan Rumah Tangga,651000,838000,170,PT Indo Sarana,Gudang Cabang (Medan)
CASE-0110,Stok Dicatat,2026-04-20 08:45:00,BRG-110,Blender High Power,Peralatan Rumah Tangga,651000,838000,170,PT Indo Sarana,Gudang Cabang (Medan)
CASE-0111,Data Barang Dibuat,2026-04-21 08:00:00,BRG-111,Air Purifier HEPA,Peralatan Rumah Tangga,1395000,1686000,108,PT Indo Sarana,Gudang Cabang (Bandung)
CASE-0111,Data Barang Diverifikasi,2026-04-21 08:15:00,BRG-111,Air Purifier HEPA,Peralatan Rumah Tangga,1395000,1686000,108,PT Indo Sarana,Gudang Cabang (Bandung)
CASE-0111,Barang Ditempatkan,2026-04-21 08:30:00,BRG-111,Air Purifier HEPA,Peralatan Rumah Tangga,1395000,1686000,108,PT Indo Sarana,Gudang Cabang (Bandung)
CASE-0111,Stok Dicatat,2026-04-21 08:45:00,BRG-111,Air Purifier HEPA,Peralatan Rumah Tangga,1395000,1686000,108,PT Indo Sarana,Gudang Cabang (Bandung)
CASE-0112,Data Barang Dibuat,2026-04-22 08:00:00,BRG-112,Proyektor Portable,Peralatan Kantor,3747000,4663000,140,PT Mega Elektronik,Gudang Cabang (Medan)
CASE-0112,Data Barang Diverifikasi,2026-04-22 08:15:00,BRG-112,Proyektor Portable,Peralatan Kantor,3747000,4663000,140,PT Mega Elektronik,Gudang Cabang (Medan)
CASE-0112,Barang Ditempatkan,2026-04-22 08:30:00,BRG-112,Proyektor Portable,Peralatan Kantor,3747000,4663000,140,PT Mega Elektronik,Gudang Cabang (Medan)
CASE-0112,Stok Dicatat,2026-04-22 08:45:00,BRG-112,Proyektor Portable,Peralatan Kantor,3747000,4663000,140,PT Mega Elektronik,Gudang Cabang (Medan)
CASE-0113,Data Barang Dibuat,2026-04-23 08:00:00,BRG-113,Access Point Enterprise,Peralatan Jaringan,1937000,2499000,74,PT Mega Elektronik,Gudang Cabang (Surabaya)
CASE-0113,Data Barang Diverifikasi,2026-04-23 08:15:00,BRG-113,Access Point Enterprise,Peralatan Jaringan,1937000,2499000,74,PT Mega Elektronik,Gudang Cabang (Surabaya)
CASE-0113,Barang Ditempatkan,2026-04-23 08:30:00,BRG-113,Access Point Enterprise,Peralatan Jaringan,1937000,2499000,74,PT Mega Elektronik,Gudang Cabang (Surabaya)
CASE-0113,Stok Dicatat,2026-04-23 08:45:00,BRG-113,Access Point Enterprise,Peralatan Jaringan,1937000,2499000,74,PT Mega Elektronik,Gudang Cabang (Surabaya)
CASE-0114,Data Barang Dibuat,2026-04-24 08:00:00,BRG-114,Mouse Wireless RGB,Aksesoris Komputer,250000,303000,195,CV Bina Logistik,Gudang Cabang (Bandung)
CASE-0114,Data Barang Diverifikasi,2026-04-24 08:15:00,BRG-114,Mouse Wireless RGB,Aksesoris Komputer,250000,303000,195,CV Bina Logistik,Gudang Cabang (Bandung)
CASE-0114,Barang Ditempatkan,2026-04-24 08:30:00,BRG-114,Mouse Wireless RGB,Aksesoris Komputer,250000,303000,195,CV Bina Logistik,Gudang Cabang (Bandung)
CASE-0114,Stok Dicatat,2026-04-24 08:45:00,BRG-114,Mouse Wireless RGB,Aksesoris Komputer,250000,303000,195,CV Bina Logistik,Gudang Cabang (Bandung)
CASE-0115,Data Barang Dibuat,2026-04-25 08:00:00,BRG-115,Keyboard Mekanikal,Aksesoris Komputer,1174000,1463000,190,CV Bina Logistik,Gudang Cabang (Surabaya)
CASE-0115,Data Barang Diverifikasi,2026-04-25 08:15:00,BRG-115,Keyboard Mekanikal,Aksesoris Komputer,1174000,1463000,190,CV Bina Logistik,Gudang Cabang (Surabaya)
CASE-0115,Barang Ditempatkan,2026-04-25 08:30:00,BRG-115,Keyboard Mekanikal,Aksesoris Komputer,1174000,1463000,190,CV Bina Logistik,Gudang Cabang (Surabaya)
CASE-0115,Stok Dicatat,2026-04-25 08:45:00,BRG-115,Keyboard Mekanikal,Aksesoris Komputer,1174000,1463000,190,CV Bina Logistik,Gudang Cabang (Surabaya)
CASE-0116,Data Barang Dibuat,2026-04-26 08:00:00,BRG-116,Smartphone Flagship,Elektronik,12970000,15505000,50,PT Mega Elektronik,Gudang Utama (Jakarta)
CASE-0116,Data Barang Diverifikasi,2026-04-26 08:15:00,BRG-116,Smartphone Flagship,Elektronik,12970000,15505000,50,PT Mega Elektronik,Gudang Utama (Jakarta)
CASE-0116,Barang Ditempatkan,2026-04-26 08:30:00,BRG-116,Smartphone Flagship,Elektronik,12970000,15505000,50,PT Mega Elektronik,Gudang Utama (Jakarta)
CASE-0116,Stok Dicatat,2026-04-26 08:45:00,BRG-116,Smartphone Flagship,Elektronik,12970000,15505000,50,PT Mega Elektronik,Gudang Utama (Jakarta)
CASE-0117,Data Barang Dibuat,2026-04-27 08:00:00,BRG-117,Switch Gigabit 16-Port,Peralatan Jaringan,987000,1144000,18,CV Bina Logistik,Gudang Cabang (Surabaya)
CASE-0117,Data Barang Diverifikasi,2026-04-27 08:15:00,BRG-117,Switch Gigabit 16-Port,Peralatan Jaringan,987000,1144000,18,CV Bina Logistik,Gudang Cabang (Surabaya)
CASE-0117,Barang Ditempatkan,2026-04-27 08:30:00,BRG-117,Switch Gigabit 16-Port,Peralatan Jaringan,987000,1144000,18,CV Bina Logistik,Gudang Cabang (Surabaya)
CASE-0117,Stok Dicatat,2026-04-27 08:45:00,BRG-117,Switch Gigabit 16-Port,Peralatan Jaringan,987000,1144000,18,CV Bina Logistik,Gudang Cabang (Surabaya)
CASE-0118,Data Barang Dibuat,2026-04-28 08:00:00,BRG-118,Webcam HD 1080p,Aksesoris Komputer,303000,401000,151,PT Mega Elektronik,Gudang Cabang (Medan)
CASE-0118,Data Barang Diverifikasi,2026-04-28 08:15:00,BRG-118,Webcam HD 1080p,Aksesoris Komputer,303000,401000,151,PT Mega Elektronik,Gudang Cabang (Medan)
CASE-0118,Barang Ditempatkan,2026-04-28 08:30:00,BRG-118,Webcam HD 1080p,Aksesoris Komputer,303000,401000,151,PT Mega Elektronik,Gudang Cabang (Medan)
CASE-0118,Stok Dicatat,2026-04-28 08:45:00,BRG-118,Webcam HD 1080p,Aksesoris Komputer,303000,401000,151,PT Mega Elektronik,Gudang Cabang (Medan)
CASE-0119,Data Barang Dibuat,2026-04-29 08:00:00,BRG-119,Microwave Digital,Peralatan Rumah Tangga,1614000,1915000,18,PT Mega Elektronik,Gudang Cabang (Medan)
CASE-0119,Data Barang Diverifikasi,2026-04-29 08:15:00,BRG-119,Microwave Digital,Peralatan Rumah Tangga,1614000,1915000,18,PT Mega Elektronik,Gudang Cabang (Medan)
CASE-0119,Barang Ditempatkan,2026-04-29 08:30:00,BRG-119,Microwave Digital,Peralatan Rumah Tangga,1614000,1915000,18,PT Mega Elektronik,Gudang Cabang (Medan)
CASE-0119,Stok Dicatat,2026-04-29 08:45:00,BRG-119,Microwave Digital,Peralatan Rumah Tangga,1614000,1915000,18,PT Mega Elektronik,Gudang Cabang (Medan)
CASE-0120,Data Barang Dibuat,2026-04-30 08:00:00,BRG-120,Laptop Gaming Pro,Elektronik,18722000,23371000,152,PT Indo Sarana,Gudang Utama (Jakarta)
CASE-0120,Data Barang Diverifikasi,2026-04-30 08:15:00,BRG-120,Laptop Gaming Pro,Elektronik,18722000,23371000,152,PT Indo Sarana,Gudang Utama (Jakarta)
CASE-0120,Barang Ditempatkan,2026-04-30 08:30:00,BRG-120,Laptop Gaming Pro,Elektronik,18722000,23371000,152,PT Indo Sarana,Gudang Utama (Jakarta)
CASE-0120,Stok Dicatat,2026-04-30 08:45:00,BRG-120,Laptop Gaming Pro,Elektronik,18722000,23371000,152,PT Indo Sarana,Gudang Utama (Jakarta)
CASE-0121,Data Barang Dibuat,2026-05-01 08:00:00,BRG-121,Keyboard Mekanikal,Aksesoris Komputer,990000,1326000,26,CV Sentosa Perkasa,Gudang Utama (Jakarta)
CASE-0121,Data Barang Diverifikasi,2026-05-01 08:15:00,BRG-121,Keyboard Mekanikal,Aksesoris Komputer,990000,1326000,26,CV Sentosa Perkasa,Gudang Utama (Jakarta)
CASE-0121,Barang Ditempatkan,2026-05-01 08:30:00,BRG-121,Keyboard Mekanikal,Aksesoris Komputer,990000,1326000,26,CV Sentosa Perkasa,Gudang Utama (Jakarta)
CASE-0121,Stok Dicatat,2026-05-01 08:45:00,BRG-121,Keyboard Mekanikal,Aksesoris Komputer,990000,1326000,26,CV Sentosa Perkasa,Gudang Utama (Jakarta)
CASE-0122,Data Barang Dibuat,2026-05-02 08:00:00,BRG-122,NAS Storage 2-Bay,Peralatan Jaringan,5043000,6400000,163,CV Sentosa Perkasa,Gudang Cabang (Medan)
CASE-0122,Data Barang Diverifikasi,2026-05-02 08:15:00,BRG-122,NAS Storage 2-Bay,Peralatan Jaringan,5043000,6400000,163,CV Sentosa Perkasa,Gudang Cabang (Medan)
CASE-0122,Barang Ditempatkan,2026-05-02 08:30:00,BRG-122,NAS Storage 2-Bay,Peralatan Jaringan,5043000,6400000,163,CV Sentosa Perkasa,Gudang Cabang (Medan)
CASE-0122,Stok Dicatat,2026-05-02 08:45:00,BRG-122,NAS Storage 2-Bay,Peralatan Jaringan,5043000,6400000,163,CV Sentosa Perkasa,Gudang Cabang (Medan)
CASE-0123,Data Barang Dibuat,2026-05-03 08:00:00,BRG-123,Microwave Digital,Peralatan Rumah Tangga,1523000,2013000,114,PT Mega Elektronik,Gudang Utama (Jakarta)
CASE-0123,Data Barang Diverifikasi,2026-05-03 08:15:00,BRG-123,Microwave Digital,Peralatan Rumah Tangga,1523000,2013000,114,PT Mega Elektronik,Gudang Utama (Jakarta)
CASE-0123,Barang Ditempatkan,2026-05-03 08:30:00,BRG-123,Microwave Digital,Peralatan Rumah Tangga,1523000,2013000,114,PT Mega Elektronik,Gudang Utama (Jakarta)
CASE-0123,Stok Dicatat,2026-05-03 08:45:00,BRG-123,Microwave Digital,Peralatan Rumah Tangga,1523000,2013000,114,PT Mega Elektronik,Gudang Utama (Jakarta)
CASE-0124,Data Barang Dibuat,2026-05-04 08:00:00,BRG-124,Router Wi-Fi 6,Peralatan Jaringan,1035000,1319000,72,PT Indo Sarana,Gudang Utama (Jakarta)
CASE-0124,Data Barang Diverifikasi,2026-05-04 08:15:00,BRG-124,Router Wi-Fi 6,Peralatan Jaringan,1035000,1319000,72,PT Indo Sarana,Gudang Utama (Jakarta)
CASE-0124,Barang Ditempatkan,2026-05-04 08:30:00,BRG-124,Router Wi-Fi 6,Peralatan Jaringan,1035000,1319000,72,PT Indo Sarana,Gudang Utama (Jakarta)
CASE-0124,Stok Dicatat,2026-05-04 08:45:00,BRG-124,Router Wi-Fi 6,Peralatan Jaringan,1035000,1319000,72,PT Indo Sarana,Gudang Utama (Jakarta)
CASE-0125,Data Barang Dibuat,2026-05-05 08:00:00,BRG-125,Keyboard Mekanikal,Aksesoris Komputer,582000,733000,45,PT Techindo Jaya,Gudang Cabang (Medan)
CASE-0125,Data Barang Diverifikasi,2026-05-05 08:15:00,BRG-125,Keyboard Mekanikal,Aksesoris Komputer,582000,733000,45,PT Techindo Jaya,Gudang Cabang (Medan)
CASE-0125,Barang Ditempatkan,2026-05-05 08:30:00,BRG-125,Keyboard Mekanikal,Aksesoris Komputer,582000,733000,45,PT Techindo Jaya,Gudang Cabang (Medan)
CASE-0125,Stok Dicatat,2026-05-05 08:45:00,BRG-125,Keyboard Mekanikal,Aksesoris Komputer,582000,733000,45,PT Techindo Jaya,Gudang Cabang (Medan)
CASE-0126,Data Barang Dibuat,2026-05-06 08:00:00,BRG-126,Blender High Power,Peralatan Rumah Tangga,892000,1077000,64,PT Mega Elektronik,Gudang Cabang (Surabaya)
CASE-0126,Data Barang Diverifikasi,2026-05-06 08:15:00,BRG-126,Blender High Power,Peralatan Rumah Tangga,892000,1077000,64,PT Mega Elektronik,Gudang Cabang (Surabaya)
CASE-0126,Barang Ditempatkan,2026-05-06 08:30:00,BRG-126,Blender High Power,Peralatan Rumah Tangga,892000,1077000,64,PT Mega Elektronik,Gudang Cabang (Surabaya)
CASE-0126,Stok Dicatat,2026-05-06 08:45:00,BRG-126,Blender High Power,Peralatan Rumah Tangga,892000,1077000,64,PT Mega Elektronik,Gudang Cabang (Surabaya)
CASE-0127,Data Barang Dibuat,2026-05-07 08:00:00,BRG-127,Air Purifier HEPA,Peralatan Rumah Tangga,2641000,3160000,72,PT Indo Sarana,Gudang Cabang (Bandung)
CASE-0127,Data Barang Diverifikasi,2026-05-07 08:15:00,BRG-127,Air Purifier HEPA,Peralatan Rumah Tangga,2641000,3160000,72,PT Indo Sarana,Gudang Cabang (Bandung)
CASE-0127,Barang Ditempatkan,2026-05-07 08:30:00,BRG-127,Air Purifier HEPA,Peralatan Rumah Tangga,2641000,3160000,72,PT Indo Sarana,Gudang Cabang (Bandung)
CASE-0127,Stok Dicatat,2026-05-07 08:45:00,BRG-127,Air Purifier HEPA,Peralatan Rumah Tangga,2641000,3160000,72,PT Indo Sarana,Gudang Cabang (Bandung)
CASE-0128,Data Barang Dibuat,2026-05-08 08:00:00,BRG-128,Air Purifier HEPA,Peralatan Rumah Tangga,2342000,2798000,43,PT Mega Elektronik,Gudang Cabang (Bandung)
CASE-0128,Data Barang Diverifikasi,2026-05-08 08:15:00,BRG-128,Air Purifier HEPA,Peralatan Rumah Tangga,2342000,2798000,43,PT Mega Elektronik,Gudang Cabang (Bandung)
CASE-0128,Barang Ditempatkan,2026-05-08 08:30:00,BRG-128,Air Purifier HEPA,Peralatan Rumah Tangga,2342000,2798000,43,PT Mega Elektronik,Gudang Cabang (Bandung)
CASE-0128,Stok Dicatat,2026-05-08 08:45:00,BRG-128,Air Purifier HEPA,Peralatan Rumah Tangga,2342000,2798000,43,PT Mega Elektronik,Gudang Cabang (Bandung)
CASE-0129,Data Barang Dibuat,2026-05-09 08:00:00,BRG-129,Laptop Gaming Pro,Elektronik,14783000,19343000,157,PT Indo Sarana,Gudang Cabang (Surabaya)
CASE-0129,Data Barang Diverifikasi,2026-05-09 08:15:00,BRG-129,Laptop Gaming Pro,Elektronik,14783000,19343000,157,PT Indo Sarana,Gudang Cabang (Surabaya)
CASE-0129,Barang Ditempatkan,2026-05-09 08:30:00,BRG-129,Laptop Gaming Pro,Elektronik,14783000,19343000,157,PT Indo Sarana,Gudang Cabang (Surabaya)
CASE-0129,Stok Dicatat,2026-05-09 08:45:00,BRG-129,Laptop Gaming Pro,Elektronik,14783000,19343000,157,PT Indo Sarana,Gudang Cabang (Surabaya)
CASE-0130,Data Barang Dibuat,2026-05-10 08:00:00,BRG-130,Air Purifier HEPA,Peralatan Rumah Tangga,2182000,2809000,184,PT Mandiri Utama,Gudang Cabang (Surabaya)
CASE-0130,Data Barang Diverifikasi,2026-05-10 08:15:00,BRG-130,Air Purifier HEPA,Peralatan Rumah Tangga,2182000,2809000,184,PT Mandiri Utama,Gudang Cabang (Surabaya)
CASE-0130,Barang Ditempatkan,2026-05-10 08:30:00,BRG-130,Air Purifier HEPA,Peralatan Rumah Tangga,2182000,2809000,184,PT Mandiri Utama,Gudang Cabang (Surabaya)
CASE-0130,Stok Dicatat,2026-05-10 08:45:00,BRG-130,Air Purifier HEPA,Peralatan Rumah Tangga,2182000,2809000,184,PT Mandiri Utama,Gudang Cabang (Surabaya)
CASE-0131,Data Barang Dibuat,2026-05-11 08:00:00,BRG-131,NAS Storage 2-Bay,Peralatan Jaringan,4336000,5056000,15,PT Mandiri Utama,Gudang Cabang (Surabaya)
CASE-0131,Data Barang Diverifikasi,2026-05-11 08:15:00,BRG-131,NAS Storage 2-Bay,Peralatan Jaringan,4336000,5056000,15,PT Mandiri Utama,Gudang Cabang (Surabaya)
CASE-0131,Barang Ditempatkan,2026-05-11 08:30:00,BRG-131,NAS Storage 2-Bay,Peralatan Jaringan,4336000,5056000,15,PT Mandiri Utama,Gudang Cabang (Surabaya)
CASE-0131,Stok Dicatat,2026-05-11 08:45:00,BRG-131,NAS Storage 2-Bay,Peralatan Jaringan,4336000,5056000,15,PT Mandiri Utama,Gudang Cabang (Surabaya)
CASE-0132,Data Barang Dibuat,2026-05-12 08:00:00,BRG-132,Access Point Enterprise,Peralatan Jaringan,1254000,1465000,177,CV Bina Logistik,Gudang Utama (Jakarta)
CASE-0132,Data Barang Diverifikasi,2026-05-12 08:15:00,BRG-132,Access Point Enterprise,Peralatan Jaringan,1254000,1465000,177,CV Bina Logistik,Gudang Utama (Jakarta)
CASE-0132,Barang Ditempatkan,2026-05-12 08:30:00,BRG-132,Access Point Enterprise,Peralatan Jaringan,1254000,1465000,177,CV Bina Logistik,Gudang Utama (Jakarta)
CASE-0132,Stok Dicatat,2026-05-12 08:45:00,BRG-132,Access Point Enterprise,Peralatan Jaringan,1254000,1465000,177,CV Bina Logistik,Gudang Utama (Jakarta)
CASE-0133,Data Barang Dibuat,2026-05-13 08:00:00,BRG-133,Proyektor Portable,Peralatan Kantor,2368000,3084000,49,PT Mandiri Utama,Gudang Cabang (Medan)
CASE-0133,Data Barang Diverifikasi,2026-05-13 08:15:00,BRG-133,Proyektor Portable,Peralatan Kantor,2368000,3084000,49,PT Mandiri Utama,Gudang Cabang (Medan)
CASE-0133,Barang Ditempatkan,2026-05-13 08:30:00,BRG-133,Proyektor Portable,Peralatan Kantor,2368000,3084000,49,PT Mandiri Utama,Gudang Cabang (Medan)
CASE-0133,Stok Dicatat,2026-05-13 08:45:00,BRG-133,Proyektor Portable,Peralatan Kantor,2368000,3084000,49,PT Mandiri Utama,Gudang Cabang (Medan)
CASE-0134,Data Barang Dibuat,2026-05-14 08:00:00,BRG-134,Meja Stand-Desk Auto,Peralatan Kantor,4955000,6130000,213,PT Mandiri Utama,Gudang Utama (Jakarta)
CASE-0134,Data Barang Diverifikasi,2026-05-14 08:15:00,BRG-134,Meja Stand-Desk Auto,Peralatan Kantor,4955000,6130000,213,PT Mandiri Utama,Gudang Utama (Jakarta)
CASE-0134,Barang Ditempatkan,2026-05-14 08:30:00,BRG-134,Meja Stand-Desk Auto,Peralatan Kantor,4955000,6130000,213,PT Mandiri Utama,Gudang Utama (Jakarta)
CASE-0134,Stok Dicatat,2026-05-14 08:45:00,BRG-134,Meja Stand-Desk Auto,Peralatan Kantor,4955000,6130000,213,PT Mandiri Utama,Gudang Utama (Jakarta)
CASE-0135,Data Barang Dibuat,2026-05-15 08:00:00,BRG-135,Robot Vacuum Cleaner,Peralatan Rumah Tangga,3712000,4516000,176,PT Techindo Jaya,Gudang Cabang (Bandung)
CASE-0135,Data Barang Diverifikasi,2026-05-15 08:15:00,BRG-135,Robot Vacuum Cleaner,Peralatan Rumah Tangga,3712000,4516000,176,PT Techindo Jaya,Gudang Cabang (Bandung)
CASE-0135,Barang Ditempatkan,2026-05-15 08:30:00,BRG-135,Robot Vacuum Cleaner,Peralatan Rumah Tangga,3712000,4516000,176,PT Techindo Jaya,Gudang Cabang (Bandung)
CASE-0135,Stok Dicatat,2026-05-15 08:45:00,BRG-135,Robot Vacuum Cleaner,Peralatan Rumah Tangga,3712000,4516000,176,PT Techindo Jaya,Gudang Cabang (Bandung)
CASE-0136,Data Barang Dibuat,2026-05-16 08:00:00,BRG-136,Paper Shredder Heavy-Duty,Peralatan Kantor,1839000,2220000,246,PT Mandiri Utama,Gudang Utama (Jakarta)
CASE-0136,Data Barang Diverifikasi,2026-05-16 08:15:00,BRG-136,Paper Shredder Heavy-Duty,Peralatan Kantor,1839000,2220000,246,PT Mandiri Utama,Gudang Utama (Jakarta)
CASE-0136,Barang Ditempatkan,2026-05-16 08:30:00,BRG-136,Paper Shredder Heavy-Duty,Peralatan Kantor,1839000,2220000,246,PT Mandiri Utama,Gudang Utama (Jakarta)
CASE-0136,Stok Dicatat,2026-05-16 08:45:00,BRG-136,Paper Shredder Heavy-Duty,Peralatan Kantor,1839000,2220000,246,PT Mandiri Utama,Gudang Utama (Jakarta)
CASE-0137,Data Barang Dibuat,2026-05-17 08:00:00,BRG-137,Air Purifier HEPA,Peralatan Rumah Tangga,1859000,2231000,34,PT Mandiri Utama,Gudang Utama (Jakarta)
CASE-0137,Data Barang Diverifikasi,2026-05-17 08:15:00,BRG-137,Air Purifier HEPA,Peralatan Rumah Tangga,1859000,2231000,34,PT Mandiri Utama,Gudang Utama (Jakarta)
CASE-0137,Barang Ditempatkan,2026-05-17 08:30:00,BRG-137,Air Purifier HEPA,Peralatan Rumah Tangga,1859000,2231000,34,PT Mandiri Utama,Gudang Utama (Jakarta)
CASE-0137,Stok Dicatat,2026-05-17 08:45:00,BRG-137,Air Purifier HEPA,Peralatan Rumah Tangga,1859000,2231000,34,PT Mandiri Utama,Gudang Utama (Jakarta)
CASE-0138,Data Barang Dibuat,2026-05-18 08:00:00,BRG-138,NAS Storage 2-Bay,Peralatan Jaringan,4233000,4913000,137,PT Mega Elektronik,Gudang Cabang (Medan)
CASE-0138,Data Barang Diverifikasi,2026-05-18 08:15:00,BRG-138,NAS Storage 2-Bay,Peralatan Jaringan,4233000,4913000,137,PT Mega Elektronik,Gudang Cabang (Medan)
CASE-0138,Barang Ditempatkan,2026-05-18 08:30:00,BRG-138,NAS Storage 2-Bay,Peralatan Jaringan,4233000,4913000,137,PT Mega Elektronik,Gudang Cabang (Medan)
CASE-0138,Stok Dicatat,2026-05-18 08:45:00,BRG-138,NAS Storage 2-Bay,Peralatan Jaringan,4233000,4913000,137,PT Mega Elektronik,Gudang Cabang (Medan)
CASE-0139,Data Barang Dibuat,2026-05-19 08:00:00,BRG-139,Air Purifier HEPA,Peralatan Rumah Tangga,1626000,1956000,38,PT Mega Elektronik,Gudang Cabang (Medan)
CASE-0139,Data Barang Diverifikasi,2026-05-19 08:15:00,BRG-139,Air Purifier HEPA,Peralatan Rumah Tangga,1626000,1956000,38,PT Mega Elektronik,Gudang Cabang (Medan)
CASE-0139,Barang Ditempatkan,2026-05-19 08:30:00,BRG-139,Air Purifier HEPA,Peralatan Rumah Tangga,1626000,1956000,38,PT Mega Elektronik,Gudang Cabang (Medan)
CASE-0139,Stok Dicatat,2026-05-19 08:45:00,BRG-139,Air Purifier HEPA,Peralatan Rumah Tangga,1626000,1956000,38,PT Mega Elektronik,Gudang Cabang (Medan)
CASE-0140,Data Barang Dibuat,2026-05-20 08:00:00,BRG-140,Air Purifier HEPA,Peralatan Rumah Tangga,1260000,1694000,160,CV Sentosa Perkasa,Gudang Cabang (Bandung)
CASE-0140,Data Barang Diverifikasi,2026-05-20 08:15:00,BRG-140,Air Purifier HEPA,Peralatan Rumah Tangga,1260000,1694000,160,CV Sentosa Perkasa,Gudang Cabang (Bandung)
CASE-0140,Barang Ditempatkan,2026-05-20 08:30:00,BRG-140,Air Purifier HEPA,Peralatan Rumah Tangga,1260000,1694000,160,CV Sentosa Perkasa,Gudang Cabang (Bandung)
CASE-0140,Stok Dicatat,2026-05-20 08:45:00,BRG-140,Air Purifier HEPA,Peralatan Rumah Tangga,1260000,1694000,160,CV Sentosa Perkasa,Gudang Cabang (Bandung)
CASE-0141,Data Barang Dibuat,2026-05-21 08:00:00,BRG-141,Proyektor Portable,Peralatan Kantor,2257000,2844000,28,CV Sentosa Perkasa,Gudang Utama (Jakarta)
CASE-0141,Data Barang Diverifikasi,2026-05-21 08:15:00,BRG-141,Proyektor Portable,Peralatan Kantor,2257000,2844000,28,CV Sentosa Perkasa,Gudang Utama (Jakarta)
CASE-0141,Barang Ditempatkan,2026-05-21 08:30:00,BRG-141,Proyektor Portable,Peralatan Kantor,2257000,2844000,28,CV Sentosa Perkasa,Gudang Utama (Jakarta)
CASE-0141,Stok Dicatat,2026-05-21 08:45:00,BRG-141,Proyektor Portable,Peralatan Kantor,2257000,2844000,28,CV Sentosa Perkasa,Gudang Utama (Jakarta)
CASE-0142,Data Barang Dibuat,2026-05-22 08:00:00,BRG-142,Air Purifier HEPA,Peralatan Rumah Tangga,2558000,3367000,132,PT Indo Sarana,Gudang Cabang (Surabaya)
CASE-0142,Data Barang Diverifikasi,2026-05-22 08:15:00,BRG-142,Air Purifier HEPA,Peralatan Rumah Tangga,2558000,3367000,132,PT Indo Sarana,Gudang Cabang (Surabaya)
CASE-0142,Barang Ditempatkan,2026-05-22 08:30:00,BRG-142,Air Purifier HEPA,Peralatan Rumah Tangga,2558000,3367000,132,PT Indo Sarana,Gudang Cabang (Surabaya)
CASE-0142,Stok Dicatat,2026-05-22 08:45:00,BRG-142,Air Purifier HEPA,Peralatan Rumah Tangga,2558000,3367000,132,PT Indo Sarana,Gudang Cabang (Surabaya)
CASE-0143,Data Barang Dibuat,2026-05-23 08:00:00,BRG-143,Access Point Enterprise,Peralatan Jaringan,2071000,2727000,125,CV Sentosa Perkasa,Gudang Cabang (Medan)
CASE-0143,Data Barang Diverifikasi,2026-05-23 08:15:00,BRG-143,Access Point Enterprise,Peralatan Jaringan,2071000,2727000,125,CV Sentosa Perkasa,Gudang Cabang (Medan)
CASE-0143,Barang Ditempatkan,2026-05-23 08:30:00,BRG-143,Access Point Enterprise,Peralatan Jaringan,2071000,2727000,125,CV Sentosa Perkasa,Gudang Cabang (Medan)
CASE-0143,Stok Dicatat,2026-05-23 08:45:00,BRG-143,Access Point Enterprise,Peralatan Jaringan,2071000,2727000,125,CV Sentosa Perkasa,Gudang Cabang (Medan)
CASE-0144,Data Barang Dibuat,2026-05-24 08:00:00,BRG-144,Switch Gigabit 16-Port,Peralatan Jaringan,1102000,1309000,158,CV Bina Logistik,Gudang Cabang (Bandung)
CASE-0144,Data Barang Diverifikasi,2026-05-24 08:15:00,BRG-144,Switch Gigabit 16-Port,Peralatan Jaringan,1102000,1309000,158,CV Bina Logistik,Gudang Cabang (Bandung)
CASE-0144,Barang Ditempatkan,2026-05-24 08:30:00,BRG-144,Switch Gigabit 16-Port,Peralatan Jaringan,1102000,1309000,158,CV Bina Logistik,Gudang Cabang (Bandung)
CASE-0144,Stok Dicatat,2026-05-24 08:45:00,BRG-144,Switch Gigabit 16-Port,Peralatan Jaringan,1102000,1309000,158,CV Bina Logistik,Gudang Cabang (Bandung)
CASE-0145,Data Barang Dibuat,2026-05-25 08:00:00,BRG-145,Monitor 4K 27 Inch,Elektronik,6740000,8815000,111,PT Mega Elektronik,Gudang Cabang (Surabaya)
CASE-0145,Data Barang Diverifikasi,2026-05-25 08:15:00,BRG-145,Monitor 4K 27 Inch,Elektronik,6740000,8815000,111,PT Mega Elektronik,Gudang Cabang (Surabaya)
CASE-0145,Barang Ditempatkan,2026-05-25 08:30:00,BRG-145,Monitor 4K 27 Inch,Elektronik,6740000,8815000,111,PT Mega Elektronik,Gudang Cabang (Surabaya)
CASE-0145,Stok Dicatat,2026-05-25 08:45:00,BRG-145,Monitor 4K 27 Inch,Elektronik,6740000,8815000,111,PT Mega Elektronik,Gudang Cabang (Surabaya)
CASE-0146,Data Barang Dibuat,2026-05-26 08:00:00,BRG-146,Monitor 4K 27 Inch,Elektronik,6545000,7917000,155,CV Bina Logistik,Gudang Cabang (Medan)
CASE-0146,Data Barang Diverifikasi,2026-05-26 08:15:00,BRG-146,Monitor 4K 27 Inch,Elektronik,6545000,7917000,155,CV Bina Logistik,Gudang Cabang (Medan)
CASE-0146,Barang Ditempatkan,2026-05-26 08:30:00,BRG-146,Monitor 4K 27 Inch,Elektronik,6545000,7917000,155,CV Bina Logistik,Gudang Cabang (Medan)
CASE-0146,Stok Dicatat,2026-05-26 08:45:00,BRG-146,Monitor 4K 27 Inch,Elektronik,6545000,7917000,155,CV Bina Logistik,Gudang Cabang (Medan)
CASE-0147,Data Barang Dibuat,2026-05-27 08:00:00,BRG-147,Webcam HD 1080p,Aksesoris Komputer,532000,663000,90,CV Bina Logistik,Gudang Cabang (Medan)
CASE-0147,Data Barang Diverifikasi,2026-05-27 08:15:00,BRG-147,Webcam HD 1080p,Aksesoris Komputer,532000,663000,90,CV Bina Logistik,Gudang Cabang (Medan)
CASE-0147,Barang Ditempatkan,2026-05-27 08:30:00,BRG-147,Webcam HD 1080p,Aksesoris Komputer,532000,663000,90,CV Bina Logistik,Gudang Cabang (Medan)
CASE-0147,Stok Dicatat,2026-05-27 08:45:00,BRG-147,Webcam HD 1080p,Aksesoris Komputer,532000,663000,90,CV Bina Logistik,Gudang Cabang (Medan)
CASE-0148,Data Barang Dibuat,2026-05-28 08:00:00,BRG-148,Robot Vacuum Cleaner,Peralatan Rumah Tangga,5647000,6707000,183,CV Sentosa Perkasa,Gudang Cabang (Medan)
CASE-0148,Data Barang Diverifikasi,2026-05-28 08:15:00,BRG-148,Robot Vacuum Cleaner,Peralatan Rumah Tangga,5647000,6707000,183,CV Sentosa Perkasa,Gudang Cabang (Medan)
CASE-0148,Barang Ditempatkan,2026-05-28 08:30:00,BRG-148,Robot Vacuum Cleaner,Peralatan Rumah Tangga,5647000,6707000,183,CV Sentosa Perkasa,Gudang Cabang (Medan)
CASE-0148,Stok Dicatat,2026-05-28 08:45:00,BRG-148,Robot Vacuum Cleaner,Peralatan Rumah Tangga,5647000,6707000,183,CV Sentosa Perkasa,Gudang Cabang (Medan)
CASE-0149,Data Barang Dibuat,2026-05-29 08:00:00,BRG-149,Webcam HD 1080p,Aksesoris Komputer,272000,330000,126,PT Indo Sarana,Gudang Cabang (Medan)
CASE-0149,Data Barang Diverifikasi,2026-05-29 08:15:00,BRG-149,Webcam HD 1080p,Aksesoris Komputer,272000,330000,126,PT Indo Sarana,Gudang Cabang (Medan)
CASE-0149,Barang Ditempatkan,2026-05-29 08:30:00,BRG-149,Webcam HD 1080p,Aksesoris Komputer,272000,330000,126,PT Indo Sarana,Gudang Cabang (Medan)
CASE-0149,Stok Dicatat,2026-05-29 08:45:00,BRG-149,Webcam HD 1080p,Aksesoris Komputer,272000,330000,126,PT Indo Sarana,Gudang Cabang (Medan)
CASE-0150,Data Barang Dibuat,2026-05-30 08:00:00,BRG-150,Mesin Kopi Espresso,Peralatan Rumah Tangga,3577000,4803000,37,CV Bina Logistik,Gudang Cabang (Surabaya)
CASE-0150,Data Barang Diverifikasi,2026-05-30 08:15:00,BRG-150,Mesin Kopi Espresso,Peralatan Rumah Tangga,3577000,4803000,37,CV Bina Logistik,Gudang Cabang (Surabaya)
CASE-0150,Barang Ditempatkan,2026-05-30 08:30:00,BRG-150,Mesin Kopi Espresso,Peralatan Rumah Tangga,3577000,4803000,37,CV Bina Logistik,Gudang Cabang (Surabaya)
CASE-0150,Stok Dicatat,2026-05-30 08:45:00,BRG-150,Mesin Kopi Espresso,Peralatan Rumah Tangga,3577000,4803000,37,CV Bina Logistik,Gudang Cabang (Surabaya)
CASE-0151,Data Barang Dibuat,2026-05-31 08:00:00,BRG-151,Smart TV 55 Inch,Elektronik,5836000,7325000,121,PT Techindo Jaya,Gudang Cabang (Bandung)
CASE-0151,Data Barang Diverifikasi,2026-05-31 08:15:00,BRG-151,Smart TV 55 Inch,Elektronik,5836000,7325000,121,PT Techindo Jaya,Gudang Cabang (Bandung)
CASE-0151,Barang Ditempatkan,2026-05-31 08:30:00,BRG-151,Smart TV 55 Inch,Elektronik,5836000,7325000,121,PT Techindo Jaya,Gudang Cabang (Bandung)
CASE-0151,Stok Dicatat,2026-05-31 08:45:00,BRG-151,Smart TV 55 Inch,Elektronik,5836000,7325000,121,PT Techindo Jaya,Gudang Cabang (Bandung)
CASE-0152,Data Barang Dibuat,2026-06-01 08:00:00,BRG-152,Mesin Kopi Espresso,Peralatan Rumah Tangga,1813000,2255000,72,PT Mega Elektronik,Gudang Cabang (Medan)
CASE-0152,Data Barang Diverifikasi,2026-06-01 08:15:00,BRG-152,Mesin Kopi Espresso,Peralatan Rumah Tangga,1813000,2255000,72,PT Mega Elektronik,Gudang Cabang (Medan)
CASE-0152,Barang Ditempatkan,2026-06-01 08:30:00,BRG-152,Mesin Kopi Espresso,Peralatan Rumah Tangga,1813000,2255000,72,PT Mega Elektronik,Gudang Cabang (Medan)
CASE-0152,Stok Dicatat,2026-06-01 08:45:00,BRG-152,Mesin Kopi Espresso,Peralatan Rumah Tangga,1813000,2255000,72,PT Mega Elektronik,Gudang Cabang (Medan)
CASE-0153,Data Barang Dibuat,2026-06-02 08:00:00,BRG-153,Monitor 4K 27 Inch,Elektronik,6328000,8364000,102,PT Mega Elektronik,Gudang Cabang (Medan)
CASE-0153,Data Barang Diverifikasi,2026-06-02 08:15:00,BRG-153,Monitor 4K 27 Inch,Elektronik,6328000,8364000,102,PT Mega Elektronik,Gudang Cabang (Medan)
CASE-0153,Barang Ditempatkan,2026-06-02 08:30:00,BRG-153,Monitor 4K 27 Inch,Elektronik,6328000,8364000,102,PT Mega Elektronik,Gudang Cabang (Medan)
CASE-0153,Stok Dicatat,2026-06-02 08:45:00,BRG-153,Monitor 4K 27 Inch,Elektronik,6328000,8364000,102,PT Mega Elektronik,Gudang Cabang (Medan)
CASE-0154,Data Barang Dibuat,2026-06-03 08:00:00,BRG-154,Router Wi-Fi 6,Peralatan Jaringan,743000,889000,180,PT Mega Elektronik,Gudang Cabang (Bandung)
CASE-0154,Data Barang Diverifikasi,2026-06-03 08:15:00,BRG-154,Router Wi-Fi 6,Peralatan Jaringan,743000,889000,180,PT Mega Elektronik,Gudang Cabang (Bandung)
CASE-0154,Barang Ditempatkan,2026-06-03 08:30:00,BRG-154,Router Wi-Fi 6,Peralatan Jaringan,743000,889000,180,PT Mega Elektronik,Gudang Cabang (Bandung)
CASE-0154,Stok Dicatat,2026-06-03 08:45:00,BRG-154,Router Wi-Fi 6,Peralatan Jaringan,743000,889000,180,PT Mega Elektronik,Gudang Cabang (Bandung)
CASE-0155,Data Barang Dibuat,2026-06-04 08:00:00,BRG-155,Smart TV 55 Inch,Elektronik,5825000,7584000,185,PT Techindo Jaya,Gudang Cabang (Medan)
CASE-0155,Data Barang Diverifikasi,2026-06-04 08:15:00,BRG-155,Smart TV 55 Inch,Elektronik,5825000,7584000,185,PT Techindo Jaya,Gudang Cabang (Medan)
CASE-0155,Barang Ditempatkan,2026-06-04 08:30:00,BRG-155,Smart TV 55 Inch,Elektronik,5825000,7584000,185,PT Techindo Jaya,Gudang Cabang (Medan)
CASE-0155,Stok Dicatat,2026-06-04 08:45:00,BRG-155,Smart TV 55 Inch,Elektronik,5825000,7584000,185,PT Techindo Jaya,Gudang Cabang (Medan)
CASE-0156,Data Barang Dibuat,2026-06-05 08:00:00,BRG-156,Headset Gaming 7.1,Aksesoris Komputer,330000,382000,208,PT Techindo Jaya,Gudang Cabang (Surabaya)
CASE-0156,Data Barang Diverifikasi,2026-06-05 08:15:00,BRG-156,Headset Gaming 7.1,Aksesoris Komputer,330000,382000,208,PT Techindo Jaya,Gudang Cabang (Surabaya)
CASE-0156,Barang Ditempatkan,2026-06-05 08:30:00,BRG-156,Headset Gaming 7.1,Aksesoris Komputer,330000,382000,208,PT Techindo Jaya,Gudang Cabang (Surabaya)
CASE-0156,Stok Dicatat,2026-06-05 08:45:00,BRG-156,Headset Gaming 7.1,Aksesoris Komputer,330000,382000,208,PT Techindo Jaya,Gudang Cabang (Surabaya)
CASE-0157,Data Barang Dibuat,2026-06-06 08:00:00,BRG-157,Printer Laser Multifungsi,Peralatan Kantor,3606000,4251000,140,PT Mandiri Utama,Gudang Cabang (Bandung)
CASE-0157,Data Barang Diverifikasi,2026-06-06 08:15:00,BRG-157,Printer Laser Multifungsi,Peralatan Kantor,3606000,4251000,140,PT Mandiri Utama,Gudang Cabang (Bandung)
CASE-0157,Barang Ditempatkan,2026-06-06 08:30:00,BRG-157,Printer Laser Multifungsi,Peralatan Kantor,3606000,4251000,140,PT Mandiri Utama,Gudang Cabang (Bandung)
CASE-0157,Stok Dicatat,2026-06-06 08:45:00,BRG-157,Printer Laser Multifungsi,Peralatan Kantor,3606000,4251000,140,PT Mandiri Utama,Gudang Cabang (Bandung)
CASE-0158,Data Barang Dibuat,2026-06-07 08:00:00,BRG-158,Keyboard Mekanikal,Aksesoris Komputer,482000,613000,102,CV Bina Logistik,Gudang Cabang (Bandung)
CASE-0158,Data Barang Diverifikasi,2026-06-07 08:15:00,BRG-158,Keyboard Mekanikal,Aksesoris Komputer,482000,613000,102,CV Bina Logistik,Gudang Cabang (Bandung)
CASE-0158,Barang Ditempatkan,2026-06-07 08:30:00,BRG-158,Keyboard Mekanikal,Aksesoris Komputer,482000,613000,102,CV Bina Logistik,Gudang Cabang (Bandung)
CASE-0158,Stok Dicatat,2026-06-07 08:45:00,BRG-158,Keyboard Mekanikal,Aksesoris Komputer,482000,613000,102,CV Bina Logistik,Gudang Cabang (Bandung)
CASE-0159,Data Barang Dibuat,2026-06-08 08:00:00,BRG-159,Blender High Power,Peralatan Rumah Tangga,550000,658000,168,PT Mega Elektronik,Gudang Cabang (Medan)
CASE-0159,Data Barang Diverifikasi,2026-06-08 08:15:00,BRG-159,Blender High Power,Peralatan Rumah Tangga,550000,658000,168,PT Mega Elektronik,Gudang Cabang (Medan)
CASE-0159,Barang Ditempatkan,2026-06-08 08:30:00,BRG-159,Blender High Power,Peralatan Rumah Tangga,550000,658000,168,PT Mega Elektronik,Gudang Cabang (Medan)
CASE-0159,Stok Dicatat,2026-06-08 08:45:00,BRG-159,Blender High Power,Peralatan Rumah Tangga,550000,658000,168,PT Mega Elektronik,Gudang Cabang (Medan)
CASE-0160,Data Barang Dibuat,2026-06-09 08:00:00,BRG-160,Kursi Ergonomis,Peralatan Kantor,3151000,4191000,178,CV Bina Logistik,Gudang Cabang (Bandung)
CASE-0160,Data Barang Diverifikasi,2026-06-09 08:15:00,BRG-160,Kursi Ergonomis,Peralatan Kantor,3151000,4191000,178,CV Bina Logistik,Gudang Cabang (Bandung)
CASE-0160,Barang Ditempatkan,2026-06-09 08:30:00,BRG-160,Kursi Ergonomis,Peralatan Kantor,3151000,4191000,178,CV Bina Logistik,Gudang Cabang (Bandung)
CASE-0160,Stok Dicatat,2026-06-09 08:45:00,BRG-160,Kursi Ergonomis,Peralatan Kantor,3151000,4191000,178,CV Bina Logistik,Gudang Cabang (Bandung)
CASE-0161,Data Barang Dibuat,2026-06-10 08:00:00,BRG-161,Smart TV 55 Inch,Elektronik,7898000,10642000,81,PT Indo Sarana,Gudang Cabang (Medan)
CASE-0161,Data Barang Diverifikasi,2026-06-10 08:15:00,BRG-161,Smart TV 55 Inch,Elektronik,7898000,10642000,81,PT Indo Sarana,Gudang Cabang (Medan)
CASE-0161,Barang Ditempatkan,2026-06-10 08:30:00,BRG-161,Smart TV 55 Inch,Elektronik,7898000,10642000,81,PT Indo Sarana,Gudang Cabang (Medan)
CASE-0161,Stok Dicatat,2026-06-10 08:45:00,BRG-161,Smart TV 55 Inch,Elektronik,7898000,10642000,81,PT Indo Sarana,Gudang Cabang (Medan)
CASE-0162,Data Barang Dibuat,2026-06-11 08:00:00,BRG-162,Paper Shredder Heavy-Duty,Peralatan Kantor,1433000,1705000,103,PT Mandiri Utama,Gudang Utama (Jakarta)
CASE-0162,Data Barang Diverifikasi,2026-06-11 08:15:00,BRG-162,Paper Shredder Heavy-Duty,Peralatan Kantor,1433000,1705000,103,PT Mandiri Utama,Gudang Utama (Jakarta)
CASE-0162,Barang Ditempatkan,2026-06-11 08:30:00,BRG-162,Paper Shredder Heavy-Duty,Peralatan Kantor,1433000,1705000,103,PT Mandiri Utama,Gudang Utama (Jakarta)
CASE-0162,Stok Dicatat,2026-06-11 08:45:00,BRG-162,Paper Shredder Heavy-Duty,Peralatan Kantor,1433000,1705000,103,PT Mandiri Utama,Gudang Utama (Jakarta)
CASE-0163,Data Barang Dibuat,2026-06-12 08:00:00,BRG-163,Webcam HD 1080p,Aksesoris Komputer,549000,670000,80,PT Indo Sarana,Gudang Cabang (Surabaya)
CASE-0163,Data Barang Diverifikasi,2026-06-12 08:15:00,BRG-163,Webcam HD 1080p,Aksesoris Komputer,549000,670000,80,PT Indo Sarana,Gudang Cabang (Surabaya)
CASE-0163,Barang Ditempatkan,2026-06-12 08:30:00,BRG-163,Webcam HD 1080p,Aksesoris Komputer,549000,670000,80,PT Indo Sarana,Gudang Cabang (Surabaya)
CASE-0163,Stok Dicatat,2026-06-12 08:45:00,BRG-163,Webcam HD 1080p,Aksesoris Komputer,549000,670000,80,PT Indo Sarana,Gudang Cabang (Surabaya)
CASE-0164,Data Barang Dibuat,2026-06-13 08:00:00,BRG-164,Smart TV 55 Inch,Elektronik,7302000,8409000,226,PT Indo Sarana,Gudang Utama (Jakarta)
CASE-0164,Data Barang Diverifikasi,2026-06-13 08:15:00,BRG-164,Smart TV 55 Inch,Elektronik,7302000,8409000,226,PT Indo Sarana,Gudang Utama (Jakarta)
CASE-0164,Barang Ditempatkan,2026-06-13 08:30:00,BRG-164,Smart TV 55 Inch,Elektronik,7302000,8409000,226,PT Indo Sarana,Gudang Utama (Jakarta)
CASE-0164,Stok Dicatat,2026-06-13 08:45:00,BRG-164,Smart TV 55 Inch,Elektronik,7302000,8409000,226,PT Indo Sarana,Gudang Utama (Jakarta)
CASE-0165,Data Barang Dibuat,2026-06-14 08:00:00,BRG-165,NAS Storage 2-Bay,Peralatan Jaringan,3700000,4829000,63,CV Bina Logistik,Gudang Cabang (Surabaya)
CASE-0165,Data Barang Diverifikasi,2026-06-14 08:15:00,BRG-165,NAS Storage 2-Bay,Peralatan Jaringan,3700000,4829000,63,CV Bina Logistik,Gudang Cabang (Surabaya)
CASE-0165,Barang Ditempatkan,2026-06-14 08:30:00,BRG-165,NAS Storage 2-Bay,Peralatan Jaringan,3700000,4829000,63,CV Bina Logistik,Gudang Cabang (Surabaya)
CASE-0165,Stok Dicatat,2026-06-14 08:45:00,BRG-165,NAS Storage 2-Bay,Peralatan Jaringan,3700000,4829000,63,CV Bina Logistik,Gudang Cabang (Surabaya)
CASE-0166,Data Barang Dibuat,2026-06-15 08:00:00,BRG-166,Keyboard Mekanikal,Aksesoris Komputer,1051000,1261000,198,PT Indo Sarana,Gudang Cabang (Bandung)
CASE-0166,Data Barang Diverifikasi,2026-06-15 08:15:00,BRG-166,Keyboard Mekanikal,Aksesoris Komputer,1051000,1261000,198,PT Indo Sarana,Gudang Cabang (Bandung)
CASE-0166,Barang Ditempatkan,2026-06-15 08:30:00,BRG-166,Keyboard Mekanikal,Aksesoris Komputer,1051000,1261000,198,PT Indo Sarana,Gudang Cabang (Bandung)
CASE-0166,Stok Dicatat,2026-06-15 08:45:00,BRG-166,Keyboard Mekanikal,Aksesoris Komputer,1051000,1261000,198,PT Indo Sarana,Gudang Cabang (Bandung)
CASE-0167,Data Barang Dibuat,2026-06-16 08:00:00,BRG-167,Laptop Gaming Pro,Elektronik,17183000,22470000,13,CV Bina Logistik,Gudang Cabang (Surabaya)
CASE-0167,Data Barang Diverifikasi,2026-06-16 08:15:00,BRG-167,Laptop Gaming Pro,Elektronik,17183000,22470000,13,CV Bina Logistik,Gudang Cabang (Surabaya)
CASE-0167,Barang Ditempatkan,2026-06-16 08:30:00,BRG-167,Laptop Gaming Pro,Elektronik,17183000,22470000,13,CV Bina Logistik,Gudang Cabang (Surabaya)
CASE-0167,Stok Dicatat,2026-06-16 08:45:00,BRG-167,Laptop Gaming Pro,Elektronik,17183000,22470000,13,CV Bina Logistik,Gudang Cabang (Surabaya)
CASE-0168,Data Barang Dibuat,2026-06-17 08:00:00,BRG-168,Mouse Wireless RGB,Aksesoris Komputer,304000,369000,111,CV Sentosa Perkasa,Gudang Cabang (Bandung)
CASE-0168,Data Barang Diverifikasi,2026-06-17 08:15:00,BRG-168,Mouse Wireless RGB,Aksesoris Komputer,304000,369000,111,CV Sentosa Perkasa,Gudang Cabang (Bandung)
CASE-0168,Barang Ditempatkan,2026-06-17 08:30:00,BRG-168,Mouse Wireless RGB,Aksesoris Komputer,304000,369000,111,CV Sentosa Perkasa,Gudang Cabang (Bandung)
CASE-0168,Stok Dicatat,2026-06-17 08:45:00,BRG-168,Mouse Wireless RGB,Aksesoris Komputer,304000,369000,111,CV Sentosa Perkasa,Gudang Cabang (Bandung)
CASE-0169,Data Barang Dibuat,2026-06-18 08:00:00,BRG-169,External SSD 1TB,Aksesoris Komputer,1483000,1862000,238,PT Mega Elektronik,Gudang Cabang (Bandung)
CASE-0169,Data Barang Diverifikasi,2026-06-18 08:15:00,BRG-169,External SSD 1TB,Aksesoris Komputer,1483000,1862000,238,PT Mega Elektronik,Gudang Cabang (Bandung)
CASE-0169,Barang Ditempatkan,2026-06-18 08:30:00,BRG-169,External SSD 1TB,Aksesoris Komputer,1483000,1862000,238,PT Mega Elektronik,Gudang Cabang (Bandung)
CASE-0169,Stok Dicatat,2026-06-18 08:45:00,BRG-169,External SSD 1TB,Aksesoris Komputer,1483000,1862000,238,PT Mega Elektronik,Gudang Cabang (Bandung)
CASE-0170,Data Barang Dibuat,2026-06-19 08:00:00,BRG-170,Paper Shredder Heavy-Duty,Peralatan Kantor,1418000,1842000,91,PT Techindo Jaya,Gudang Cabang (Medan)
CASE-0170,Data Barang Diverifikasi,2026-06-19 08:15:00,BRG-170,Paper Shredder Heavy-Duty,Peralatan Kantor,1418000,1842000,91,PT Techindo Jaya,Gudang Cabang (Medan)
CASE-0170,Barang Ditempatkan,2026-06-19 08:30:00,BRG-170,Paper Shredder Heavy-Duty,Peralatan Kantor,1418000,1842000,91,PT Techindo Jaya,Gudang Cabang (Medan)
CASE-0170,Stok Dicatat,2026-06-19 08:45:00,BRG-170,Paper Shredder Heavy-Duty,Peralatan Kantor,1418000,1842000,91,PT Techindo Jaya,Gudang Cabang (Medan)
CASE-0171,Data Barang Dibuat,2026-06-20 08:00:00,BRG-171,Smartphone Flagship,Elektronik,11785000,15580000,190,PT Indo Sarana,Gudang Cabang (Medan)
CASE-0171,Data Barang Diverifikasi,2026-06-20 08:15:00,BRG-171,Smartphone Flagship,Elektronik,11785000,15580000,190,PT Indo Sarana,Gudang Cabang (Medan)
CASE-0171,Barang Ditempatkan,2026-06-20 08:30:00,BRG-171,Smartphone Flagship,Elektronik,11785000,15580000,190,PT Indo Sarana,Gudang Cabang (Medan)
CASE-0171,Stok Dicatat,2026-06-20 08:45:00,BRG-171,Smartphone Flagship,Elektronik,11785000,15580000,190,PT Indo Sarana,Gudang Cabang (Medan)
CASE-0172,Data Barang Dibuat,2026-06-21 08:00:00,BRG-172,Access Point Enterprise,Peralatan Jaringan,1389000,1817000,8,PT Mega Elektronik,Gudang Utama (Jakarta)
CASE-0172,Data Barang Diverifikasi,2026-06-21 08:15:00,BRG-172,Access Point Enterprise,Peralatan Jaringan,1389000,1817000,8,PT Mega Elektronik,Gudang Utama (Jakarta)
CASE-0172,Barang Ditempatkan,2026-06-21 08:30:00,BRG-172,Access Point Enterprise,Peralatan Jaringan,1389000,1817000,8,PT Mega Elektronik,Gudang Utama (Jakarta)
CASE-0172,Stok Dicatat,2026-06-21 08:45:00,BRG-172,Access Point Enterprise,Peralatan Jaringan,1389000,1817000,8,PT Mega Elektronik,Gudang Utama (Jakarta)
CASE-0173,Data Barang Dibuat,2026-06-22 08:00:00,BRG-173,Robot Vacuum Cleaner,Peralatan Rumah Tangga,4822000,6267000,72,CV Bina Logistik,Gudang Cabang (Medan)
CASE-0173,Data Barang Diverifikasi,2026-06-22 08:15:00,BRG-173,Robot Vacuum Cleaner,Peralatan Rumah Tangga,4822000,6267000,72,CV Bina Logistik,Gudang Cabang (Medan)
CASE-0173,Barang Ditempatkan,2026-06-22 08:30:00,BRG-173,Robot Vacuum Cleaner,Peralatan Rumah Tangga,4822000,6267000,72,CV Bina Logistik,Gudang Cabang (Medan)
CASE-0173,Stok Dicatat,2026-06-22 08:45:00,BRG-173,Robot Vacuum Cleaner,Peralatan Rumah Tangga,4822000,6267000,72,CV Bina Logistik,Gudang Cabang (Medan)
CASE-0174,Data Barang Dibuat,2026-06-23 08:00:00,BRG-174,Kursi Ergonomis,Peralatan Kantor,2180000,2712000,163,CV Bina Logistik,Gudang Cabang (Surabaya)
CASE-0174,Data Barang Diverifikasi,2026-06-23 08:15:00,BRG-174,Kursi Ergonomis,Peralatan Kantor,2180000,2712000,163,CV Bina Logistik,Gudang Cabang (Surabaya)
CASE-0174,Barang Ditempatkan,2026-06-23 08:30:00,BRG-174,Kursi Ergonomis,Peralatan Kantor,2180000,2712000,163,CV Bina Logistik,Gudang Cabang (Surabaya)
CASE-0174,Stok Dicatat,2026-06-23 08:45:00,BRG-174,Kursi Ergonomis,Peralatan Kantor,2180000,2712000,163,CV Bina Logistik,Gudang Cabang (Surabaya)
CASE-0175,Data Barang Dibuat,2026-06-24 08:00:00,BRG-175,Switch Gigabit 16-Port,Peralatan Jaringan,1379000,1603000,215,PT Mandiri Utama,Gudang Cabang (Surabaya)
CASE-0175,Data Barang Diverifikasi,2026-06-24 08:15:00,BRG-175,Switch Gigabit 16-Port,Peralatan Jaringan,1379000,1603000,215,PT Mandiri Utama,Gudang Cabang (Surabaya)
CASE-0175,Barang Ditempatkan,2026-06-24 08:30:00,BRG-175,Switch Gigabit 16-Port,Peralatan Jaringan,1379000,1603000,215,PT Mandiri Utama,Gudang Cabang (Surabaya)
CASE-0175,Stok Dicatat,2026-06-24 08:45:00,BRG-175,Switch Gigabit 16-Port,Peralatan Jaringan,1379000,1603000,215,PT Mandiri Utama,Gudang Cabang (Surabaya)
CASE-0176,Data Barang Dibuat,2026-06-25 08:00:00,BRG-176,Air Purifier HEPA,Peralatan Rumah Tangga,1493000,1730000,14,PT Mega Elektronik,Gudang Cabang (Medan)
CASE-0176,Data Barang Diverifikasi,2026-06-25 08:15:00,BRG-176,Air Purifier HEPA,Peralatan Rumah Tangga,1493000,1730000,14,PT Mega Elektronik,Gudang Cabang (Medan)
CASE-0176,Barang Ditempatkan,2026-06-25 08:30:00,BRG-176,Air Purifier HEPA,Peralatan Rumah Tangga,1493000,1730000,14,PT Mega Elektronik,Gudang Cabang (Medan)
CASE-0176,Stok Dicatat,2026-06-25 08:45:00,BRG-176,Air Purifier HEPA,Peralatan Rumah Tangga,1493000,1730000,14,PT Mega Elektronik,Gudang Cabang (Medan)
CASE-0177,Data Barang Dibuat,2026-06-26 08:00:00,BRG-177,Laptop Gaming Pro,Elektronik,15939000,21158000,39,PT Mandiri Utama,Gudang Cabang (Medan)
CASE-0177,Data Barang Diverifikasi,2026-06-26 08:15:00,BRG-177,Laptop Gaming Pro,Elektronik,15939000,21158000,39,PT Mandiri Utama,Gudang Cabang (Medan)
CASE-0177,Barang Ditempatkan,2026-06-26 08:30:00,BRG-177,Laptop Gaming Pro,Elektronik,15939000,21158000,39,PT Mandiri Utama,Gudang Cabang (Medan)
CASE-0177,Stok Dicatat,2026-06-26 08:45:00,BRG-177,Laptop Gaming Pro,Elektronik,15939000,21158000,39,PT Mandiri Utama,Gudang Cabang (Medan)
CASE-0178,Data Barang Dibuat,2026-06-27 08:00:00,BRG-178,Proyektor Portable,Peralatan Kantor,3957000,5015000,191,CV Sentosa Perkasa,Gudang Cabang (Medan)
CASE-0178,Data Barang Diverifikasi,2026-06-27 08:15:00,BRG-178,Proyektor Portable,Peralatan Kantor,3957000,5015000,191,CV Sentosa Perkasa,Gudang Cabang (Medan)
CASE-0178,Barang Ditempatkan,2026-06-27 08:30:00,BRG-178,Proyektor Portable,Peralatan Kantor,3957000,5015000,191,CV Sentosa Perkasa,Gudang Cabang (Medan)
CASE-0178,Stok Dicatat,2026-06-27 08:45:00,BRG-178,Proyektor Portable,Peralatan Kantor,3957000,5015000,191,CV Sentosa Perkasa,Gudang Cabang (Medan)
CASE-0179,Data Barang Dibuat,2026-06-28 08:00:00,BRG-179,Smart TV 55 Inch,Elektronik,10164000,12518000,248,PT Mega Elektronik,Gudang Utama (Jakarta)
CASE-0179,Data Barang Diverifikasi,2026-06-28 08:15:00,BRG-179,Smart TV 55 Inch,Elektronik,10164000,12518000,248,PT Mega Elektronik,Gudang Utama (Jakarta)
CASE-0179,Barang Ditempatkan,2026-06-28 08:30:00,BRG-179,Smart TV 55 Inch,Elektronik,10164000,12518000,248,PT Mega Elektronik,Gudang Utama (Jakarta)
CASE-0179,Stok Dicatat,2026-06-28 08:45:00,BRG-179,Smart TV 55 Inch,Elektronik,10164000,12518000,248,PT Mega Elektronik,Gudang Utama (Jakarta)
CASE-0180,Data Barang Dibuat,2026-06-29 08:00:00,BRG-180,Meja Stand-Desk Auto,Peralatan Kantor,4359000,5400000,65,PT Mega Elektronik,Gudang Utama (Jakarta)
CASE-0180,Data Barang Diverifikasi,2026-06-29 08:15:00,BRG-180,Meja Stand-Desk Auto,Peralatan Kantor,4359000,5400000,65,PT Mega Elektronik,Gudang Utama (Jakarta)
CASE-0180,Barang Ditempatkan,2026-06-29 08:30:00,BRG-180,Meja Stand-Desk Auto,Peralatan Kantor,4359000,5400000,65,PT Mega Elektronik,Gudang Utama (Jakarta)
CASE-0180,Stok Dicatat,2026-06-29 08:45:00,BRG-180,Meja Stand-Desk Auto,Peralatan Kantor,4359000,5400000,65,PT Mega Elektronik,Gudang Utama (Jakarta)
CASE-0181,Data Barang Dibuat,2026-06-30 08:00:00,BRG-181,Proyektor Portable,Peralatan Kantor,4904000,5991000,106,PT Mega Elektronik,Gudang Cabang (Bandung)
CASE-0181,Data Barang Diverifikasi,2026-06-30 08:15:00,BRG-181,Proyektor Portable,Peralatan Kantor,4904000,5991000,106,PT Mega Elektronik,Gudang Cabang (Bandung)
CASE-0181,Barang Ditempatkan,2026-06-30 08:30:00,BRG-181,Proyektor Portable,Peralatan Kantor,4904000,5991000,106,PT Mega Elektronik,Gudang Cabang (Bandung)
CASE-0181,Stok Dicatat,2026-06-30 08:45:00,BRG-181,Proyektor Portable,Peralatan Kantor,4904000,5991000,106,PT Mega Elektronik,Gudang Cabang (Bandung)
CASE-0182,Data Barang Dibuat,2026-07-01 08:00:00,BRG-182,Smart TV 55 Inch,Elektronik,5769000,7399000,169,PT Indo Sarana,Gudang Utama (Jakarta)
CASE-0182,Data Barang Diverifikasi,2026-07-01 08:15:00,BRG-182,Smart TV 55 Inch,Elektronik,5769000,7399000,169,PT Indo Sarana,Gudang Utama (Jakarta)
CASE-0182,Barang Ditempatkan,2026-07-01 08:30:00,BRG-182,Smart TV 55 Inch,Elektronik,5769000,7399000,169,PT Indo Sarana,Gudang Utama (Jakarta)
CASE-0182,Stok Dicatat,2026-07-01 08:45:00,BRG-182,Smart TV 55 Inch,Elektronik,5769000,7399000,169,PT Indo Sarana,Gudang Utama (Jakarta)
CASE-0183,Data Barang Dibuat,2026-07-02 08:00:00,BRG-183,Monitor 4K 27 Inch,Elektronik,4521000,6093000,206,CV Bina Logistik,Gudang Cabang (Bandung)
CASE-0183,Data Barang Diverifikasi,2026-07-02 08:15:00,BRG-183,Monitor 4K 27 Inch,Elektronik,4521000,6093000,206,CV Bina Logistik,Gudang Cabang (Bandung)
CASE-0183,Barang Ditempatkan,2026-07-02 08:30:00,BRG-183,Monitor 4K 27 Inch,Elektronik,4521000,6093000,206,CV Bina Logistik,Gudang Cabang (Bandung)
CASE-0183,Stok Dicatat,2026-07-02 08:45:00,BRG-183,Monitor 4K 27 Inch,Elektronik,4521000,6093000,206,CV Bina Logistik,Gudang Cabang (Bandung)
CASE-0184,Data Barang Dibuat,2026-07-03 08:00:00,BRG-184,Tablet Grafis,Elektronik,3368000,4268000,213,CV Sentosa Perkasa,Gudang Cabang (Surabaya)
CASE-0184,Data Barang Diverifikasi,2026-07-03 08:15:00,BRG-184,Tablet Grafis,Elektronik,3368000,4268000,213,CV Sentosa Perkasa,Gudang Cabang (Surabaya)
CASE-0184,Barang Ditempatkan,2026-07-03 08:30:00,BRG-184,Tablet Grafis,Elektronik,3368000,4268000,213,CV Sentosa Perkasa,Gudang Cabang (Surabaya)
CASE-0184,Stok Dicatat,2026-07-03 08:45:00,BRG-184,Tablet Grafis,Elektronik,3368000,4268000,213,CV Sentosa Perkasa,Gudang Cabang (Surabaya)
CASE-0185,Data Barang Dibuat,2026-07-04 08:00:00,BRG-185,External SSD 1TB,Aksesoris Komputer,1102000,1328000,42,CV Sentosa Perkasa,Gudang Cabang (Surabaya)
CASE-0185,Data Barang Diverifikasi,2026-07-04 08:15:00,BRG-185,External SSD 1TB,Aksesoris Komputer,1102000,1328000,42,CV Sentosa Perkasa,Gudang Cabang (Surabaya)
CASE-0185,Barang Ditempatkan,2026-07-04 08:30:00,BRG-185,External SSD 1TB,Aksesoris Komputer,1102000,1328000,42,CV Sentosa Perkasa,Gudang Cabang (Surabaya)
CASE-0185,Stok Dicatat,2026-07-04 08:45:00,BRG-185,External SSD 1TB,Aksesoris Komputer,1102000,1328000,42,CV Sentosa Perkasa,Gudang Cabang (Surabaya)
CASE-0186,Data Barang Dibuat,2026-07-05 08:00:00,BRG-186,Mouse Wireless RGB,Aksesoris Komputer,163000,191000,96,CV Sentosa Perkasa,Gudang Cabang (Surabaya)
CASE-0186,Data Barang Diverifikasi,2026-07-05 08:15:00,BRG-186,Mouse Wireless RGB,Aksesoris Komputer,163000,191000,96,CV Sentosa Perkasa,Gudang Cabang (Surabaya)
CASE-0186,Barang Ditempatkan,2026-07-05 08:30:00,BRG-186,Mouse Wireless RGB,Aksesoris Komputer,163000,191000,96,CV Sentosa Perkasa,Gudang Cabang (Surabaya)
CASE-0186,Stok Dicatat,2026-07-05 08:45:00,BRG-186,Mouse Wireless RGB,Aksesoris Komputer,163000,191000,96,CV Sentosa Perkasa,Gudang Cabang (Surabaya)
CASE-0187,Data Barang Dibuat,2026-07-06 08:00:00,BRG-187,Smartphone Flagship,Elektronik,12452000,14450000,194,PT Mandiri Utama,Gudang Utama (Jakarta)
CASE-0187,Data Barang Diverifikasi,2026-07-06 08:15:00,BRG-187,Smartphone Flagship,Elektronik,12452000,14450000,194,PT Mandiri Utama,Gudang Utama (Jakarta)
CASE-0187,Barang Ditempatkan,2026-07-06 08:30:00,BRG-187,Smartphone Flagship,Elektronik,12452000,14450000,194,PT Mandiri Utama,Gudang Utama (Jakarta)
CASE-0187,Stok Dicatat,2026-07-06 08:45:00,BRG-187,Smartphone Flagship,Elektronik,12452000,14450000,194,PT Mandiri Utama,Gudang Utama (Jakarta)
CASE-0188,Data Barang Dibuat,2026-07-07 08:00:00,BRG-188,Smart TV 55 Inch,Elektronik,8760000,11437000,136,CV Bina Logistik,Gudang Utama (Jakarta)
CASE-0188,Data Barang Diverifikasi,2026-07-07 08:15:00,BRG-188,Smart TV 55 Inch,Elektronik,8760000,11437000,136,CV Bina Logistik,Gudang Utama (Jakarta)
CASE-0188,Barang Ditempatkan,2026-07-07 08:30:00,BRG-188,Smart TV 55 Inch,Elektronik,8760000,11437000,136,CV Bina Logistik,Gudang Utama (Jakarta)
CASE-0188,Stok Dicatat,2026-07-07 08:45:00,BRG-188,Smart TV 55 Inch,Elektronik,8760000,11437000,136,CV Bina Logistik,Gudang Utama (Jakarta)
CASE-0189,Data Barang Dibuat,2026-07-08 08:00:00,BRG-189,Blender High Power,Peralatan Rumah Tangga,632000,846000,16,PT Indo Sarana,Gudang Cabang (Surabaya)
CASE-0189,Data Barang Diverifikasi,2026-07-08 08:15:00,BRG-189,Blender High Power,Peralatan Rumah Tangga,632000,846000,16,PT Indo Sarana,Gudang Cabang (Surabaya)
CASE-0189,Barang Ditempatkan,2026-07-08 08:30:00,BRG-189,Blender High Power,Peralatan Rumah Tangga,632000,846000,16,PT Indo Sarana,Gudang Cabang (Surabaya)
CASE-0189,Stok Dicatat,2026-07-08 08:45:00,BRG-189,Blender High Power,Peralatan Rumah Tangga,632000,846000,16,PT Indo Sarana,Gudang Cabang (Surabaya)
CASE-0190,Data Barang Dibuat,2026-07-09 08:00:00,BRG-190,Air Purifier HEPA,Peralatan Rumah Tangga,1327000,1791000,221,PT Mandiri Utama,Gudang Cabang (Medan)
CASE-0190,Data Barang Diverifikasi,2026-07-09 08:15:00,BRG-190,Air Purifier HEPA,Peralatan Rumah Tangga,1327000,1791000,221,PT Mandiri Utama,Gudang Cabang (Medan)
CASE-0190,Barang Ditempatkan,2026-07-09 08:30:00,BRG-190,Air Purifier HEPA,Peralatan Rumah Tangga,1327000,1791000,221,PT Mandiri Utama,Gudang Cabang (Medan)
CASE-0190,Stok Dicatat,2026-07-09 08:45:00,BRG-190,Air Purifier HEPA,Peralatan Rumah Tangga,1327000,1791000,221,PT Mandiri Utama,Gudang Cabang (Medan)
CASE-0191,Data Barang Dibuat,2026-07-10 08:00:00,BRG-191,Smart TV 55 Inch,Elektronik,10976000,14619000,23,PT Techindo Jaya,Gudang Cabang (Surabaya)
CASE-0191,Data Barang Diverifikasi,2026-07-10 08:15:00,BRG-191,Smart TV 55 Inch,Elektronik,10976000,14619000,23,PT Techindo Jaya,Gudang Cabang (Surabaya)
CASE-0191,Barang Ditempatkan,2026-07-10 08:30:00,BRG-191,Smart TV 55 Inch,Elektronik,10976000,14619000,23,PT Techindo Jaya,Gudang Cabang (Surabaya)
CASE-0191,Stok Dicatat,2026-07-10 08:45:00,BRG-191,Smart TV 55 Inch,Elektronik,10976000,14619000,23,PT Techindo Jaya,Gudang Cabang (Surabaya)
CASE-0192,Data Barang Dibuat,2026-07-11 08:00:00,BRG-192,Switch Gigabit 16-Port,Peralatan Jaringan,768000,902000,164,PT Indo Sarana,Gudang Cabang (Surabaya)
CASE-0192,Data Barang Diverifikasi,2026-07-11 08:15:00,BRG-192,Switch Gigabit 16-Port,Peralatan Jaringan,768000,902000,164,PT Indo Sarana,Gudang Cabang (Surabaya)
CASE-0192,Barang Ditempatkan,2026-07-11 08:30:00,BRG-192,Switch Gigabit 16-Port,Peralatan Jaringan,768000,902000,164,PT Indo Sarana,Gudang Cabang (Surabaya)
CASE-0192,Stok Dicatat,2026-07-11 08:45:00,BRG-192,Switch Gigabit 16-Port,Peralatan Jaringan,768000,902000,164,PT Indo Sarana,Gudang Cabang (Surabaya)
CASE-0193,Data Barang Dibuat,2026-07-12 08:00:00,BRG-193,Blender High Power,Peralatan Rumah Tangga,956000,1155000,134,CV Bina Logistik,Gudang Cabang (Medan)
CASE-0193,Data Barang Diverifikasi,2026-07-12 08:15:00,BRG-193,Blender High Power,Peralatan Rumah Tangga,956000,1155000,134,CV Bina Logistik,Gudang Cabang (Medan)
CASE-0193,Barang Ditempatkan,2026-07-12 08:30:00,BRG-193,Blender High Power,Peralatan Rumah Tangga,956000,1155000,134,CV Bina Logistik,Gudang Cabang (Medan)
CASE-0193,Stok Dicatat,2026-07-12 08:45:00,BRG-193,Blender High Power,Peralatan Rumah Tangga,956000,1155000,134,CV Bina Logistik,Gudang Cabang (Medan)
CASE-0194,Data Barang Dibuat,2026-07-13 08:00:00,BRG-194,Laptop Gaming Pro,Elektronik,22984000,29423000,201,CV Bina Logistik,Gudang Cabang (Bandung)
CASE-0194,Data Barang Diverifikasi,2026-07-13 08:15:00,BRG-194,Laptop Gaming Pro,Elektronik,22984000,29423000,201,CV Bina Logistik,Gudang Cabang (Bandung)
CASE-0194,Barang Ditempatkan,2026-07-13 08:30:00,BRG-194,Laptop Gaming Pro,Elektronik,22984000,29423000,201,CV Bina Logistik,Gudang Cabang (Bandung)
CASE-0194,Stok Dicatat,2026-07-13 08:45:00,BRG-194,Laptop Gaming Pro,Elektronik,22984000,29423000,201,CV Bina Logistik,Gudang Cabang (Bandung)
CASE-0195,Data Barang Dibuat,2026-07-14 08:00:00,BRG-195,Microwave Digital,Peralatan Rumah Tangga,1379000,1699000,216,PT Mandiri Utama,Gudang Cabang (Medan)
CASE-0195,Data Barang Diverifikasi,2026-07-14 08:15:00,BRG-195,Microwave Digital,Peralatan Rumah Tangga,1379000,1699000,216,PT Mandiri Utama,Gudang Cabang (Medan)
CASE-0195,Barang Ditempatkan,2026-07-14 08:30:00,BRG-195,Microwave Digital,Peralatan Rumah Tangga,1379000,1699000,216,PT Mandiri Utama,Gudang Cabang (Medan)
CASE-0195,Stok Dicatat,2026-07-14 08:45:00,BRG-195,Microwave Digital,Peralatan Rumah Tangga,1379000,1699000,216,PT Mandiri Utama,Gudang Cabang (Medan)
CASE-0196,Data Barang Dibuat,2026-07-15 08:00:00,BRG-196,Air Purifier HEPA,Peralatan Rumah Tangga,1855000,2291000,175,PT Mega Elektronik,Gudang Cabang (Surabaya)
CASE-0196,Data Barang Diverifikasi,2026-07-15 08:15:00,BRG-196,Air Purifier HEPA,Peralatan Rumah Tangga,1855000,2291000,175,PT Mega Elektronik,Gudang Cabang (Surabaya)
CASE-0196,Barang Ditempatkan,2026-07-15 08:30:00,BRG-196,Air Purifier HEPA,Peralatan Rumah Tangga,1855000,2291000,175,PT Mega Elektronik,Gudang Cabang (Surabaya)
CASE-0196,Stok Dicatat,2026-07-15 08:45:00,BRG-196,Air Purifier HEPA,Peralatan Rumah Tangga,1855000,2291000,175,PT Mega Elektronik,Gudang Cabang (Surabaya)
CASE-0197,Data Barang Dibuat,2026-07-16 08:00:00,BRG-197,Webcam HD 1080p,Aksesoris Komputer,285000,332000,26,PT Techindo Jaya,Gudang Cabang (Medan)
CASE-0197,Data Barang Diverifikasi,2026-07-16 08:15:00,BRG-197,Webcam HD 1080p,Aksesoris Komputer,285000,332000,26,PT Techindo Jaya,Gudang Cabang (Medan)
CASE-0197,Barang Ditempatkan,2026-07-16 08:30:00,BRG-197,Webcam HD 1080p,Aksesoris Komputer,285000,332000,26,PT Techindo Jaya,Gudang Cabang (Medan)
CASE-0197,Stok Dicatat,2026-07-16 08:45:00,BRG-197,Webcam HD 1080p,Aksesoris Komputer,285000,332000,26,PT Techindo Jaya,Gudang Cabang (Medan)
CASE-0198,Data Barang Dibuat,2026-07-17 08:00:00,BRG-198,Monitor 4K 27 Inch,Elektronik,6904000,8119000,20,CV Bina Logistik,Gudang Cabang (Surabaya)
CASE-0198,Data Barang Diverifikasi,2026-07-17 08:15:00,BRG-198,Monitor 4K 27 Inch,Elektronik,6904000,8119000,20,CV Bina Logistik,Gudang Cabang (Surabaya)
CASE-0198,Barang Ditempatkan,2026-07-17 08:30:00,BRG-198,Monitor 4K 27 Inch,Elektronik,6904000,8119000,20,CV Bina Logistik,Gudang Cabang (Surabaya)
CASE-0198,Stok Dicatat,2026-07-17 08:45:00,BRG-198,Monitor 4K 27 Inch,Elektronik,6904000,8119000,20,CV Bina Logistik,Gudang Cabang (Surabaya)
CASE-0199,Data Barang Dibuat,2026-07-18 08:00:00,BRG-199,Smart TV 55 Inch,Elektronik,7966000,10552000,245,PT Mandiri Utama,Gudang Utama (Jakarta)
CASE-0199,Data Barang Diverifikasi,2026-07-18 08:15:00,BRG-199,Smart TV 55 Inch,Elektronik,7966000,10552000,245,PT Mandiri Utama,Gudang Utama (Jakarta)
CASE-0199,Barang Ditempatkan,2026-07-18 08:30:00,BRG-199,Smart TV 55 Inch,Elektronik,7966000,10552000,245,PT Mandiri Utama,Gudang Utama (Jakarta)
CASE-0199,Stok Dicatat,2026-07-18 08:45:00,BRG-199,Smart TV 55 Inch,Elektronik,7966000,10552000,245,PT Mandiri Utama,Gudang Utama (Jakarta)
CASE-0200,Data Barang Dibuat,2026-07-19 08:00:00,BRG-200,Proyektor Portable,Peralatan Kantor,3510000,4283000,152,CV Bina Logistik,Gudang Cabang (Bandung)
CASE-0200,Data Barang Diverifikasi,2026-07-19 08:15:00,BRG-200,Proyektor Portable,Peralatan Kantor,3510000,4283000,152,CV Bina Logistik,Gudang Cabang (Bandung)
CASE-0200,Barang Ditempatkan,2026-07-19 08:30:00,BRG-200,Proyektor Portable,Peralatan Kantor,3510000,4283000,152,CV Bina Logistik,Gudang Cabang (Bandung)
CASE-0200,Stok Dicatat,2026-07-19 08:45:00,BRG-200,Proyektor Portable,Peralatan Kantor,3510000,4283000,152,CV Bina Logistik,Gudang Cabang (Bandung)
CASE-0201,Data Barang Dibuat,2026-07-20 08:00:00,BRG-201,Webcam HD 1080p,Aksesoris Komputer,367000,484000,94,CV Bina Logistik,Gudang Cabang (Surabaya)
CASE-0201,Data Barang Diverifikasi,2026-07-20 08:15:00,BRG-201,Webcam HD 1080p,Aksesoris Komputer,367000,484000,94,CV Bina Logistik,Gudang Cabang (Surabaya)
CASE-0201,Barang Ditempatkan,2026-07-20 08:30:00,BRG-201,Webcam HD 1080p,Aksesoris Komputer,367000,484000,94,CV Bina Logistik,Gudang Cabang (Surabaya)
CASE-0201,Stok Dicatat,2026-07-20 08:45:00,BRG-201,Webcam HD 1080p,Aksesoris Komputer,367000,484000,94,CV Bina Logistik,Gudang Cabang (Surabaya)
CASE-0202,Data Barang Dibuat,2026-07-21 08:00:00,BRG-202,Monitor 4K 27 Inch,Elektronik,5907000,7060000,114,CV Bina Logistik,Gudang Utama (Jakarta)
CASE-0202,Data Barang Diverifikasi,2026-07-21 08:15:00,BRG-202,Monitor 4K 27 Inch,Elektronik,5907000,7060000,114,CV Bina Logistik,Gudang Utama (Jakarta)
CASE-0202,Barang Ditempatkan,2026-07-21 08:30:00,BRG-202,Monitor 4K 27 Inch,Elektronik,5907000,7060000,114,CV Bina Logistik,Gudang Utama (Jakarta)
CASE-0202,Stok Dicatat,2026-07-21 08:45:00,BRG-202,Monitor 4K 27 Inch,Elektronik,5907000,7060000,114,CV Bina Logistik,Gudang Utama (Jakarta)
CASE-0203,Data Barang Dibuat,2026-07-22 08:00:00,BRG-203,Access Point Enterprise,Peralatan Jaringan,1260000,1494000,184,PT Mega Elektronik,Gudang Cabang (Surabaya)
CASE-0203,Data Barang Diverifikasi,2026-07-22 08:15:00,BRG-203,Access Point Enterprise,Peralatan Jaringan,1260000,1494000,184,PT Mega Elektronik,Gudang Cabang (Surabaya)
CASE-0203,Barang Ditempatkan,2026-07-22 08:30:00,BRG-203,Access Point Enterprise,Peralatan Jaringan,1260000,1494000,184,PT Mega Elektronik,Gudang Cabang (Surabaya)
CASE-0203,Stok Dicatat,2026-07-22 08:45:00,BRG-203,Access Point Enterprise,Peralatan Jaringan,1260000,1494000,184,PT Mega Elektronik,Gudang Cabang (Surabaya)
CASE-0204,Data Barang Dibuat,2026-07-23 08:00:00,BRG-204,Kursi Ergonomis,Peralatan Kantor,1960000,2594000,149,PT Indo Sarana,Gudang Cabang (Medan)
CASE-0204,Data Barang Diverifikasi,2026-07-23 08:15:00,BRG-204,Kursi Ergonomis,Peralatan Kantor,1960000,2594000,149,PT Indo Sarana,Gudang Cabang (Medan)
CASE-0204,Barang Ditempatkan,2026-07-23 08:30:00,BRG-204,Kursi Ergonomis,Peralatan Kantor,1960000,2594000,149,PT Indo Sarana,Gudang Cabang (Medan)
CASE-0204,Stok Dicatat,2026-07-23 08:45:00,BRG-204,Kursi Ergonomis,Peralatan Kantor,1960000,2594000,149,PT Indo Sarana,Gudang Cabang (Medan)
CASE-0205,Data Barang Dibuat,2026-07-24 08:00:00,BRG-205,Smartphone Flagship,Elektronik,8514000,9947000,140,CV Sentosa Perkasa,Gudang Cabang (Medan)
CASE-0205,Data Barang Diverifikasi,2026-07-24 08:15:00,BRG-205,Smartphone Flagship,Elektronik,8514000,9947000,140,CV Sentosa Perkasa,Gudang Cabang (Medan)
CASE-0205,Barang Ditempatkan,2026-07-24 08:30:00,BRG-205,Smartphone Flagship,Elektronik,8514000,9947000,140,CV Sentosa Perkasa,Gudang Cabang (Medan)
CASE-0205,Stok Dicatat,2026-07-24 08:45:00,BRG-205,Smartphone Flagship,Elektronik,8514000,9947000,140,CV Sentosa Perkasa,Gudang Cabang (Medan)
CASE-0206,Data Barang Dibuat,2026-07-25 08:00:00,BRG-206,Microwave Digital,Peralatan Rumah Tangga,1614000,1906000,84,PT Indo Sarana,Gudang Cabang (Surabaya)
CASE-0206,Data Barang Diverifikasi,2026-07-25 08:15:00,BRG-206,Microwave Digital,Peralatan Rumah Tangga,1614000,1906000,84,PT Indo Sarana,Gudang Cabang (Surabaya)
CASE-0206,Barang Ditempatkan,2026-07-25 08:30:00,BRG-206,Microwave Digital,Peralatan Rumah Tangga,1614000,1906000,84,PT Indo Sarana,Gudang Cabang (Surabaya)
CASE-0206,Stok Dicatat,2026-07-25 08:45:00,BRG-206,Microwave Digital,Peralatan Rumah Tangga,1614000,1906000,84,PT Indo Sarana,Gudang Cabang (Surabaya)
CASE-0207,Data Barang Dibuat,2026-07-26 08:00:00,BRG-207,Router Wi-Fi 6,Peralatan Jaringan,710000,838000,198,CV Bina Logistik,Gudang Utama (Jakarta)
CASE-0207,Data Barang Diverifikasi,2026-07-26 08:15:00,BRG-207,Router Wi-Fi 6,Peralatan Jaringan,710000,838000,198,CV Bina Logistik,Gudang Utama (Jakarta)
CASE-0207,Barang Ditempatkan,2026-07-26 08:30:00,BRG-207,Router Wi-Fi 6,Peralatan Jaringan,710000,838000,198,CV Bina Logistik,Gudang Utama (Jakarta)
CASE-0207,Stok Dicatat,2026-07-26 08:45:00,BRG-207,Router Wi-Fi 6,Peralatan Jaringan,710000,838000,198,CV Bina Logistik,Gudang Utama (Jakarta)
CASE-0208,Data Barang Dibuat,2026-07-27 08:00:00,BRG-208,Monitor 4K 27 Inch,Elektronik,5358000,6871000,129,CV Bina Logistik,Gudang Cabang (Medan)
CASE-0208,Data Barang Diverifikasi,2026-07-27 08:15:00,BRG-208,Monitor 4K 27 Inch,Elektronik,5358000,6871000,129,CV Bina Logistik,Gudang Cabang (Medan)
CASE-0208,Barang Ditempatkan,2026-07-27 08:30:00,BRG-208,Monitor 4K 27 Inch,Elektronik,5358000,6871000,129,CV Bina Logistik,Gudang Cabang (Medan)
CASE-0208,Stok Dicatat,2026-07-27 08:45:00,BRG-208,Monitor 4K 27 Inch,Elektronik,5358000,6871000,129,CV Bina Logistik,Gudang Cabang (Medan)
CASE-0209,Data Barang Dibuat,2026-07-28 08:00:00,BRG-209,Robot Vacuum Cleaner,Peralatan Rumah Tangga,2904000,3778000,34,PT Mega Elektronik,Gudang Cabang (Medan)
CASE-0209,Data Barang Diverifikasi,2026-07-28 08:15:00,BRG-209,Robot Vacuum Cleaner,Peralatan Rumah Tangga,2904000,3778000,34,PT Mega Elektronik,Gudang Cabang (Medan)
CASE-0209,Barang Ditempatkan,2026-07-28 08:30:00,BRG-209,Robot Vacuum Cleaner,Peralatan Rumah Tangga,2904000,3778000,34,PT Mega Elektronik,Gudang Cabang (Medan)
CASE-0209,Stok Dicatat,2026-07-28 08:45:00,BRG-209,Robot Vacuum Cleaner,Peralatan Rumah Tangga,2904000,3778000,34,PT Mega Elektronik,Gudang Cabang (Medan)
CASE-0210,Data Barang Dibuat,2026-07-29 08:00:00,BRG-210,Monitor 4K 27 Inch,Elektronik,6344000,8156000,129,CV Bina Logistik,Gudang Cabang (Surabaya)
CASE-0210,Data Barang Diverifikasi,2026-07-29 08:15:00,BRG-210,Monitor 4K 27 Inch,Elektronik,6344000,8156000,129,CV Bina Logistik,Gudang Cabang (Surabaya)
CASE-0210,Barang Ditempatkan,2026-07-29 08:30:00,BRG-210,Monitor 4K 27 Inch,Elektronik,6344000,8156000,129,CV Bina Logistik,Gudang Cabang (Surabaya)
CASE-0210,Stok Dicatat,2026-07-29 08:45:00,BRG-210,Monitor 4K 27 Inch,Elektronik,6344000,8156000,129,CV Bina Logistik,Gudang Cabang (Surabaya)
CASE-0211,Data Barang Dibuat,2026-07-30 08:00:00,BRG-211,Smartphone Flagship,Elektronik,14631000,19706000,19,PT Techindo Jaya,Gudang Cabang (Bandung)
CASE-0211,Data Barang Diverifikasi,2026-07-30 08:15:00,BRG-211,Smartphone Flagship,Elektronik,14631000,19706000,19,PT Techindo Jaya,Gudang Cabang (Bandung)
CASE-0211,Barang Ditempatkan,2026-07-30 08:30:00,BRG-211,Smartphone Flagship,Elektronik,14631000,19706000,19,PT Techindo Jaya,Gudang Cabang (Bandung)
CASE-0211,Stok Dicatat,2026-07-30 08:45:00,BRG-211,Smartphone Flagship,Elektronik,14631000,19706000,19,PT Techindo Jaya,Gudang Cabang (Bandung)
CASE-0212,Data Barang Dibuat,2026-07-31 08:00:00,BRG-212,Meja Stand-Desk Auto,Peralatan Kantor,5718000,6732000,70,PT Mega Elektronik,Gudang Cabang (Surabaya)
CASE-0212,Data Barang Diverifikasi,2026-07-31 08:15:00,BRG-212,Meja Stand-Desk Auto,Peralatan Kantor,5718000,6732000,70,PT Mega Elektronik,Gudang Cabang (Surabaya)
CASE-0212,Barang Ditempatkan,2026-07-31 08:30:00,BRG-212,Meja Stand-Desk Auto,Peralatan Kantor,5718000,6732000,70,PT Mega Elektronik,Gudang Cabang (Surabaya)
CASE-0212,Stok Dicatat,2026-07-31 08:45:00,BRG-212,Meja Stand-Desk Auto,Peralatan Kantor,5718000,6732000,70,PT Mega Elektronik,Gudang Cabang (Surabaya)
CASE-0213,Data Barang Dibuat,2026-08-01 08:00:00,BRG-213,Laptop Gaming Pro,Elektronik,20344000,26435000,49,CV Sentosa Perkasa,Gudang Cabang (Medan)
CASE-0213,Data Barang Diverifikasi,2026-08-01 08:15:00,BRG-213,Laptop Gaming Pro,Elektronik,20344000,26435000,49,CV Sentosa Perkasa,Gudang Cabang (Medan)
CASE-0213,Barang Ditempatkan,2026-08-01 08:30:00,BRG-213,Laptop Gaming Pro,Elektronik,20344000,26435000,49,CV Sentosa Perkasa,Gudang Cabang (Medan)
CASE-0213,Stok Dicatat,2026-08-01 08:45:00,BRG-213,Laptop Gaming Pro,Elektronik,20344000,26435000,49,CV Sentosa Perkasa,Gudang Cabang (Medan)
CASE-0214,Data Barang Dibuat,2026-08-02 08:00:00,BRG-214,Switch Gigabit 16-Port,Peralatan Jaringan,1224000,1544000,176,PT Mega Elektronik,Gudang Utama (Jakarta)
CASE-0214,Data Barang Diverifikasi,2026-08-02 08:15:00,BRG-214,Switch Gigabit 16-Port,Peralatan Jaringan,1224000,1544000,176,PT Mega Elektronik,Gudang Utama (Jakarta)
CASE-0214,Barang Ditempatkan,2026-08-02 08:30:00,BRG-214,Switch Gigabit 16-Port,Peralatan Jaringan,1224000,1544000,176,PT Mega Elektronik,Gudang Utama (Jakarta)
CASE-0214,Stok Dicatat,2026-08-02 08:45:00,BRG-214,Switch Gigabit 16-Port,Peralatan Jaringan,1224000,1544000,176,PT Mega Elektronik,Gudang Utama (Jakarta)
CASE-0215,Data Barang Dibuat,2026-08-03 08:00:00,BRG-215,Air Purifier HEPA,Peralatan Rumah Tangga,2114000,2439000,240,PT Techindo Jaya,Gudang Cabang (Surabaya)
CASE-0215,Data Barang Diverifikasi,2026-08-03 08:15:00,BRG-215,Air Purifier HEPA,Peralatan Rumah Tangga,2114000,2439000,240,PT Techindo Jaya,Gudang Cabang (Surabaya)
CASE-0215,Barang Ditempatkan,2026-08-03 08:30:00,BRG-215,Air Purifier HEPA,Peralatan Rumah Tangga,2114000,2439000,240,PT Techindo Jaya,Gudang Cabang (Surabaya)
CASE-0215,Stok Dicatat,2026-08-03 08:45:00,BRG-215,Air Purifier HEPA,Peralatan Rumah Tangga,2114000,2439000,240,PT Techindo Jaya,Gudang Cabang (Surabaya)
CASE-0216,Data Barang Dibuat,2026-08-04 08:00:00,BRG-216,NAS Storage 2-Bay,Peralatan Jaringan,4905000,6037000,168,PT Mandiri Utama,Gudang Cabang (Surabaya)
CASE-0216,Data Barang Diverifikasi,2026-08-04 08:15:00,BRG-216,NAS Storage 2-Bay,Peralatan Jaringan,4905000,6037000,168,PT Mandiri Utama,Gudang Cabang (Surabaya)
CASE-0216,Barang Ditempatkan,2026-08-04 08:30:00,BRG-216,NAS Storage 2-Bay,Peralatan Jaringan,4905000,6037000,168,PT Mandiri Utama,Gudang Cabang (Surabaya)
CASE-0216,Stok Dicatat,2026-08-04 08:45:00,BRG-216,NAS Storage 2-Bay,Peralatan Jaringan,4905000,6037000,168,PT Mandiri Utama,Gudang Cabang (Surabaya)
CASE-0217,Data Barang Dibuat,2026-08-05 08:00:00,BRG-217,Smart TV 55 Inch,Elektronik,5174000,6949000,48,CV Bina Logistik,Gudang Cabang (Medan)
CASE-0217,Data Barang Diverifikasi,2026-08-05 08:15:00,BRG-217,Smart TV 55 Inch,Elektronik,5174000,6949000,48,CV Bina Logistik,Gudang Cabang (Medan)
CASE-0217,Barang Ditempatkan,2026-08-05 08:30:00,BRG-217,Smart TV 55 Inch,Elektronik,5174000,6949000,48,CV Bina Logistik,Gudang Cabang (Medan)
CASE-0217,Stok Dicatat,2026-08-05 08:45:00,BRG-217,Smart TV 55 Inch,Elektronik,5174000,6949000,48,CV Bina Logistik,Gudang Cabang (Medan)
CASE-0218,Data Barang Dibuat,2026-08-06 08:00:00,BRG-218,Kursi Ergonomis,Peralatan Kantor,3031000,3997000,67,PT Mandiri Utama,Gudang Cabang (Medan)
CASE-0218,Data Barang Diverifikasi,2026-08-06 08:15:00,BRG-218,Kursi Ergonomis,Peralatan Kantor,3031000,3997000,67,PT Mandiri Utama,Gudang Cabang (Medan)
CASE-0218,Barang Ditempatkan,2026-08-06 08:30:00,BRG-218,Kursi Ergonomis,Peralatan Kantor,3031000,3997000,67,PT Mandiri Utama,Gudang Cabang (Medan)
CASE-0218,Stok Dicatat,2026-08-06 08:45:00,BRG-218,Kursi Ergonomis,Peralatan Kantor,3031000,3997000,67,PT Mandiri Utama,Gudang Cabang (Medan)
CASE-0219,Data Barang Dibuat,2026-08-07 08:00:00,BRG-219,Router Wi-Fi 6,Peralatan Jaringan,1429000,1892000,195,PT Mega Elektronik,Gudang Cabang (Bandung)
CASE-0219,Data Barang Diverifikasi,2026-08-07 08:15:00,BRG-219,Router Wi-Fi 6,Peralatan Jaringan,1429000,1892000,195,PT Mega Elektronik,Gudang Cabang (Bandung)
CASE-0219,Barang Ditempatkan,2026-08-07 08:30:00,BRG-219,Router Wi-Fi 6,Peralatan Jaringan,1429000,1892000,195,PT Mega Elektronik,Gudang Cabang (Bandung)
CASE-0219,Stok Dicatat,2026-08-07 08:45:00,BRG-219,Router Wi-Fi 6,Peralatan Jaringan,1429000,1892000,195,PT Mega Elektronik,Gudang Cabang (Bandung)
CASE-0220,Data Barang Dibuat,2026-08-08 08:00:00,BRG-220,Meja Stand-Desk Auto,Peralatan Kantor,2820000,3530000,34,CV Bina Logistik,Gudang Cabang (Bandung)
CASE-0220,Data Barang Diverifikasi,2026-08-08 08:15:00,BRG-220,Meja Stand-Desk Auto,Peralatan Kantor,2820000,3530000,34,CV Bina Logistik,Gudang Cabang (Bandung)
CASE-0220,Barang Ditempatkan,2026-08-08 08:30:00,BRG-220,Meja Stand-Desk Auto,Peralatan Kantor,2820000,3530000,34,CV Bina Logistik,Gudang Cabang (Bandung)
CASE-0220,Stok Dicatat,2026-08-08 08:45:00,BRG-220,Meja Stand-Desk Auto,Peralatan Kantor,2820000,3530000,34,CV Bina Logistik,Gudang Cabang (Bandung)
CASE-0221,Data Barang Dibuat,2026-08-09 08:00:00,BRG-221,Printer Laser Multifungsi,Peralatan Kantor,2419000,2896000,42,PT Mega Elektronik,Gudang Cabang (Bandung)
CASE-0221,Data Barang Diverifikasi,2026-08-09 08:15:00,BRG-221,Printer Laser Multifungsi,Peralatan Kantor,2419000,2896000,42,PT Mega Elektronik,Gudang Cabang (Bandung)
CASE-0221,Barang Ditempatkan,2026-08-09 08:30:00,BRG-221,Printer Laser Multifungsi,Peralatan Kantor,2419000,2896000,42,PT Mega Elektronik,Gudang Cabang (Bandung)
CASE-0221,Stok Dicatat,2026-08-09 08:45:00,BRG-221,Printer Laser Multifungsi,Peralatan Kantor,2419000,2896000,42,PT Mega Elektronik,Gudang Cabang (Bandung)
CASE-0222,Data Barang Dibuat,2026-08-10 08:00:00,BRG-222,External SSD 1TB,Aksesoris Komputer,1260000,1640000,172,PT Techindo Jaya,Gudang Cabang (Bandung)
CASE-0222,Data Barang Diverifikasi,2026-08-10 08:15:00,BRG-222,External SSD 1TB,Aksesoris Komputer,1260000,1640000,172,PT Techindo Jaya,Gudang Cabang (Bandung)
CASE-0222,Barang Ditempatkan,2026-08-10 08:30:00,BRG-222,External SSD 1TB,Aksesoris Komputer,1260000,1640000,172,PT Techindo Jaya,Gudang Cabang (Bandung)
CASE-0222,Stok Dicatat,2026-08-10 08:45:00,BRG-222,External SSD 1TB,Aksesoris Komputer,1260000,1640000,172,PT Techindo Jaya,Gudang Cabang (Bandung)
CASE-0223,Data Barang Dibuat,2026-08-11 08:00:00,BRG-223,Microwave Digital,Peralatan Rumah Tangga,2082000,2710000,119,PT Indo Sarana,Gudang Cabang (Surabaya)
CASE-0223,Data Barang Diverifikasi,2026-08-11 08:15:00,BRG-223,Microwave Digital,Peralatan Rumah Tangga,2082000,2710000,119,PT Indo Sarana,Gudang Cabang (Surabaya)
CASE-0223,Barang Ditempatkan,2026-08-11 08:30:00,BRG-223,Microwave Digital,Peralatan Rumah Tangga,2082000,2710000,119,PT Indo Sarana,Gudang Cabang (Surabaya)
CASE-0223,Stok Dicatat,2026-08-11 08:45:00,BRG-223,Microwave Digital,Peralatan Rumah Tangga,2082000,2710000,119,PT Indo Sarana,Gudang Cabang (Surabaya)
CASE-0224,Data Barang Dibuat,2026-08-12 08:00:00,BRG-224,Meja Stand-Desk Auto,Peralatan Kantor,4344000,5054000,118,PT Indo Sarana,Gudang Cabang (Surabaya)
CASE-0224,Data Barang Diverifikasi,2026-08-12 08:15:00,BRG-224,Meja Stand-Desk Auto,Peralatan Kantor,4344000,5054000,118,PT Indo Sarana,Gudang Cabang (Surabaya)
CASE-0224,Barang Ditempatkan,2026-08-12 08:30:00,BRG-224,Meja Stand-Desk Auto,Peralatan Kantor,4344000,5054000,118,PT Indo Sarana,Gudang Cabang (Surabaya)
CASE-0224,Stok Dicatat,2026-08-12 08:45:00,BRG-224,Meja Stand-Desk Auto,Peralatan Kantor,4344000,5054000,118,PT Indo Sarana,Gudang Cabang (Surabaya)
CASE-0225,Data Barang Dibuat,2026-08-13 08:00:00,BRG-225,Proyektor Portable,Peralatan Kantor,2435000,2971000,23,PT Mega Elektronik,Gudang Cabang (Medan)
CASE-0225,Data Barang Diverifikasi,2026-08-13 08:15:00,BRG-225,Proyektor Portable,Peralatan Kantor,2435000,2971000,23,PT Mega Elektronik,Gudang Cabang (Medan)
CASE-0225,Barang Ditempatkan,2026-08-13 08:30:00,BRG-225,Proyektor Portable,Peralatan Kantor,2435000,2971000,23,PT Mega Elektronik,Gudang Cabang (Medan)
CASE-0225,Stok Dicatat,2026-08-13 08:45:00,BRG-225,Proyektor Portable,Peralatan Kantor,2435000,2971000,23,PT Mega Elektronik,Gudang Cabang (Medan)
CASE-0226,Data Barang Dibuat,2026-08-14 08:00:00,BRG-226,Air Purifier HEPA,Peralatan Rumah Tangga,1319000,1614000,78,PT Techindo Jaya,Gudang Utama (Jakarta)
CASE-0226,Data Barang Diverifikasi,2026-08-14 08:15:00,BRG-226,Air Purifier HEPA,Peralatan Rumah Tangga,1319000,1614000,78,PT Techindo Jaya,Gudang Utama (Jakarta)
CASE-0226,Barang Ditempatkan,2026-08-14 08:30:00,BRG-226,Air Purifier HEPA,Peralatan Rumah Tangga,1319000,1614000,78,PT Techindo Jaya,Gudang Utama (Jakarta)
CASE-0226,Stok Dicatat,2026-08-14 08:45:00,BRG-226,Air Purifier HEPA,Peralatan Rumah Tangga,1319000,1614000,78,PT Techindo Jaya,Gudang Utama (Jakarta)
CASE-0227,Data Barang Dibuat,2026-08-15 08:00:00,BRG-227,NAS Storage 2-Bay,Peralatan Jaringan,4440000,5621000,249,PT Indo Sarana,Gudang Utama (Jakarta)
CASE-0227,Data Barang Diverifikasi,2026-08-15 08:15:00,BRG-227,NAS Storage 2-Bay,Peralatan Jaringan,4440000,5621000,249,PT Indo Sarana,Gudang Utama (Jakarta)
CASE-0227,Barang Ditempatkan,2026-08-15 08:30:00,BRG-227,NAS Storage 2-Bay,Peralatan Jaringan,4440000,5621000,249,PT Indo Sarana,Gudang Utama (Jakarta)
CASE-0227,Stok Dicatat,2026-08-15 08:45:00,BRG-227,NAS Storage 2-Bay,Peralatan Jaringan,4440000,5621000,249,PT Indo Sarana,Gudang Utama (Jakarta)
CASE-0228,Data Barang Dibuat,2026-08-16 08:00:00,BRG-228,Blender High Power,Peralatan Rumah Tangga,1083000,1286000,159,PT Mandiri Utama,Gudang Cabang (Bandung)
CASE-0228,Data Barang Diverifikasi,2026-08-16 08:15:00,BRG-228,Blender High Power,Peralatan Rumah Tangga,1083000,1286000,159,PT Mandiri Utama,Gudang Cabang (Bandung)
CASE-0228,Barang Ditempatkan,2026-08-16 08:30:00,BRG-228,Blender High Power,Peralatan Rumah Tangga,1083000,1286000,159,PT Mandiri Utama,Gudang Cabang (Bandung)
CASE-0228,Stok Dicatat,2026-08-16 08:45:00,BRG-228,Blender High Power,Peralatan Rumah Tangga,1083000,1286000,159,PT Mandiri Utama,Gudang Cabang (Bandung)
CASE-0229,Data Barang Dibuat,2026-08-17 08:00:00,BRG-229,Smart TV 55 Inch,Elektronik,5868000,7699000,219,PT Mega Elektronik,Gudang Utama (Jakarta)
CASE-0229,Data Barang Diverifikasi,2026-08-17 08:15:00,BRG-229,Smart TV 55 Inch,Elektronik,5868000,7699000,219,PT Mega Elektronik,Gudang Utama (Jakarta)
CASE-0229,Barang Ditempatkan,2026-08-17 08:30:00,BRG-229,Smart TV 55 Inch,Elektronik,5868000,7699000,219,PT Mega Elektronik,Gudang Utama (Jakarta)
CASE-0229,Stok Dicatat,2026-08-17 08:45:00,BRG-229,Smart TV 55 Inch,Elektronik,5868000,7699000,219,PT Mega Elektronik,Gudang Utama (Jakarta)
CASE-0230,Data Barang Dibuat,2026-08-18 08:00:00,BRG-230,Switch Gigabit 16-Port,Peralatan Jaringan,741000,888000,117,PT Mandiri Utama,Gudang Cabang (Bandung)
CASE-0230,Data Barang Diverifikasi,2026-08-18 08:15:00,BRG-230,Switch Gigabit 16-Port,Peralatan Jaringan,741000,888000,117,PT Mandiri Utama,Gudang Cabang (Bandung)
CASE-0230,Barang Ditempatkan,2026-08-18 08:30:00,BRG-230,Switch Gigabit 16-Port,Peralatan Jaringan,741000,888000,117,PT Mandiri Utama,Gudang Cabang (Bandung)
CASE-0230,Stok Dicatat,2026-08-18 08:45:00,BRG-230,Switch Gigabit 16-Port,Peralatan Jaringan,741000,888000,117,PT Mandiri Utama,Gudang Cabang (Bandung)
CASE-0231,Data Barang Dibuat,2026-08-19 08:00:00,BRG-231,Printer Laser Multifungsi,Peralatan Kantor,2986000,3665000,203,PT Mega Elektronik,Gudang Utama (Jakarta)
CASE-0231,Data Barang Diverifikasi,2026-08-19 08:15:00,BRG-231,Printer Laser Multifungsi,Peralatan Kantor,2986000,3665000,203,PT Mega Elektronik,Gudang Utama (Jakarta)
CASE-0231,Barang Ditempatkan,2026-08-19 08:30:00,BRG-231,Printer Laser Multifungsi,Peralatan Kantor,2986000,3665000,203,PT Mega Elektronik,Gudang Utama (Jakarta)
CASE-0231,Stok Dicatat,2026-08-19 08:45:00,BRG-231,Printer Laser Multifungsi,Peralatan Kantor,2986000,3665000,203,PT Mega Elektronik,Gudang Utama (Jakarta)
CASE-0232,Data Barang Dibuat,2026-08-20 08:00:00,BRG-232,Kursi Ergonomis,Peralatan Kantor,2582000,3018000,178,PT Mandiri Utama,Gudang Cabang (Surabaya)
CASE-0232,Data Barang Diverifikasi,2026-08-20 08:15:00,BRG-232,Kursi Ergonomis,Peralatan Kantor,2582000,3018000,178,PT Mandiri Utama,Gudang Cabang (Surabaya)
CASE-0232,Barang Ditempatkan,2026-08-20 08:30:00,BRG-232,Kursi Ergonomis,Peralatan Kantor,2582000,3018000,178,PT Mandiri Utama,Gudang Cabang (Surabaya)
CASE-0232,Stok Dicatat,2026-08-20 08:45:00,BRG-232,Kursi Ergonomis,Peralatan Kantor,2582000,3018000,178,PT Mandiri Utama,Gudang Cabang (Surabaya)
CASE-0233,Data Barang Dibuat,2026-08-21 08:00:00,BRG-233,Proyektor Portable,Peralatan Kantor,2830000,3443000,154,PT Indo Sarana,Gudang Cabang (Bandung)
CASE-0233,Data Barang Diverifikasi,2026-08-21 08:15:00,BRG-233,Proyektor Portable,Peralatan Kantor,2830000,3443000,154,PT Indo Sarana,Gudang Cabang (Bandung)
CASE-0233,Barang Ditempatkan,2026-08-21 08:30:00,BRG-233,Proyektor Portable,Peralatan Kantor,2830000,3443000,154,PT Indo Sarana,Gudang Cabang (Bandung)
CASE-0233,Stok Dicatat,2026-08-21 08:45:00,BRG-233,Proyektor Portable,Peralatan Kantor,2830000,3443000,154,PT Indo Sarana,Gudang Cabang (Bandung)
CASE-0234,Data Barang Dibuat,2026-08-22 08:00:00,BRG-234,Printer Laser Multifungsi,Peralatan Kantor,3443000,4048000,186,PT Techindo Jaya,Gudang Cabang (Surabaya)
CASE-0234,Data Barang Diverifikasi,2026-08-22 08:15:00,BRG-234,Printer Laser Multifungsi,Peralatan Kantor,3443000,4048000,186,PT Techindo Jaya,Gudang Cabang (Surabaya)
CASE-0234,Barang Ditempatkan,2026-08-22 08:30:00,BRG-234,Printer Laser Multifungsi,Peralatan Kantor,3443000,4048000,186,PT Techindo Jaya,Gudang Cabang (Surabaya)
CASE-0234,Stok Dicatat,2026-08-22 08:45:00,BRG-234,Printer Laser Multifungsi,Peralatan Kantor,3443000,4048000,186,PT Techindo Jaya,Gudang Cabang (Surabaya)
CASE-0235,Data Barang Dibuat,2026-08-23 08:00:00,BRG-235,NAS Storage 2-Bay,Peralatan Jaringan,5199000,6802000,213,CV Sentosa Perkasa,Gudang Utama (Jakarta)
CASE-0235,Data Barang Diverifikasi,2026-08-23 08:15:00,BRG-235,NAS Storage 2-Bay,Peralatan Jaringan,5199000,6802000,213,CV Sentosa Perkasa,Gudang Utama (Jakarta)
CASE-0235,Barang Ditempatkan,2026-08-23 08:30:00,BRG-235,NAS Storage 2-Bay,Peralatan Jaringan,5199000,6802000,213,CV Sentosa Perkasa,Gudang Utama (Jakarta)
CASE-0235,Stok Dicatat,2026-08-23 08:45:00,BRG-235,NAS Storage 2-Bay,Peralatan Jaringan,5199000,6802000,213,CV Sentosa Perkasa,Gudang Utama (Jakarta)
CASE-0236,Data Barang Dibuat,2026-08-24 08:00:00,BRG-236,Blender High Power,Peralatan Rumah Tangga,779000,898000,84,CV Sentosa Perkasa,Gudang Cabang (Bandung)
CASE-0236,Data Barang Diverifikasi,2026-08-24 08:15:00,BRG-236,Blender High Power,Peralatan Rumah Tangga,779000,898000,84,CV Sentosa Perkasa,Gudang Cabang (Bandung)
CASE-0236,Barang Ditempatkan,2026-08-24 08:30:00,BRG-236,Blender High Power,Peralatan Rumah Tangga,779000,898000,84,CV Sentosa Perkasa,Gudang Cabang (Bandung)
CASE-0236,Stok Dicatat,2026-08-24 08:45:00,BRG-236,Blender High Power,Peralatan Rumah Tangga,779000,898000,84,CV Sentosa Perkasa,Gudang Cabang (Bandung)
CASE-0237,Data Barang Dibuat,2026-08-25 08:00:00,BRG-237,Paper Shredder Heavy-Duty,Peralatan Kantor,1202000,1436000,40,CV Sentosa Perkasa,Gudang Utama (Jakarta)
CASE-0237,Data Barang Diverifikasi,2026-08-25 08:15:00,BRG-237,Paper Shredder Heavy-Duty,Peralatan Kantor,1202000,1436000,40,CV Sentosa Perkasa,Gudang Utama (Jakarta)
CASE-0237,Barang Ditempatkan,2026-08-25 08:30:00,BRG-237,Paper Shredder Heavy-Duty,Peralatan Kantor,1202000,1436000,40,CV Sentosa Perkasa,Gudang Utama (Jakarta)
CASE-0237,Stok Dicatat,2026-08-25 08:45:00,BRG-237,Paper Shredder Heavy-Duty,Peralatan Kantor,1202000,1436000,40,CV Sentosa Perkasa,Gudang Utama (Jakarta)
CASE-0238,Data Barang Dibuat,2026-08-26 08:00:00,BRG-238,Kursi Ergonomis,Peralatan Kantor,3329000,4341000,218,PT Indo Sarana,Gudang Utama (Jakarta)
CASE-0238,Data Barang Diverifikasi,2026-08-26 08:15:00,BRG-238,Kursi Ergonomis,Peralatan Kantor,3329000,4341000,218,PT Indo Sarana,Gudang Utama (Jakarta)
CASE-0238,Barang Ditempatkan,2026-08-26 08:30:00,BRG-238,Kursi Ergonomis,Peralatan Kantor,3329000,4341000,218,PT Indo Sarana,Gudang Utama (Jakarta)
CASE-0238,Stok Dicatat,2026-08-26 08:45:00,BRG-238,Kursi Ergonomis,Peralatan Kantor,3329000,4341000,218,PT Indo Sarana,Gudang Utama (Jakarta)
CASE-0239,Data Barang Dibuat,2026-08-27 08:00:00,BRG-239,Proyektor Portable,Peralatan Kantor,2749000,3489000,44,CV Sentosa Perkasa,Gudang Cabang (Bandung)
CASE-0239,Data Barang Diverifikasi,2026-08-27 08:15:00,BRG-239,Proyektor Portable,Peralatan Kantor,2749000,3489000,44,CV Sentosa Perkasa,Gudang Cabang (Bandung)
CASE-0239,Barang Ditempatkan,2026-08-27 08:30:00,BRG-239,Proyektor Portable,Peralatan Kantor,2749000,3489000,44,CV Sentosa Perkasa,Gudang Cabang (Bandung)
CASE-0239,Stok Dicatat,2026-08-27 08:45:00,BRG-239,Proyektor Portable,Peralatan Kantor,2749000,3489000,44,CV Sentosa Perkasa,Gudang Cabang (Bandung)
CASE-0240,Data Barang Dibuat,2026-08-28 08:00:00,BRG-240,Switch Gigabit 16-Port,Peralatan Jaringan,1456000,1801000,110,PT Mega Elektronik,Gudang Cabang (Bandung)
CASE-0240,Data Barang Diverifikasi,2026-08-28 08:15:00,BRG-240,Switch Gigabit 16-Port,Peralatan Jaringan,1456000,1801000,110,PT Mega Elektronik,Gudang Cabang (Bandung)
CASE-0240,Barang Ditempatkan,2026-08-28 08:30:00,BRG-240,Switch Gigabit 16-Port,Peralatan Jaringan,1456000,1801000,110,PT Mega Elektronik,Gudang Cabang (Bandung)
CASE-0240,Stok Dicatat,2026-08-28 08:45:00,BRG-240,Switch Gigabit 16-Port,Peralatan Jaringan,1456000,1801000,110,PT Mega Elektronik,Gudang Cabang (Bandung)
CASE-0241,Data Barang Dibuat,2026-08-29 08:00:00,BRG-241,Blender High Power,Peralatan Rumah Tangga,698000,907000,205,PT Mandiri Utama,Gudang Cabang (Bandung)
CASE-0241,Data Barang Diverifikasi,2026-08-29 08:15:00,BRG-241,Blender High Power,Peralatan Rumah Tangga,698000,907000,205,PT Mandiri Utama,Gudang Cabang (Bandung)
CASE-0241,Barang Ditempatkan,2026-08-29 08:30:00,BRG-241,Blender High Power,Peralatan Rumah Tangga,698000,907000,205,PT Mandiri Utama,Gudang Cabang (Bandung)
CASE-0241,Stok Dicatat,2026-08-29 08:45:00,BRG-241,Blender High Power,Peralatan Rumah Tangga,698000,907000,205,PT Mandiri Utama,Gudang Cabang (Bandung)
CASE-0242,Data Barang Dibuat,2026-08-30 08:00:00,BRG-242,Switch Gigabit 16-Port,Peralatan Jaringan,1024000,1375000,205,PT Mandiri Utama,Gudang Cabang (Bandung)
CASE-0242,Data Barang Diverifikasi,2026-08-30 08:15:00,BRG-242,Switch Gigabit 16-Port,Peralatan Jaringan,1024000,1375000,205,PT Mandiri Utama,Gudang Cabang (Bandung)
CASE-0242,Barang Ditempatkan,2026-08-30 08:30:00,BRG-242,Switch Gigabit 16-Port,Peralatan Jaringan,1024000,1375000,205,PT Mandiri Utama,Gudang Cabang (Bandung)
CASE-0242,Stok Dicatat,2026-08-30 08:45:00,BRG-242,Switch Gigabit 16-Port,Peralatan Jaringan,1024000,1375000,205,PT Mandiri Utama,Gudang Cabang (Bandung)
CASE-0243,Data Barang Dibuat,2026-08-31 08:00:00,BRG-243,Proyektor Portable,Peralatan Kantor,4047000,5027000,77,PT Mandiri Utama,Gudang Cabang (Medan)
CASE-0243,Data Barang Diverifikasi,2026-08-31 08:15:00,BRG-243,Proyektor Portable,Peralatan Kantor,4047000,5027000,77,PT Mandiri Utama,Gudang Cabang (Medan)
CASE-0243,Barang Ditempatkan,2026-08-31 08:30:00,BRG-243,Proyektor Portable,Peralatan Kantor,4047000,5027000,77,PT Mandiri Utama,Gudang Cabang (Medan)
CASE-0243,Stok Dicatat,2026-08-31 08:45:00,BRG-243,Proyektor Portable,Peralatan Kantor,4047000,5027000,77,PT Mandiri Utama,Gudang Cabang (Medan)
CASE-0244,Data Barang Dibuat,2026-09-01 08:00:00,BRG-244,Keyboard Mekanikal,Aksesoris Komputer,1034000,1217000,69,PT Techindo Jaya,Gudang Cabang (Medan)
CASE-0244,Data Barang Diverifikasi,2026-09-01 08:15:00,BRG-244,Keyboard Mekanikal,Aksesoris Komputer,1034000,1217000,69,PT Techindo Jaya,Gudang Cabang (Medan)
CASE-0244,Barang Ditempatkan,2026-09-01 08:30:00,BRG-244,Keyboard Mekanikal,Aksesoris Komputer,1034000,1217000,69,PT Techindo Jaya,Gudang Cabang (Medan)
CASE-0244,Stok Dicatat,2026-09-01 08:45:00,BRG-244,Keyboard Mekanikal,Aksesoris Komputer,1034000,1217000,69,PT Techindo Jaya,Gudang Cabang (Medan)
CASE-0245,Data Barang Dibuat,2026-09-02 08:00:00,BRG-245,Proyektor Portable,Peralatan Kantor,2630000,3398000,137,PT Techindo Jaya,Gudang Cabang (Surabaya)
CASE-0245,Data Barang Diverifikasi,2026-09-02 08:15:00,BRG-245,Proyektor Portable,Peralatan Kantor,2630000,3398000,137,PT Techindo Jaya,Gudang Cabang (Surabaya)
CASE-0245,Barang Ditempatkan,2026-09-02 08:30:00,BRG-245,Proyektor Portable,Peralatan Kantor,2630000,3398000,137,PT Techindo Jaya,Gudang Cabang (Surabaya)
CASE-0245,Stok Dicatat,2026-09-02 08:45:00,BRG-245,Proyektor Portable,Peralatan Kantor,2630000,3398000,137,PT Techindo Jaya,Gudang Cabang (Surabaya)
CASE-0246,Data Barang Dibuat,2026-09-03 08:00:00,BRG-246,Smartphone Flagship,Elektronik,12576000,15592000,136,CV Sentosa Perkasa,Gudang Cabang (Medan)
CASE-0246,Data Barang Diverifikasi,2026-09-03 08:15:00,BRG-246,Smartphone Flagship,Elektronik,12576000,15592000,136,CV Sentosa Perkasa,Gudang Cabang (Medan)
CASE-0246,Barang Ditempatkan,2026-09-03 08:30:00,BRG-246,Smartphone Flagship,Elektronik,12576000,15592000,136,CV Sentosa Perkasa,Gudang Cabang (Medan)
CASE-0246,Stok Dicatat,2026-09-03 08:45:00,BRG-246,Smartphone Flagship,Elektronik,12576000,15592000,136,CV Sentosa Perkasa,Gudang Cabang (Medan)
CASE-0247,Data Barang Dibuat,2026-09-04 08:00:00,BRG-247,Smartphone Flagship,Elektronik,15568000,20657000,243,PT Techindo Jaya,Gudang Cabang (Medan)
CASE-0247,Data Barang Diverifikasi,2026-09-04 08:15:00,BRG-247,Smartphone Flagship,Elektronik,15568000,20657000,243,PT Techindo Jaya,Gudang Cabang (Medan)
CASE-0247,Barang Ditempatkan,2026-09-04 08:30:00,BRG-247,Smartphone Flagship,Elektronik,15568000,20657000,243,PT Techindo Jaya,Gudang Cabang (Medan)
CASE-0247,Stok Dicatat,2026-09-04 08:45:00,BRG-247,Smartphone Flagship,Elektronik,15568000,20657000,243,PT Techindo Jaya,Gudang Cabang (Medan)
CASE-0248,Data Barang Dibuat,2026-09-05 08:00:00,BRG-248,Smart TV 55 Inch,Elektronik,9211000,11281000,103,PT Techindo Jaya,Gudang Cabang (Surabaya)
CASE-0248,Data Barang Diverifikasi,2026-09-05 08:15:00,BRG-248,Smart TV 55 Inch,Elektronik,9211000,11281000,103,PT Techindo Jaya,Gudang Cabang (Surabaya)
CASE-0248,Barang Ditempatkan,2026-09-05 08:30:00,BRG-248,Smart TV 55 Inch,Elektronik,9211000,11281000,103,PT Techindo Jaya,Gudang Cabang (Surabaya)
CASE-0248,Stok Dicatat,2026-09-05 08:45:00,BRG-248,Smart TV 55 Inch,Elektronik,9211000,11281000,103,PT Techindo Jaya,Gudang Cabang (Surabaya)
CASE-0249,Data Barang Dibuat,2026-09-06 08:00:00,BRG-249,Mouse Wireless RGB,Aksesoris Komputer,317000,423000,219,PT Indo Sarana,Gudang Cabang (Surabaya)
CASE-0249,Data Barang Diverifikasi,2026-09-06 08:15:00,BRG-249,Mouse Wireless RGB,Aksesoris Komputer,317000,423000,219,PT Indo Sarana,Gudang Cabang (Surabaya)
CASE-0249,Barang Ditempatkan,2026-09-06 08:30:00,BRG-249,Mouse Wireless RGB,Aksesoris Komputer,317000,423000,219,PT Indo Sarana,Gudang Cabang (Surabaya)
CASE-0249,Stok Dicatat,2026-09-06 08:45:00,BRG-249,Mouse Wireless RGB,Aksesoris Komputer,317000,423000,219,PT Indo Sarana,Gudang Cabang (Surabaya)
CASE-0250,Data Barang Dibuat,2026-09-07 08:00:00,BRG-250,Keyboard Mekanikal,Aksesoris Komputer,440000,531000,217,PT Mandiri Utama,Gudang Cabang (Bandung)
CASE-0250,Data Barang Diverifikasi,2026-09-07 08:15:00,BRG-250,Keyboard Mekanikal,Aksesoris Komputer,440000,531000,217,PT Mandiri Utama,Gudang Cabang (Bandung)
CASE-0250,Barang Ditempatkan,2026-09-07 08:30:00,BRG-250,Keyboard Mekanikal,Aksesoris Komputer,440000,531000,217,PT Mandiri Utama,Gudang Cabang (Bandung)
CASE-0250,Stok Dicatat,2026-09-07 08:45:00,BRG-250,Keyboard Mekanikal,Aksesoris Komputer,440000,531000,217,PT Mandiri Utama,Gudang Cabang (Bandung)
CASE-0251,Data Barang Dibuat,2026-09-08 08:00:00,BRG-251,Microwave Digital,Peralatan Rumah Tangga,2190000,2520000,25,PT Techindo Jaya,Gudang Cabang (Surabaya)
CASE-0251,Data Barang Diverifikasi,2026-09-08 08:15:00,BRG-251,Microwave Digital,Peralatan Rumah Tangga,2190000,2520000,25,PT Techindo Jaya,Gudang Cabang (Surabaya)
CASE-0251,Barang Ditempatkan,2026-09-08 08:30:00,BRG-251,Microwave Digital,Peralatan Rumah Tangga,2190000,2520000,25,PT Techindo Jaya,Gudang Cabang (Surabaya)
CASE-0251,Stok Dicatat,2026-09-08 08:45:00,BRG-251,Microwave Digital,Peralatan Rumah Tangga,2190000,2520000,25,PT Techindo Jaya,Gudang Cabang (Surabaya)
CASE-0252,Data Barang Dibuat,2026-09-09 08:00:00,BRG-252,Keyboard Mekanikal,Aksesoris Komputer,975000,1304000,160,CV Bina Logistik,Gudang Cabang (Medan)
CASE-0252,Data Barang Diverifikasi,2026-09-09 08:15:00,BRG-252,Keyboard Mekanikal,Aksesoris Komputer,975000,1304000,160,CV Bina Logistik,Gudang Cabang (Medan)
CASE-0252,Barang Ditempatkan,2026-09-09 08:30:00,BRG-252,Keyboard Mekanikal,Aksesoris Komputer,975000,1304000,160,CV Bina Logistik,Gudang Cabang (Medan)
CASE-0252,Stok Dicatat,2026-09-09 08:45:00,BRG-252,Keyboard Mekanikal,Aksesoris Komputer,975000,1304000,160,CV Bina Logistik,Gudang Cabang (Medan)
CASE-0253,Data Barang Dibuat,2026-09-10 08:00:00,BRG-253,Monitor 4K 27 Inch,Elektronik,4496000,5441000,17,CV Sentosa Perkasa,Gudang Cabang (Medan)
CASE-0253,Data Barang Diverifikasi,2026-09-10 08:15:00,BRG-253,Monitor 4K 27 Inch,Elektronik,4496000,5441000,17,CV Sentosa Perkasa,Gudang Cabang (Medan)
CASE-0253,Barang Ditempatkan,2026-09-10 08:30:00,BRG-253,Monitor 4K 27 Inch,Elektronik,4496000,5441000,17,CV Sentosa Perkasa,Gudang Cabang (Medan)
CASE-0253,Stok Dicatat,2026-09-10 08:45:00,BRG-253,Monitor 4K 27 Inch,Elektronik,4496000,5441000,17,CV Sentosa Perkasa,Gudang Cabang (Medan)
CASE-0254,Data Barang Dibuat,2026-09-11 08:00:00,BRG-254,NAS Storage 2-Bay,Peralatan Jaringan,2763000,3238000,236,PT Mandiri Utama,Gudang Utama (Jakarta)
CASE-0254,Data Barang Diverifikasi,2026-09-11 08:15:00,BRG-254,NAS Storage 2-Bay,Peralatan Jaringan,2763000,3238000,236,PT Mandiri Utama,Gudang Utama (Jakarta)
CASE-0254,Barang Ditempatkan,2026-09-11 08:30:00,BRG-254,NAS Storage 2-Bay,Peralatan Jaringan,2763000,3238000,236,PT Mandiri Utama,Gudang Utama (Jakarta)
CASE-0254,Stok Dicatat,2026-09-11 08:45:00,BRG-254,NAS Storage 2-Bay,Peralatan Jaringan,2763000,3238000,236,PT Mandiri Utama,Gudang Utama (Jakarta)
CASE-0255,Data Barang Dibuat,2026-09-12 08:00:00,BRG-255,Switch Gigabit 16-Port,Peralatan Jaringan,1453000,1712000,114,PT Techindo Jaya,Gudang Cabang (Surabaya)
CASE-0255,Data Barang Diverifikasi,2026-09-12 08:15:00,BRG-255,Switch Gigabit 16-Port,Peralatan Jaringan,1453000,1712000,114,PT Techindo Jaya,Gudang Cabang (Surabaya)
CASE-0255,Barang Ditempatkan,2026-09-12 08:30:00,BRG-255,Switch Gigabit 16-Port,Peralatan Jaringan,1453000,1712000,114,PT Techindo Jaya,Gudang Cabang (Surabaya)
CASE-0255,Stok Dicatat,2026-09-12 08:45:00,BRG-255,Switch Gigabit 16-Port,Peralatan Jaringan,1453000,1712000,114,PT Techindo Jaya,Gudang Cabang (Surabaya)
CASE-0256,Data Barang Dibuat,2026-09-13 08:00:00,BRG-256,External SSD 1TB,Aksesoris Komputer,1536000,1823000,176,PT Techindo Jaya,Gudang Cabang (Surabaya)
CASE-0256,Data Barang Diverifikasi,2026-09-13 08:15:00,BRG-256,External SSD 1TB,Aksesoris Komputer,1536000,1823000,176,PT Techindo Jaya,Gudang Cabang (Surabaya)
CASE-0256,Barang Ditempatkan,2026-09-13 08:30:00,BRG-256,External SSD 1TB,Aksesoris Komputer,1536000,1823000,176,PT Techindo Jaya,Gudang Cabang (Surabaya)
CASE-0256,Stok Dicatat,2026-09-13 08:45:00,BRG-256,External SSD 1TB,Aksesoris Komputer,1536000,1823000,176,PT Techindo Jaya,Gudang Cabang (Surabaya)
CASE-0257,Data Barang Dibuat,2026-09-14 08:00:00,BRG-257,Tablet Grafis,Elektronik,4782000,5984000,134,CV Bina Logistik,Gudang Utama (Jakarta)
CASE-0257,Data Barang Diverifikasi,2026-09-14 08:15:00,BRG-257,Tablet Grafis,Elektronik,4782000,5984000,134,CV Bina Logistik,Gudang Utama (Jakarta)
CASE-0257,Barang Ditempatkan,2026-09-14 08:30:00,BRG-257,Tablet Grafis,Elektronik,4782000,5984000,134,CV Bina Logistik,Gudang Utama (Jakarta)
CASE-0257,Stok Dicatat,2026-09-14 08:45:00,BRG-257,Tablet Grafis,Elektronik,4782000,5984000,134,CV Bina Logistik,Gudang Utama (Jakarta)
CASE-0258,Data Barang Dibuat,2026-09-15 08:00:00,BRG-258,Microwave Digital,Peralatan Rumah Tangga,991000,1265000,100,PT Mega Elektronik,Gudang Utama (Jakarta)
CASE-0258,Data Barang Diverifikasi,2026-09-15 08:15:00,BRG-258,Microwave Digital,Peralatan Rumah Tangga,991000,1265000,100,PT Mega Elektronik,Gudang Utama (Jakarta)
CASE-0258,Barang Ditempatkan,2026-09-15 08:30:00,BRG-258,Microwave Digital,Peralatan Rumah Tangga,991000,1265000,100,PT Mega Elektronik,Gudang Utama (Jakarta)
CASE-0258,Stok Dicatat,2026-09-15 08:45:00,BRG-258,Microwave Digital,Peralatan Rumah Tangga,991000,1265000,100,PT Mega Elektronik,Gudang Utama (Jakarta)
CASE-0259,Data Barang Dibuat,2026-09-16 08:00:00,BRG-259,Kursi Ergonomis,Peralatan Kantor,2646000,3170000,173,PT Indo Sarana,Gudang Utama (Jakarta)
CASE-0259,Data Barang Diverifikasi,2026-09-16 08:15:00,BRG-259,Kursi Ergonomis,Peralatan Kantor,2646000,3170000,173,PT Indo Sarana,Gudang Utama (Jakarta)
CASE-0259,Barang Ditempatkan,2026-09-16 08:30:00,BRG-259,Kursi Ergonomis,Peralatan Kantor,2646000,3170000,173,PT Indo Sarana,Gudang Utama (Jakarta)
CASE-0259,Stok Dicatat,2026-09-16 08:45:00,BRG-259,Kursi Ergonomis,Peralatan Kantor,2646000,3170000,173,PT Indo Sarana,Gudang Utama (Jakarta)
CASE-0260,Data Barang Dibuat,2026-09-17 08:00:00,BRG-260,Access Point Enterprise,Peralatan Jaringan,1479000,1713000,144,PT Mega Elektronik,Gudang Cabang (Bandung)
CASE-0260,Data Barang Diverifikasi,2026-09-17 08:15:00,BRG-260,Access Point Enterprise,Peralatan Jaringan,1479000,1713000,144,PT Mega Elektronik,Gudang Cabang (Bandung)
CASE-0260,Barang Ditempatkan,2026-09-17 08:30:00,BRG-260,Access Point Enterprise,Peralatan Jaringan,1479000,1713000,144,PT Mega Elektronik,Gudang Cabang (Bandung)
CASE-0260,Stok Dicatat,2026-09-17 08:45:00,BRG-260,Access Point Enterprise,Peralatan Jaringan,1479000,1713000,144,PT Mega Elektronik,Gudang Cabang (Bandung)
CASE-0261,Data Barang Dibuat,2026-09-18 08:00:00,BRG-261,Microwave Digital,Peralatan Rumah Tangga,1282000,1682000,21,PT Indo Sarana,Gudang Cabang (Medan)
CASE-0261,Data Barang Diverifikasi,2026-09-18 08:15:00,BRG-261,Microwave Digital,Peralatan Rumah Tangga,1282000,1682000,21,PT Indo Sarana,Gudang Cabang (Medan)
CASE-0261,Barang Ditempatkan,2026-09-18 08:30:00,BRG-261,Microwave Digital,Peralatan Rumah Tangga,1282000,1682000,21,PT Indo Sarana,Gudang Cabang (Medan)
CASE-0261,Stok Dicatat,2026-09-18 08:45:00,BRG-261,Microwave Digital,Peralatan Rumah Tangga,1282000,1682000,21,PT Indo Sarana,Gudang Cabang (Medan)
CASE-0262,Data Barang Dibuat,2026-09-19 08:00:00,BRG-262,Monitor 4K 27 Inch,Elektronik,4345000,5034000,56,PT Techindo Jaya,Gudang Cabang (Surabaya)
CASE-0262,Data Barang Diverifikasi,2026-09-19 08:15:00,BRG-262,Monitor 4K 27 Inch,Elektronik,4345000,5034000,56,PT Techindo Jaya,Gudang Cabang (Surabaya)
CASE-0262,Barang Ditempatkan,2026-09-19 08:30:00,BRG-262,Monitor 4K 27 Inch,Elektronik,4345000,5034000,56,PT Techindo Jaya,Gudang Cabang (Surabaya)
CASE-0262,Stok Dicatat,2026-09-19 08:45:00,BRG-262,Monitor 4K 27 Inch,Elektronik,4345000,5034000,56,PT Techindo Jaya,Gudang Cabang (Surabaya)
CASE-0263,Data Barang Dibuat,2026-09-20 08:00:00,BRG-263,Proyektor Portable,Peralatan Kantor,3870000,5216000,144,PT Mandiri Utama,Gudang Cabang (Surabaya)
CASE-0263,Data Barang Diverifikasi,2026-09-20 08:15:00,BRG-263,Proyektor Portable,Peralatan Kantor,3870000,5216000,144,PT Mandiri Utama,Gudang Cabang (Surabaya)
CASE-0263,Barang Ditempatkan,2026-09-20 08:30:00,BRG-263,Proyektor Portable,Peralatan Kantor,3870000,5216000,144,PT Mandiri Utama,Gudang Cabang (Surabaya)
CASE-0263,Stok Dicatat,2026-09-20 08:45:00,BRG-263,Proyektor Portable,Peralatan Kantor,3870000,5216000,144,PT Mandiri Utama,Gudang Cabang (Surabaya)
CASE-0264,Data Barang Dibuat,2026-09-21 08:00:00,BRG-264,Smartphone Flagship,Elektronik,12800000,15633000,204,PT Techindo Jaya,Gudang Cabang (Surabaya)
CASE-0264,Data Barang Diverifikasi,2026-09-21 08:15:00,BRG-264,Smartphone Flagship,Elektronik,12800000,15633000,204,PT Techindo Jaya,Gudang Cabang (Surabaya)
CASE-0264,Barang Ditempatkan,2026-09-21 08:30:00,BRG-264,Smartphone Flagship,Elektronik,12800000,15633000,204,PT Techindo Jaya,Gudang Cabang (Surabaya)
CASE-0264,Stok Dicatat,2026-09-21 08:45:00,BRG-264,Smartphone Flagship,Elektronik,12800000,15633000,204,PT Techindo Jaya,Gudang Cabang (Surabaya)
CASE-0265,Data Barang Dibuat,2026-09-22 08:00:00,BRG-265,Kursi Ergonomis,Peralatan Kantor,2743000,3394000,107,PT Indo Sarana,Gudang Cabang (Medan)
CASE-0265,Data Barang Diverifikasi,2026-09-22 08:15:00,BRG-265,Kursi Ergonomis,Peralatan Kantor,2743000,3394000,107,PT Indo Sarana,Gudang Cabang (Medan)
CASE-0265,Barang Ditempatkan,2026-09-22 08:30:00,BRG-265,Kursi Ergonomis,Peralatan Kantor,2743000,3394000,107,PT Indo Sarana,Gudang Cabang (Medan)
CASE-0265,Stok Dicatat,2026-09-22 08:45:00,BRG-265,Kursi Ergonomis,Peralatan Kantor,2743000,3394000,107,PT Indo Sarana,Gudang Cabang (Medan)
CASE-0266,Data Barang Dibuat,2026-09-23 08:00:00,BRG-266,Robot Vacuum Cleaner,Peralatan Rumah Tangga,2783000,3476000,132,PT Mega Elektronik,Gudang Cabang (Surabaya)
CASE-0266,Data Barang Diverifikasi,2026-09-23 08:15:00,BRG-266,Robot Vacuum Cleaner,Peralatan Rumah Tangga,2783000,3476000,132,PT Mega Elektronik,Gudang Cabang (Surabaya)
CASE-0266,Barang Ditempatkan,2026-09-23 08:30:00,BRG-266,Robot Vacuum Cleaner,Peralatan Rumah Tangga,2783000,3476000,132,PT Mega Elektronik,Gudang Cabang (Surabaya)
CASE-0266,Stok Dicatat,2026-09-23 08:45:00,BRG-266,Robot Vacuum Cleaner,Peralatan Rumah Tangga,2783000,3476000,132,PT Mega Elektronik,Gudang Cabang (Surabaya)
CASE-0267,Data Barang Dibuat,2026-09-24 08:00:00,BRG-267,Smart TV 55 Inch,Elektronik,5662000,6998000,215,CV Sentosa Perkasa,Gudang Cabang (Surabaya)
CASE-0267,Data Barang Diverifikasi,2026-09-24 08:15:00,BRG-267,Smart TV 55 Inch,Elektronik,5662000,6998000,215,CV Sentosa Perkasa,Gudang Cabang (Surabaya)
CASE-0267,Barang Ditempatkan,2026-09-24 08:30:00,BRG-267,Smart TV 55 Inch,Elektronik,5662000,6998000,215,CV Sentosa Perkasa,Gudang Cabang (Surabaya)
CASE-0267,Stok Dicatat,2026-09-24 08:45:00,BRG-267,Smart TV 55 Inch,Elektronik,5662000,6998000,215,CV Sentosa Perkasa,Gudang Cabang (Surabaya)
CASE-0268,Data Barang Dibuat,2026-09-25 08:00:00,BRG-268,Kursi Ergonomis,Peralatan Kantor,1535000,1865000,80,PT Mega Elektronik,Gudang Cabang (Medan)
CASE-0268,Data Barang Diverifikasi,2026-09-25 08:15:00,BRG-268,Kursi Ergonomis,Peralatan Kantor,1535000,1865000,80,PT Mega Elektronik,Gudang Cabang (Medan)
CASE-0268,Barang Ditempatkan,2026-09-25 08:30:00,BRG-268,Kursi Ergonomis,Peralatan Kantor,1535000,1865000,80,PT Mega Elektronik,Gudang Cabang (Medan)
CASE-0268,Stok Dicatat,2026-09-25 08:45:00,BRG-268,Kursi Ergonomis,Peralatan Kantor,1535000,1865000,80,PT Mega Elektronik,Gudang Cabang (Medan)
CASE-0269,Data Barang Dibuat,2026-09-26 08:00:00,BRG-269,NAS Storage 2-Bay,Peralatan Jaringan,3198000,4118000,94,PT Mandiri Utama,Gudang Utama (Jakarta)
CASE-0269,Data Barang Diverifikasi,2026-09-26 08:15:00,BRG-269,NAS Storage 2-Bay,Peralatan Jaringan,3198000,4118000,94,PT Mandiri Utama,Gudang Utama (Jakarta)
CASE-0269,Barang Ditempatkan,2026-09-26 08:30:00,BRG-269,NAS Storage 2-Bay,Peralatan Jaringan,3198000,4118000,94,PT Mandiri Utama,Gudang Utama (Jakarta)
CASE-0269,Stok Dicatat,2026-09-26 08:45:00,BRG-269,NAS Storage 2-Bay,Peralatan Jaringan,3198000,4118000,94,PT Mandiri Utama,Gudang Utama (Jakarta)
CASE-0270,Data Barang Dibuat,2026-09-27 08:00:00,BRG-270,Proyektor Portable,Peralatan Kantor,4024000,4848000,207,PT Techindo Jaya,Gudang Utama (Jakarta)
CASE-0270,Data Barang Diverifikasi,2026-09-27 08:15:00,BRG-270,Proyektor Portable,Peralatan Kantor,4024000,4848000,207,PT Techindo Jaya,Gudang Utama (Jakarta)
CASE-0270,Barang Ditempatkan,2026-09-27 08:30:00,BRG-270,Proyektor Portable,Peralatan Kantor,4024000,4848000,207,PT Techindo Jaya,Gudang Utama (Jakarta)
CASE-0270,Stok Dicatat,2026-09-27 08:45:00,BRG-270,Proyektor Portable,Peralatan Kantor,4024000,4848000,207,PT Techindo Jaya,Gudang Utama (Jakarta)
CASE-0271,Data Barang Dibuat,2026-09-28 08:00:00,BRG-271,Robot Vacuum Cleaner,Peralatan Rumah Tangga,4152000,5440000,178,CV Sentosa Perkasa,Gudang Utama (Jakarta)
CASE-0271,Data Barang Diverifikasi,2026-09-28 08:15:00,BRG-271,Robot Vacuum Cleaner,Peralatan Rumah Tangga,4152000,5440000,178,CV Sentosa Perkasa,Gudang Utama (Jakarta)
CASE-0271,Barang Ditempatkan,2026-09-28 08:30:00,BRG-271,Robot Vacuum Cleaner,Peralatan Rumah Tangga,4152000,5440000,178,CV Sentosa Perkasa,Gudang Utama (Jakarta)
CASE-0271,Stok Dicatat,2026-09-28 08:45:00,BRG-271,Robot Vacuum Cleaner,Peralatan Rumah Tangga,4152000,5440000,178,CV Sentosa Perkasa,Gudang Utama (Jakarta)
CASE-0272,Data Barang Dibuat,2026-09-29 08:00:00,BRG-272,External SSD 1TB,Aksesoris Komputer,1559000,1803000,22,CV Sentosa Perkasa,Gudang Cabang (Surabaya)
CASE-0272,Data Barang Diverifikasi,2026-09-29 08:15:00,BRG-272,External SSD 1TB,Aksesoris Komputer,1559000,1803000,22,CV Sentosa Perkasa,Gudang Cabang (Surabaya)
CASE-0272,Barang Ditempatkan,2026-09-29 08:30:00,BRG-272,External SSD 1TB,Aksesoris Komputer,1559000,1803000,22,CV Sentosa Perkasa,Gudang Cabang (Surabaya)
CASE-0272,Stok Dicatat,2026-09-29 08:45:00,BRG-272,External SSD 1TB,Aksesoris Komputer,1559000,1803000,22,CV Sentosa Perkasa,Gudang Cabang (Surabaya)
CASE-0273,Data Barang Dibuat,2026-09-30 08:00:00,BRG-273,Paper Shredder Heavy-Duty,Peralatan Kantor,1989000,2300000,44,PT Indo Sarana,Gudang Cabang (Medan)
CASE-0273,Data Barang Diverifikasi,2026-09-30 08:15:00,BRG-273,Paper Shredder Heavy-Duty,Peralatan Kantor,1989000,2300000,44,PT Indo Sarana,Gudang Cabang (Medan)
CASE-0273,Barang Ditempatkan,2026-09-30 08:30:00,BRG-273,Paper Shredder Heavy-Duty,Peralatan Kantor,1989000,2300000,44,PT Indo Sarana,Gudang Cabang (Medan)
CASE-0273,Stok Dicatat,2026-09-30 08:45:00,BRG-273,Paper Shredder Heavy-Duty,Peralatan Kantor,1989000,2300000,44,PT Indo Sarana,Gudang Cabang (Medan)
CASE-0274,Data Barang Dibuat,2026-10-01 08:00:00,BRG-274,Printer Laser Multifungsi,Peralatan Kantor,3662000,4770000,151,CV Sentosa Perkasa,Gudang Cabang (Surabaya)
CASE-0274,Data Barang Diverifikasi,2026-10-01 08:15:00,BRG-274,Printer Laser Multifungsi,Peralatan Kantor,3662000,4770000,151,CV Sentosa Perkasa,Gudang Cabang (Surabaya)
CASE-0274,Barang Ditempatkan,2026-10-01 08:30:00,BRG-274,Printer Laser Multifungsi,Peralatan Kantor,3662000,4770000,151,CV Sentosa Perkasa,Gudang Cabang (Surabaya)
CASE-0274,Stok Dicatat,2026-10-01 08:45:00,BRG-274,Printer Laser Multifungsi,Peralatan Kantor,3662000,4770000,151,CV Sentosa Perkasa,Gudang Cabang (Surabaya)
CASE-0275,Data Barang Dibuat,2026-10-02 08:00:00,BRG-275,Robot Vacuum Cleaner,Peralatan Rumah Tangga,4724000,5695000,250,PT Techindo Jaya,Gudang Utama (Jakarta)
CASE-0275,Data Barang Diverifikasi,2026-10-02 08:15:00,BRG-275,Robot Vacuum Cleaner,Peralatan Rumah Tangga,4724000,5695000,250,PT Techindo Jaya,Gudang Utama (Jakarta)
CASE-0275,Barang Ditempatkan,2026-10-02 08:30:00,BRG-275,Robot Vacuum Cleaner,Peralatan Rumah Tangga,4724000,5695000,250,PT Techindo Jaya,Gudang Utama (Jakarta)
CASE-0275,Stok Dicatat,2026-10-02 08:45:00,BRG-275,Robot Vacuum Cleaner,Peralatan Rumah Tangga,4724000,5695000,250,PT Techindo Jaya,Gudang Utama (Jakarta)
CASE-0276,Data Barang Dibuat,2026-10-03 08:00:00,BRG-276,Webcam HD 1080p,Aksesoris Komputer,521000,639000,148,PT Techindo Jaya,Gudang Cabang (Surabaya)
CASE-0276,Data Barang Diverifikasi,2026-10-03 08:15:00,BRG-276,Webcam HD 1080p,Aksesoris Komputer,521000,639000,148,PT Techindo Jaya,Gudang Cabang (Surabaya)
CASE-0276,Barang Ditempatkan,2026-10-03 08:30:00,BRG-276,Webcam HD 1080p,Aksesoris Komputer,521000,639000,148,PT Techindo Jaya,Gudang Cabang (Surabaya)
CASE-0276,Stok Dicatat,2026-10-03 08:45:00,BRG-276,Webcam HD 1080p,Aksesoris Komputer,521000,639000,148,PT Techindo Jaya,Gudang Cabang (Surabaya)
CASE-0277,Data Barang Dibuat,2026-10-04 08:00:00,BRG-277,Paper Shredder Heavy-Duty,Peralatan Kantor,1249000,1685000,78,PT Indo Sarana,Gudang Cabang (Medan)
CASE-0277,Data Barang Diverifikasi,2026-10-04 08:15:00,BRG-277,Paper Shredder Heavy-Duty,Peralatan Kantor,1249000,1685000,78,PT Indo Sarana,Gudang Cabang (Medan)
CASE-0277,Barang Ditempatkan,2026-10-04 08:30:00,BRG-277,Paper Shredder Heavy-Duty,Peralatan Kantor,1249000,1685000,78,PT Indo Sarana,Gudang Cabang (Medan)
CASE-0277,Stok Dicatat,2026-10-04 08:45:00,BRG-277,Paper Shredder Heavy-Duty,Peralatan Kantor,1249000,1685000,78,PT Indo Sarana,Gudang Cabang (Medan)
CASE-0278,Data Barang Dibuat,2026-10-05 08:00:00,BRG-278,Mouse Wireless RGB,Aksesoris Komputer,221000,291000,120,CV Sentosa Perkasa,Gudang Cabang (Medan)
CASE-0278,Data Barang Diverifikasi,2026-10-05 08:15:00,BRG-278,Mouse Wireless RGB,Aksesoris Komputer,221000,291000,120,CV Sentosa Perkasa,Gudang Cabang (Medan)
CASE-0278,Barang Ditempatkan,2026-10-05 08:30:00,BRG-278,Mouse Wireless RGB,Aksesoris Komputer,221000,291000,120,CV Sentosa Perkasa,Gudang Cabang (Medan)
CASE-0278,Stok Dicatat,2026-10-05 08:45:00,BRG-278,Mouse Wireless RGB,Aksesoris Komputer,221000,291000,120,CV Sentosa Perkasa,Gudang Cabang (Medan)
CASE-0279,Data Barang Dibuat,2026-10-06 08:00:00,BRG-279,Monitor 4K 27 Inch,Elektronik,6301000,7683000,21,CV Bina Logistik,Gudang Cabang (Surabaya)
CASE-0279,Data Barang Diverifikasi,2026-10-06 08:15:00,BRG-279,Monitor 4K 27 Inch,Elektronik,6301000,7683000,21,CV Bina Logistik,Gudang Cabang (Surabaya)
CASE-0279,Barang Ditempatkan,2026-10-06 08:30:00,BRG-279,Monitor 4K 27 Inch,Elektronik,6301000,7683000,21,CV Bina Logistik,Gudang Cabang (Surabaya)
CASE-0279,Stok Dicatat,2026-10-06 08:45:00,BRG-279,Monitor 4K 27 Inch,Elektronik,6301000,7683000,21,CV Bina Logistik,Gudang Cabang (Surabaya)
CASE-0280,Data Barang Dibuat,2026-10-07 08:00:00,BRG-280,Meja Stand-Desk Auto,Peralatan Kantor,5485000,7086000,184,PT Indo Sarana,Gudang Cabang (Bandung)
CASE-0280,Data Barang Diverifikasi,2026-10-07 08:15:00,BRG-280,Meja Stand-Desk Auto,Peralatan Kantor,5485000,7086000,184,PT Indo Sarana,Gudang Cabang (Bandung)
CASE-0280,Barang Ditempatkan,2026-10-07 08:30:00,BRG-280,Meja Stand-Desk Auto,Peralatan Kantor,5485000,7086000,184,PT Indo Sarana,Gudang Cabang (Bandung)
CASE-0280,Stok Dicatat,2026-10-07 08:45:00,BRG-280,Meja Stand-Desk Auto,Peralatan Kantor,5485000,7086000,184,PT Indo Sarana,Gudang Cabang (Bandung)
CASE-0281,Data Barang Dibuat,2026-10-08 08:00:00,BRG-281,Proyektor Portable,Peralatan Kantor,3140000,3687000,56,CV Sentosa Perkasa,Gudang Cabang (Bandung)
CASE-0281,Data Barang Diverifikasi,2026-10-08 08:15:00,BRG-281,Proyektor Portable,Peralatan Kantor,3140000,3687000,56,CV Sentosa Perkasa,Gudang Cabang (Bandung)
CASE-0281,Barang Ditempatkan,2026-10-08 08:30:00,BRG-281,Proyektor Portable,Peralatan Kantor,3140000,3687000,56,CV Sentosa Perkasa,Gudang Cabang (Bandung)
CASE-0281,Stok Dicatat,2026-10-08 08:45:00,BRG-281,Proyektor Portable,Peralatan Kantor,3140000,3687000,56,CV Sentosa Perkasa,Gudang Cabang (Bandung)
CASE-0282,Data Barang Dibuat,2026-10-09 08:00:00,BRG-282,Air Purifier HEPA,Peralatan Rumah Tangga,1956000,2466000,99,PT Mandiri Utama,Gudang Cabang (Bandung)
CASE-0282,Data Barang Diverifikasi,2026-10-09 08:15:00,BRG-282,Air Purifier HEPA,Peralatan Rumah Tangga,1956000,2466000,99,PT Mandiri Utama,Gudang Cabang (Bandung)
CASE-0282,Barang Ditempatkan,2026-10-09 08:30:00,BRG-282,Air Purifier HEPA,Peralatan Rumah Tangga,1956000,2466000,99,PT Mandiri Utama,Gudang Cabang (Bandung)
CASE-0282,Stok Dicatat,2026-10-09 08:45:00,BRG-282,Air Purifier HEPA,Peralatan Rumah Tangga,1956000,2466000,99,PT Mandiri Utama,Gudang Cabang (Bandung)
CASE-0283,Data Barang Dibuat,2026-10-10 08:00:00,BRG-283,Router Wi-Fi 6,Peralatan Jaringan,737000,893000,188,PT Indo Sarana,Gudang Cabang (Medan)
CASE-0283,Data Barang Diverifikasi,2026-10-10 08:15:00,BRG-283,Router Wi-Fi 6,Peralatan Jaringan,737000,893000,188,PT Indo Sarana,Gudang Cabang (Medan)
CASE-0283,Barang Ditempatkan,2026-10-10 08:30:00,BRG-283,Router Wi-Fi 6,Peralatan Jaringan,737000,893000,188,PT Indo Sarana,Gudang Cabang (Medan)
CASE-0283,Stok Dicatat,2026-10-10 08:45:00,BRG-283,Router Wi-Fi 6,Peralatan Jaringan,737000,893000,188,PT Indo Sarana,Gudang Cabang (Medan)
CASE-0284,Data Barang Dibuat,2026-10-11 08:00:00,BRG-284,NAS Storage 2-Bay,Peralatan Jaringan,4217000,5543000,23,CV Sentosa Perkasa,Gudang Cabang (Surabaya)
CASE-0284,Data Barang Diverifikasi,2026-10-11 08:15:00,BRG-284,NAS Storage 2-Bay,Peralatan Jaringan,4217000,5543000,23,CV Sentosa Perkasa,Gudang Cabang (Surabaya)
CASE-0284,Barang Ditempatkan,2026-10-11 08:30:00,BRG-284,NAS Storage 2-Bay,Peralatan Jaringan,4217000,5543000,23,CV Sentosa Perkasa,Gudang Cabang (Surabaya)
CASE-0284,Stok Dicatat,2026-10-11 08:45:00,BRG-284,NAS Storage 2-Bay,Peralatan Jaringan,4217000,5543000,23,CV Sentosa Perkasa,Gudang Cabang (Surabaya)
CASE-0285,Data Barang Dibuat,2026-10-12 08:00:00,BRG-285,Smart TV 55 Inch,Elektronik,8907000,11454000,93,CV Sentosa Perkasa,Gudang Cabang (Bandung)
CASE-0285,Data Barang Diverifikasi,2026-10-12 08:15:00,BRG-285,Smart TV 55 Inch,Elektronik,8907000,11454000,93,CV Sentosa Perkasa,Gudang Cabang (Bandung)
CASE-0285,Barang Ditempatkan,2026-10-12 08:30:00,BRG-285,Smart TV 55 Inch,Elektronik,8907000,11454000,93,CV Sentosa Perkasa,Gudang Cabang (Bandung)
CASE-0285,Stok Dicatat,2026-10-12 08:45:00,BRG-285,Smart TV 55 Inch,Elektronik,8907000,11454000,93,CV Sentosa Perkasa,Gudang Cabang (Bandung)
CASE-0286,Data Barang Dibuat,2026-10-13 08:00:00,BRG-286,Webcam HD 1080p,Aksesoris Komputer,513000,683000,19,PT Techindo Jaya,Gudang Cabang (Bandung)
CASE-0286,Data Barang Diverifikasi,2026-10-13 08:15:00,BRG-286,Webcam HD 1080p,Aksesoris Komputer,513000,683000,19,PT Techindo Jaya,Gudang Cabang (Bandung)
CASE-0286,Barang Ditempatkan,2026-10-13 08:30:00,BRG-286,Webcam HD 1080p,Aksesoris Komputer,513000,683000,19,PT Techindo Jaya,Gudang Cabang (Bandung)
CASE-0286,Stok Dicatat,2026-10-13 08:45:00,BRG-286,Webcam HD 1080p,Aksesoris Komputer,513000,683000,19,PT Techindo Jaya,Gudang Cabang (Bandung)
CASE-0287,Data Barang Dibuat,2026-10-14 08:00:00,BRG-287,Meja Stand-Desk Auto,Peralatan Kantor,3179000,3860000,186,CV Sentosa Perkasa,Gudang Cabang (Surabaya)
CASE-0287,Data Barang Diverifikasi,2026-10-14 08:15:00,BRG-287,Meja Stand-Desk Auto,Peralatan Kantor,3179000,3860000,186,CV Sentosa Perkasa,Gudang Cabang (Surabaya)
CASE-0287,Barang Ditempatkan,2026-10-14 08:30:00,BRG-287,Meja Stand-Desk Auto,Peralatan Kantor,3179000,3860000,186,CV Sentosa Perkasa,Gudang Cabang (Surabaya)
CASE-0287,Stok Dicatat,2026-10-14 08:45:00,BRG-287,Meja Stand-Desk Auto,Peralatan Kantor,3179000,3860000,186,CV Sentosa Perkasa,Gudang Cabang (Surabaya)
CASE-0288,Data Barang Dibuat,2026-10-15 08:00:00,BRG-288,Access Point Enterprise,Peralatan Jaringan,2974000,3467000,55,PT Indo Sarana,Gudang Cabang (Surabaya)
CASE-0288,Data Barang Diverifikasi,2026-10-15 08:15:00,BRG-288,Access Point Enterprise,Peralatan Jaringan,2974000,3467000,55,PT Indo Sarana,Gudang Cabang (Surabaya)
CASE-0288,Barang Ditempatkan,2026-10-15 08:30:00,BRG-288,Access Point Enterprise,Peralatan Jaringan,2974000,3467000,55,PT Indo Sarana,Gudang Cabang (Surabaya)
CASE-0288,Stok Dicatat,2026-10-15 08:45:00,BRG-288,Access Point Enterprise,Peralatan Jaringan,2974000,3467000,55,PT Indo Sarana,Gudang Cabang (Surabaya)
CASE-0289,Data Barang Dibuat,2026-10-16 08:00:00,BRG-289,Headset Gaming 7.1,Aksesoris Komputer,397000,496000,48,CV Bina Logistik,Gudang Cabang (Bandung)
CASE-0289,Data Barang Diverifikasi,2026-10-16 08:15:00,BRG-289,Headset Gaming 7.1,Aksesoris Komputer,397000,496000,48,CV Bina Logistik,Gudang Cabang (Bandung)
CASE-0289,Barang Ditempatkan,2026-10-16 08:30:00,BRG-289,Headset Gaming 7.1,Aksesoris Komputer,397000,496000,48,CV Bina Logistik,Gudang Cabang (Bandung)
CASE-0289,Stok Dicatat,2026-10-16 08:45:00,BRG-289,Headset Gaming 7.1,Aksesoris Komputer,397000,496000,48,CV Bina Logistik,Gudang Cabang (Bandung)
CASE-0290,Data Barang Dibuat,2026-10-17 08:00:00,BRG-290,External SSD 1TB,Aksesoris Komputer,1734000,2111000,241,CV Bina Logistik,Gudang Utama (Jakarta)
CASE-0290,Data Barang Diverifikasi,2026-10-17 08:15:00,BRG-290,External SSD 1TB,Aksesoris Komputer,1734000,2111000,241,CV Bina Logistik,Gudang Utama (Jakarta)
CASE-0290,Barang Ditempatkan,2026-10-17 08:30:00,BRG-290,External SSD 1TB,Aksesoris Komputer,1734000,2111000,241,CV Bina Logistik,Gudang Utama (Jakarta)
CASE-0290,Stok Dicatat,2026-10-17 08:45:00,BRG-290,External SSD 1TB,Aksesoris Komputer,1734000,2111000,241,CV Bina Logistik,Gudang Utama (Jakarta)
CASE-0291,Data Barang Dibuat,2026-10-18 08:00:00,BRG-291,Laptop Gaming Pro,Elektronik,12762000,17097000,202,CV Bina Logistik,Gudang Cabang (Surabaya)
CASE-0291,Data Barang Diverifikasi,2026-10-18 08:15:00,BRG-291,Laptop Gaming Pro,Elektronik,12762000,17097000,202,CV Bina Logistik,Gudang Cabang (Surabaya)
CASE-0291,Barang Ditempatkan,2026-10-18 08:30:00,BRG-291,Laptop Gaming Pro,Elektronik,12762000,17097000,202,CV Bina Logistik,Gudang Cabang (Surabaya)
CASE-0291,Stok Dicatat,2026-10-18 08:45:00,BRG-291,Laptop Gaming Pro,Elektronik,12762000,17097000,202,CV Bina Logistik,Gudang Cabang (Surabaya)
CASE-0292,Data Barang Dibuat,2026-10-19 08:00:00,BRG-292,External SSD 1TB,Aksesoris Komputer,1536000,1956000,12,PT Mandiri Utama,Gudang Cabang (Surabaya)
CASE-0292,Data Barang Diverifikasi,2026-10-19 08:15:00,BRG-292,External SSD 1TB,Aksesoris Komputer,1536000,1956000,12,PT Mandiri Utama,Gudang Cabang (Surabaya)
CASE-0292,Barang Ditempatkan,2026-10-19 08:30:00,BRG-292,External SSD 1TB,Aksesoris Komputer,1536000,1956000,12,PT Mandiri Utama,Gudang Cabang (Surabaya)
CASE-0292,Stok Dicatat,2026-10-19 08:45:00,BRG-292,External SSD 1TB,Aksesoris Komputer,1536000,1956000,12,PT Mandiri Utama,Gudang Cabang (Surabaya)
CASE-0293,Data Barang Dibuat,2026-10-20 08:00:00,BRG-293,Paper Shredder Heavy-Duty,Peralatan Kantor,1313000,1721000,180,PT Mandiri Utama,Gudang Cabang (Surabaya)
CASE-0293,Data Barang Diverifikasi,2026-10-20 08:15:00,BRG-293,Paper Shredder Heavy-Duty,Peralatan Kantor,1313000,1721000,180,PT Mandiri Utama,Gudang Cabang (Surabaya)
CASE-0293,Barang Ditempatkan,2026-10-20 08:30:00,BRG-293,Paper Shredder Heavy-Duty,Peralatan Kantor,1313000,1721000,180,PT Mandiri Utama,Gudang Cabang (Surabaya)
CASE-0293,Stok Dicatat,2026-10-20 08:45:00,BRG-293,Paper Shredder Heavy-Duty,Peralatan Kantor,1313000,1721000,180,PT Mandiri Utama,Gudang Cabang (Surabaya)
CASE-0294,Data Barang Dibuat,2026-10-21 08:00:00,BRG-294,Air Purifier HEPA,Peralatan Rumah Tangga,2644000,3072000,117,PT Mandiri Utama,Gudang Cabang (Medan)
CASE-0294,Data Barang Diverifikasi,2026-10-21 08:15:00,BRG-294,Air Purifier HEPA,Peralatan Rumah Tangga,2644000,3072000,117,PT Mandiri Utama,Gudang Cabang (Medan)
CASE-0294,Barang Ditempatkan,2026-10-21 08:30:00,BRG-294,Air Purifier HEPA,Peralatan Rumah Tangga,2644000,3072000,117,PT Mandiri Utama,Gudang Cabang (Medan)
CASE-0294,Stok Dicatat,2026-10-21 08:45:00,BRG-294,Air Purifier HEPA,Peralatan Rumah Tangga,2644000,3072000,117,PT Mandiri Utama,Gudang Cabang (Medan)
CASE-0295,Data Barang Dibuat,2026-10-22 08:00:00,BRG-295,Mesin Kopi Espresso,Peralatan Rumah Tangga,2926000,3719000,85,PT Indo Sarana,Gudang Cabang (Surabaya)
CASE-0295,Data Barang Diverifikasi,2026-10-22 08:15:00,BRG-295,Mesin Kopi Espresso,Peralatan Rumah Tangga,2926000,3719000,85,PT Indo Sarana,Gudang Cabang (Surabaya)
CASE-0295,Barang Ditempatkan,2026-10-22 08:30:00,BRG-295,Mesin Kopi Espresso,Peralatan Rumah Tangga,2926000,3719000,85,PT Indo Sarana,Gudang Cabang (Surabaya)
CASE-0295,Stok Dicatat,2026-10-22 08:45:00,BRG-295,Mesin Kopi Espresso,Peralatan Rumah Tangga,2926000,3719000,85,PT Indo Sarana,Gudang Cabang (Surabaya)
CASE-0296,Data Barang Dibuat,2026-10-23 08:00:00,BRG-296,Paper Shredder Heavy-Duty,Peralatan Kantor,1074000,1398000,136,CV Bina Logistik,Gudang Utama (Jakarta)
CASE-0296,Data Barang Diverifikasi,2026-10-23 08:15:00,BRG-296,Paper Shredder Heavy-Duty,Peralatan Kantor,1074000,1398000,136,CV Bina Logistik,Gudang Utama (Jakarta)
CASE-0296,Barang Ditempatkan,2026-10-23 08:30:00,BRG-296,Paper Shredder Heavy-Duty,Peralatan Kantor,1074000,1398000,136,CV Bina Logistik,Gudang Utama (Jakarta)
CASE-0296,Stok Dicatat,2026-10-23 08:45:00,BRG-296,Paper Shredder Heavy-Duty,Peralatan Kantor,1074000,1398000,136,CV Bina Logistik,Gudang Utama (Jakarta)
CASE-0297,Data Barang Dibuat,2026-10-24 08:00:00,BRG-297,Meja Stand-Desk Auto,Peralatan Kantor,4456000,5233000,120,CV Sentosa Perkasa,Gudang Cabang (Bandung)
CASE-0297,Data Barang Diverifikasi,2026-10-24 08:15:00,BRG-297,Meja Stand-Desk Auto,Peralatan Kantor,4456000,5233000,120,CV Sentosa Perkasa,Gudang Cabang (Bandung)
CASE-0297,Barang Ditempatkan,2026-10-24 08:30:00,BRG-297,Meja Stand-Desk Auto,Peralatan Kantor,4456000,5233000,120,CV Sentosa Perkasa,Gudang Cabang (Bandung)
CASE-0297,Stok Dicatat,2026-10-24 08:45:00,BRG-297,Meja Stand-Desk Auto,Peralatan Kantor,4456000,5233000,120,CV Sentosa Perkasa,Gudang Cabang (Bandung)
CASE-0298,Data Barang Dibuat,2026-10-25 08:00:00,BRG-298,Laptop Gaming Pro,Elektronik,16868000,22587000,226,CV Bina Logistik,Gudang Cabang (Medan)
CASE-0298,Data Barang Diverifikasi,2026-10-25 08:15:00,BRG-298,Laptop Gaming Pro,Elektronik,16868000,22587000,226,CV Bina Logistik,Gudang Cabang (Medan)
CASE-0298,Barang Ditempatkan,2026-10-25 08:30:00,BRG-298,Laptop Gaming Pro,Elektronik,16868000,22587000,226,CV Bina Logistik,Gudang Cabang (Medan)
CASE-0298,Stok Dicatat,2026-10-25 08:45:00,BRG-298,Laptop Gaming Pro,Elektronik,16868000,22587000,226,CV Bina Logistik,Gudang Cabang (Medan)
CASE-0299,Data Barang Dibuat,2026-10-26 08:00:00,BRG-299,Keyboard Mekanikal,Aksesoris Komputer,743000,993000,189,PT Mega Elektronik,Gudang Cabang (Bandung)
CASE-0299,Data Barang Diverifikasi,2026-10-26 08:15:00,BRG-299,Keyboard Mekanikal,Aksesoris Komputer,743000,993000,189,PT Mega Elektronik,Gudang Cabang (Bandung)
CASE-0299,Barang Ditempatkan,2026-10-26 08:30:00,BRG-299,Keyboard Mekanikal,Aksesoris Komputer,743000,993000,189,PT Mega Elektronik,Gudang Cabang (Bandung)
CASE-0299,Stok Dicatat,2026-10-26 08:45:00,BRG-299,Keyboard Mekanikal,Aksesoris Komputer,743000,993000,189,PT Mega Elektronik,Gudang Cabang (Bandung)
CASE-0300,Data Barang Dibuat,2026-10-27 08:00:00,BRG-300,Webcam HD 1080p,Aksesoris Komputer,519000,645000,230,PT Mega Elektronik,Gudang Cabang (Medan)
CASE-0300,Data Barang Diverifikasi,2026-10-27 08:15:00,BRG-300,Webcam HD 1080p,Aksesoris Komputer,519000,645000,230,PT Mega Elektronik,Gudang Cabang (Medan)
CASE-0300,Barang Ditempatkan,2026-10-27 08:30:00,BRG-300,Webcam HD 1080p,Aksesoris Komputer,519000,645000,230,PT Mega Elektronik,Gudang Cabang (Medan)
CASE-0300,Stok Dicatat,2026-10-27 08:45:00,BRG-300,Webcam HD 1080p,Aksesoris Komputer,519000,645000,230,PT Mega Elektronik,Gudang Cabang (Medan)
CASE-0301,Data Barang Dibuat,2026-10-28 08:00:00,BRG-301,Laptop Gaming Pro,Elektronik,18597000,23266000,66,CV Sentosa Perkasa,Gudang Cabang (Surabaya)
CASE-0301,Data Barang Diverifikasi,2026-10-28 08:15:00,BRG-301,Laptop Gaming Pro,Elektronik,18597000,23266000,66,CV Sentosa Perkasa,Gudang Cabang (Surabaya)
CASE-0301,Barang Ditempatkan,2026-10-28 08:30:00,BRG-301,Laptop Gaming Pro,Elektronik,18597000,23266000,66,CV Sentosa Perkasa,Gudang Cabang (Surabaya)
CASE-0301,Stok Dicatat,2026-10-28 08:45:00,BRG-301,Laptop Gaming Pro,Elektronik,18597000,23266000,66,CV Sentosa Perkasa,Gudang Cabang (Surabaya)
CASE-0302,Data Barang Dibuat,2026-10-29 08:00:00,BRG-302,Laptop Gaming Pro,Elektronik,16720000,20882000,230,PT Indo Sarana,Gudang Cabang (Medan)
CASE-0302,Data Barang Diverifikasi,2026-10-29 08:15:00,BRG-302,Laptop Gaming Pro,Elektronik,16720000,20882000,230,PT Indo Sarana,Gudang Cabang (Medan)
CASE-0302,Barang Ditempatkan,2026-10-29 08:30:00,BRG-302,Laptop Gaming Pro,Elektronik,16720000,20882000,230,PT Indo Sarana,Gudang Cabang (Medan)
CASE-0302,Stok Dicatat,2026-10-29 08:45:00,BRG-302,Laptop Gaming Pro,Elektronik,16720000,20882000,230,PT Indo Sarana,Gudang Cabang (Medan)
CASE-0303,Data Barang Dibuat,2026-10-30 08:00:00,BRG-303,Proyektor Portable,Peralatan Kantor,2234000,2947000,115,CV Sentosa Perkasa,Gudang Cabang (Surabaya)
CASE-0303,Data Barang Diverifikasi,2026-10-30 08:15:00,BRG-303,Proyektor Portable,Peralatan Kantor,2234000,2947000,115,CV Sentosa Perkasa,Gudang Cabang (Surabaya)
CASE-0303,Barang Ditempatkan,2026-10-30 08:30:00,BRG-303,Proyektor Portable,Peralatan Kantor,2234000,2947000,115,CV Sentosa Perkasa,Gudang Cabang (Surabaya)
CASE-0303,Stok Dicatat,2026-10-30 08:45:00,BRG-303,Proyektor Portable,Peralatan Kantor,2234000,2947000,115,CV Sentosa Perkasa,Gudang Cabang (Surabaya)
CASE-0304,Data Barang Dibuat,2026-10-31 08:00:00,BRG-304,Paper Shredder Heavy-Duty,Peralatan Kantor,1567000,1816000,18,CV Bina Logistik,Gudang Cabang (Bandung)
CASE-0304,Data Barang Diverifikasi,2026-10-31 08:15:00,BRG-304,Paper Shredder Heavy-Duty,Peralatan Kantor,1567000,1816000,18,CV Bina Logistik,Gudang Cabang (Bandung)
CASE-0304,Barang Ditempatkan,2026-10-31 08:30:00,BRG-304,Paper Shredder Heavy-Duty,Peralatan Kantor,1567000,1816000,18,CV Bina Logistik,Gudang Cabang (Bandung)
CASE-0304,Stok Dicatat,2026-10-31 08:45:00,BRG-304,Paper Shredder Heavy-Duty,Peralatan Kantor,1567000,1816000,18,CV Bina Logistik,Gudang Cabang (Bandung)
CASE-0305,Data Barang Dibuat,2026-11-01 08:00:00,BRG-305,Proyektor Portable,Peralatan Kantor,3410000,3971000,134,PT Mandiri Utama,Gudang Cabang (Surabaya)
CASE-0305,Data Barang Diverifikasi,2026-11-01 08:15:00,BRG-305,Proyektor Portable,Peralatan Kantor,3410000,3971000,134,PT Mandiri Utama,Gudang Cabang (Surabaya)
CASE-0305,Barang Ditempatkan,2026-11-01 08:30:00,BRG-305,Proyektor Portable,Peralatan Kantor,3410000,3971000,134,PT Mandiri Utama,Gudang Cabang (Surabaya)
CASE-0305,Stok Dicatat,2026-11-01 08:45:00,BRG-305,Proyektor Portable,Peralatan Kantor,3410000,3971000,134,PT Mandiri Utama,Gudang Cabang (Surabaya)
CASE-0306,Data Barang Dibuat,2026-11-02 08:00:00,BRG-306,Router Wi-Fi 6,Peralatan Jaringan,869000,1168000,105,PT Mega Elektronik,Gudang Cabang (Surabaya)
CASE-0306,Data Barang Diverifikasi,2026-11-02 08:15:00,BRG-306,Router Wi-Fi 6,Peralatan Jaringan,869000,1168000,105,PT Mega Elektronik,Gudang Cabang (Surabaya)
CASE-0306,Barang Ditempatkan,2026-11-02 08:30:00,BRG-306,Router Wi-Fi 6,Peralatan Jaringan,869000,1168000,105,PT Mega Elektronik,Gudang Cabang (Surabaya)
CASE-0306,Stok Dicatat,2026-11-02 08:45:00,BRG-306,Router Wi-Fi 6,Peralatan Jaringan,869000,1168000,105,PT Mega Elektronik,Gudang Cabang (Surabaya)
CASE-0307,Data Barang Dibuat,2026-11-03 08:00:00,BRG-307,Access Point Enterprise,Peralatan Jaringan,2783000,3280000,159,CV Bina Logistik,Gudang Cabang (Medan)
CASE-0307,Data Barang Diverifikasi,2026-11-03 08:15:00,BRG-307,Access Point Enterprise,Peralatan Jaringan,2783000,3280000,159,CV Bina Logistik,Gudang Cabang (Medan)
CASE-0307,Barang Ditempatkan,2026-11-03 08:30:00,BRG-307,Access Point Enterprise,Peralatan Jaringan,2783000,3280000,159,CV Bina Logistik,Gudang Cabang (Medan)
CASE-0307,Stok Dicatat,2026-11-03 08:45:00,BRG-307,Access Point Enterprise,Peralatan Jaringan,2783000,3280000,159,CV Bina Logistik,Gudang Cabang (Medan)
CASE-0308,Data Barang Dibuat,2026-11-04 08:00:00,BRG-308,Router Wi-Fi 6,Peralatan Jaringan,695000,804000,187,PT Mega Elektronik,Gudang Cabang (Medan)
CASE-0308,Data Barang Diverifikasi,2026-11-04 08:15:00,BRG-308,Router Wi-Fi 6,Peralatan Jaringan,695000,804000,187,PT Mega Elektronik,Gudang Cabang (Medan)
CASE-0308,Barang Ditempatkan,2026-11-04 08:30:00,BRG-308,Router Wi-Fi 6,Peralatan Jaringan,695000,804000,187,PT Mega Elektronik,Gudang Cabang (Medan)
CASE-0308,Stok Dicatat,2026-11-04 08:45:00,BRG-308,Router Wi-Fi 6,Peralatan Jaringan,695000,804000,187,PT Mega Elektronik,Gudang Cabang (Medan)
CASE-0309,Data Barang Dibuat,2026-11-05 08:00:00,BRG-309,NAS Storage 2-Bay,Peralatan Jaringan,3124000,3971000,136,CV Sentosa Perkasa,Gudang Cabang (Surabaya)
CASE-0309,Data Barang Diverifikasi,2026-11-05 08:15:00,BRG-309,NAS Storage 2-Bay,Peralatan Jaringan,3124000,3971000,136,CV Sentosa Perkasa,Gudang Cabang (Surabaya)
CASE-0309,Barang Ditempatkan,2026-11-05 08:30:00,BRG-309,NAS Storage 2-Bay,Peralatan Jaringan,3124000,3971000,136,CV Sentosa Perkasa,Gudang Cabang (Surabaya)
CASE-0309,Stok Dicatat,2026-11-05 08:45:00,BRG-309,NAS Storage 2-Bay,Peralatan Jaringan,3124000,3971000,136,CV Sentosa Perkasa,Gudang Cabang (Surabaya)
CASE-0310,Data Barang Dibuat,2026-11-06 08:00:00,BRG-310,Access Point Enterprise,Peralatan Jaringan,1540000,1892000,162,PT Indo Sarana,Gudang Cabang (Surabaya)
CASE-0310,Data Barang Diverifikasi,2026-11-06 08:15:00,BRG-310,Access Point Enterprise,Peralatan Jaringan,1540000,1892000,162,PT Indo Sarana,Gudang Cabang (Surabaya)
CASE-0310,Barang Ditempatkan,2026-11-06 08:30:00,BRG-310,Access Point Enterprise,Peralatan Jaringan,1540000,1892000,162,PT Indo Sarana,Gudang Cabang (Surabaya)
CASE-0310,Stok Dicatat,2026-11-06 08:45:00,BRG-310,Access Point Enterprise,Peralatan Jaringan,1540000,1892000,162,PT Indo Sarana,Gudang Cabang (Surabaya)
CASE-0311,Data Barang Dibuat,2026-11-07 08:00:00,BRG-311,Access Point Enterprise,Peralatan Jaringan,2263000,2977000,141,PT Mandiri Utama,Gudang Cabang (Surabaya)
CASE-0311,Data Barang Diverifikasi,2026-11-07 08:15:00,BRG-311,Access Point Enterprise,Peralatan Jaringan,2263000,2977000,141,PT Mandiri Utama,Gudang Cabang (Surabaya)
CASE-0311,Barang Ditempatkan,2026-11-07 08:30:00,BRG-311,Access Point Enterprise,Peralatan Jaringan,2263000,2977000,141,PT Mandiri Utama,Gudang Cabang (Surabaya)
CASE-0311,Stok Dicatat,2026-11-07 08:45:00,BRG-311,Access Point Enterprise,Peralatan Jaringan,2263000,2977000,141,PT Mandiri Utama,Gudang Cabang (Surabaya)
CASE-0312,Data Barang Dibuat,2026-11-08 08:00:00,BRG-312,Air Purifier HEPA,Peralatan Rumah Tangga,1972000,2398000,33,PT Mandiri Utama,Gudang Cabang (Surabaya)
CASE-0312,Data Barang Diverifikasi,2026-11-08 08:15:00,BRG-312,Air Purifier HEPA,Peralatan Rumah Tangga,1972000,2398000,33,PT Mandiri Utama,Gudang Cabang (Surabaya)
CASE-0312,Barang Ditempatkan,2026-11-08 08:30:00,BRG-312,Air Purifier HEPA,Peralatan Rumah Tangga,1972000,2398000,33,PT Mandiri Utama,Gudang Cabang (Surabaya)
CASE-0312,Stok Dicatat,2026-11-08 08:45:00,BRG-312,Air Purifier HEPA,Peralatan Rumah Tangga,1972000,2398000,33,PT Mandiri Utama,Gudang Cabang (Surabaya)
CASE-0313,Data Barang Dibuat,2026-11-09 08:00:00,BRG-313,Tablet Grafis,Elektronik,4490000,5401000,172,CV Bina Logistik,Gudang Cabang (Bandung)
CASE-0313,Data Barang Diverifikasi,2026-11-09 08:15:00,BRG-313,Tablet Grafis,Elektronik,4490000,5401000,172,CV Bina Logistik,Gudang Cabang (Bandung)
CASE-0313,Barang Ditempatkan,2026-11-09 08:30:00,BRG-313,Tablet Grafis,Elektronik,4490000,5401000,172,CV Bina Logistik,Gudang Cabang (Bandung)
CASE-0313,Stok Dicatat,2026-11-09 08:45:00,BRG-313,Tablet Grafis,Elektronik,4490000,5401000,172,CV Bina Logistik,Gudang Cabang (Bandung)
CASE-0314,Data Barang Dibuat,2026-11-10 08:00:00,BRG-314,Tablet Grafis,Elektronik,4515000,5346000,166,PT Indo Sarana,Gudang Cabang (Medan)
CASE-0314,Data Barang Diverifikasi,2026-11-10 08:15:00,BRG-314,Tablet Grafis,Elektronik,4515000,5346000,166,PT Indo Sarana,Gudang Cabang (Medan)
CASE-0314,Barang Ditempatkan,2026-11-10 08:30:00,BRG-314,Tablet Grafis,Elektronik,4515000,5346000,166,PT Indo Sarana,Gudang Cabang (Medan)
CASE-0314,Stok Dicatat,2026-11-10 08:45:00,BRG-314,Tablet Grafis,Elektronik,4515000,5346000,166,PT Indo Sarana,Gudang Cabang (Medan)
CASE-0315,Data Barang Dibuat,2026-11-11 08:00:00,BRG-315,Keyboard Mekanikal,Aksesoris Komputer,433000,547000,184,PT Techindo Jaya,Gudang Cabang (Bandung)
CASE-0315,Data Barang Diverifikasi,2026-11-11 08:15:00,BRG-315,Keyboard Mekanikal,Aksesoris Komputer,433000,547000,184,PT Techindo Jaya,Gudang Cabang (Bandung)
CASE-0315,Barang Ditempatkan,2026-11-11 08:30:00,BRG-315,Keyboard Mekanikal,Aksesoris Komputer,433000,547000,184,PT Techindo Jaya,Gudang Cabang (Bandung)
CASE-0315,Stok Dicatat,2026-11-11 08:45:00,BRG-315,Keyboard Mekanikal,Aksesoris Komputer,433000,547000,184,PT Techindo Jaya,Gudang Cabang (Bandung)
CASE-0316,Data Barang Dibuat,2026-11-12 08:00:00,BRG-316,Smart TV 55 Inch,Elektronik,7631000,9414000,110,PT Indo Sarana,Gudang Cabang (Bandung)
CASE-0316,Data Barang Diverifikasi,2026-11-12 08:15:00,BRG-316,Smart TV 55 Inch,Elektronik,7631000,9414000,110,PT Indo Sarana,Gudang Cabang (Bandung)
CASE-0316,Barang Ditempatkan,2026-11-12 08:30:00,BRG-316,Smart TV 55 Inch,Elektronik,7631000,9414000,110,PT Indo Sarana,Gudang Cabang (Bandung)
CASE-0316,Stok Dicatat,2026-11-12 08:45:00,BRG-316,Smart TV 55 Inch,Elektronik,7631000,9414000,110,PT Indo Sarana,Gudang Cabang (Bandung)
CASE-0317,Data Barang Dibuat,2026-11-13 08:00:00,BRG-317,Blender High Power,Peralatan Rumah Tangga,1041000,1388000,228,PT Indo Sarana,Gudang Utama (Jakarta)
CASE-0317,Data Barang Diverifikasi,2026-11-13 08:15:00,BRG-317,Blender High Power,Peralatan Rumah Tangga,1041000,1388000,228,PT Indo Sarana,Gudang Utama (Jakarta)
CASE-0317,Barang Ditempatkan,2026-11-13 08:30:00,BRG-317,Blender High Power,Peralatan Rumah Tangga,1041000,1388000,228,PT Indo Sarana,Gudang Utama (Jakarta)
CASE-0317,Stok Dicatat,2026-11-13 08:45:00,BRG-317,Blender High Power,Peralatan Rumah Tangga,1041000,1388000,228,PT Indo Sarana,Gudang Utama (Jakarta)
CASE-0318,Data Barang Dibuat,2026-11-14 08:00:00,BRG-318,External SSD 1TB,Aksesoris Komputer,1317000,1662000,174,PT Mandiri Utama,Gudang Cabang (Medan)
CASE-0318,Data Barang Diverifikasi,2026-11-14 08:15:00,BRG-318,External SSD 1TB,Aksesoris Komputer,1317000,1662000,174,PT Mandiri Utama,Gudang Cabang (Medan)
CASE-0318,Barang Ditempatkan,2026-11-14 08:30:00,BRG-318,External SSD 1TB,Aksesoris Komputer,1317000,1662000,174,PT Mandiri Utama,Gudang Cabang (Medan)
CASE-0318,Stok Dicatat,2026-11-14 08:45:00,BRG-318,External SSD 1TB,Aksesoris Komputer,1317000,1662000,174,PT Mandiri Utama,Gudang Cabang (Medan)
CASE-0319,Data Barang Dibuat,2026-11-15 08:00:00,BRG-319,Meja Stand-Desk Auto,Peralatan Kantor,4427000,5898000,92,CV Bina Logistik,Gudang Cabang (Surabaya)
CASE-0319,Data Barang Diverifikasi,2026-11-15 08:15:00,BRG-319,Meja Stand-Desk Auto,Peralatan Kantor,4427000,5898000,92,CV Bina Logistik,Gudang Cabang (Surabaya)
CASE-0319,Barang Ditempatkan,2026-11-15 08:30:00,BRG-319,Meja Stand-Desk Auto,Peralatan Kantor,4427000,5898000,92,CV Bina Logistik,Gudang Cabang (Surabaya)
CASE-0319,Stok Dicatat,2026-11-15 08:45:00,BRG-319,Meja Stand-Desk Auto,Peralatan Kantor,4427000,5898000,92,CV Bina Logistik,Gudang Cabang (Surabaya)
CASE-0320,Data Barang Dibuat,2026-11-16 08:00:00,BRG-320,Proyektor Portable,Peralatan Kantor,4230000,5027000,68,PT Mega Elektronik,Gudang Cabang (Surabaya)
CASE-0320,Data Barang Diverifikasi,2026-11-16 08:15:00,BRG-320,Proyektor Portable,Peralatan Kantor,4230000,5027000,68,PT Mega Elektronik,Gudang Cabang (Surabaya)
CASE-0320,Barang Ditempatkan,2026-11-16 08:30:00,BRG-320,Proyektor Portable,Peralatan Kantor,4230000,5027000,68,PT Mega Elektronik,Gudang Cabang (Surabaya)
CASE-0320,Stok Dicatat,2026-11-16 08:45:00,BRG-320,Proyektor Portable,Peralatan Kantor,4230000,5027000,68,PT Mega Elektronik,Gudang Cabang (Surabaya)
CASE-0321,Data Barang Dibuat,2026-11-17 08:00:00,BRG-321,Headset Gaming 7.1,Aksesoris Komputer,603000,778000,181,PT Indo Sarana,Gudang Cabang (Medan)
CASE-0321,Data Barang Diverifikasi,2026-11-17 08:15:00,BRG-321,Headset Gaming 7.1,Aksesoris Komputer,603000,778000,181,PT Indo Sarana,Gudang Cabang (Medan)
CASE-0321,Barang Ditempatkan,2026-11-17 08:30:00,BRG-321,Headset Gaming 7.1,Aksesoris Komputer,603000,778000,181,PT Indo Sarana,Gudang Cabang (Medan)
CASE-0321,Stok Dicatat,2026-11-17 08:45:00,BRG-321,Headset Gaming 7.1,Aksesoris Komputer,603000,778000,181,PT Indo Sarana,Gudang Cabang (Medan)
CASE-0322,Data Barang Dibuat,2026-11-18 08:00:00,BRG-322,Paper Shredder Heavy-Duty,Peralatan Kantor,1531000,1932000,244,PT Indo Sarana,Gudang Cabang (Surabaya)
CASE-0322,Data Barang Diverifikasi,2026-11-18 08:15:00,BRG-322,Paper Shredder Heavy-Duty,Peralatan Kantor,1531000,1932000,244,PT Indo Sarana,Gudang Cabang (Surabaya)
CASE-0322,Barang Ditempatkan,2026-11-18 08:30:00,BRG-322,Paper Shredder Heavy-Duty,Peralatan Kantor,1531000,1932000,244,PT Indo Sarana,Gudang Cabang (Surabaya)
CASE-0322,Stok Dicatat,2026-11-18 08:45:00,BRG-322,Paper Shredder Heavy-Duty,Peralatan Kantor,1531000,1932000,244,PT Indo Sarana,Gudang Cabang (Surabaya)
CASE-0323,Data Barang Dibuat,2026-11-19 08:00:00,BRG-323,Kursi Ergonomis,Peralatan Kantor,3478000,4263000,106,PT Mega Elektronik,Gudang Cabang (Bandung)
CASE-0323,Data Barang Diverifikasi,2026-11-19 08:15:00,BRG-323,Kursi Ergonomis,Peralatan Kantor,3478000,4263000,106,PT Mega Elektronik,Gudang Cabang (Bandung)
CASE-0323,Barang Ditempatkan,2026-11-19 08:30:00,BRG-323,Kursi Ergonomis,Peralatan Kantor,3478000,4263000,106,PT Mega Elektronik,Gudang Cabang (Bandung)
CASE-0323,Stok Dicatat,2026-11-19 08:45:00,BRG-323,Kursi Ergonomis,Peralatan Kantor,3478000,4263000,106,PT Mega Elektronik,Gudang Cabang (Bandung)
CASE-0324,Data Barang Dibuat,2026-11-20 08:00:00,BRG-324,Kursi Ergonomis,Peralatan Kantor,2406000,3226000,25,PT Mega Elektronik,Gudang Cabang (Medan)
CASE-0324,Data Barang Diverifikasi,2026-11-20 08:15:00,BRG-324,Kursi Ergonomis,Peralatan Kantor,2406000,3226000,25,PT Mega Elektronik,Gudang Cabang (Medan)
CASE-0324,Barang Ditempatkan,2026-11-20 08:30:00,BRG-324,Kursi Ergonomis,Peralatan Kantor,2406000,3226000,25,PT Mega Elektronik,Gudang Cabang (Medan)
CASE-0324,Stok Dicatat,2026-11-20 08:45:00,BRG-324,Kursi Ergonomis,Peralatan Kantor,2406000,3226000,25,PT Mega Elektronik,Gudang Cabang (Medan)
CASE-0325,Data Barang Dibuat,2026-11-21 08:00:00,BRG-325,Paper Shredder Heavy-Duty,Peralatan Kantor,1248000,1485000,142,PT Mega Elektronik,Gudang Cabang (Surabaya)
CASE-0325,Data Barang Diverifikasi,2026-11-21 08:15:00,BRG-325,Paper Shredder Heavy-Duty,Peralatan Kantor,1248000,1485000,142,PT Mega Elektronik,Gudang Cabang (Surabaya)
CASE-0325,Barang Ditempatkan,2026-11-21 08:30:00,BRG-325,Paper Shredder Heavy-Duty,Peralatan Kantor,1248000,1485000,142,PT Mega Elektronik,Gudang Cabang (Surabaya)
CASE-0325,Stok Dicatat,2026-11-21 08:45:00,BRG-325,Paper Shredder Heavy-Duty,Peralatan Kantor,1248000,1485000,142,PT Mega Elektronik,Gudang Cabang (Surabaya)
CASE-0326,Data Barang Dibuat,2026-11-22 08:00:00,BRG-326,Mouse Wireless RGB,Aksesoris Komputer,275000,329000,176,CV Bina Logistik,Gudang Cabang (Bandung)
CASE-0326,Data Barang Diverifikasi,2026-11-22 08:15:00,BRG-326,Mouse Wireless RGB,Aksesoris Komputer,275000,329000,176,CV Bina Logistik,Gudang Cabang (Bandung)
CASE-0326,Barang Ditempatkan,2026-11-22 08:30:00,BRG-326,Mouse Wireless RGB,Aksesoris Komputer,275000,329000,176,CV Bina Logistik,Gudang Cabang (Bandung)
CASE-0326,Stok Dicatat,2026-11-22 08:45:00,BRG-326,Mouse Wireless RGB,Aksesoris Komputer,275000,329000,176,CV Bina Logistik,Gudang Cabang (Bandung)
CASE-0327,Data Barang Dibuat,2026-11-23 08:00:00,BRG-327,Mouse Wireless RGB,Aksesoris Komputer,202000,248000,188,PT Mandiri Utama,Gudang Utama (Jakarta)
CASE-0327,Data Barang Diverifikasi,2026-11-23 08:15:00,BRG-327,Mouse Wireless RGB,Aksesoris Komputer,202000,248000,188,PT Mandiri Utama,Gudang Utama (Jakarta)
CASE-0327,Barang Ditempatkan,2026-11-23 08:30:00,BRG-327,Mouse Wireless RGB,Aksesoris Komputer,202000,248000,188,PT Mandiri Utama,Gudang Utama (Jakarta)
CASE-0327,Stok Dicatat,2026-11-23 08:45:00,BRG-327,Mouse Wireless RGB,Aksesoris Komputer,202000,248000,188,PT Mandiri Utama,Gudang Utama (Jakarta)
CASE-0328,Data Barang Dibuat,2026-11-24 08:00:00,BRG-328,Mouse Wireless RGB,Aksesoris Komputer,438000,589000,45,PT Mandiri Utama,Gudang Cabang (Medan)
CASE-0328,Data Barang Diverifikasi,2026-11-24 08:15:00,BRG-328,Mouse Wireless RGB,Aksesoris Komputer,438000,589000,45,PT Mandiri Utama,Gudang Cabang (Medan)
CASE-0328,Barang Ditempatkan,2026-11-24 08:30:00,BRG-328,Mouse Wireless RGB,Aksesoris Komputer,438000,589000,45,PT Mandiri Utama,Gudang Cabang (Medan)
CASE-0328,Stok Dicatat,2026-11-24 08:45:00,BRG-328,Mouse Wireless RGB,Aksesoris Komputer,438000,589000,45,PT Mandiri Utama,Gudang Cabang (Medan)
CASE-0329,Data Barang Dibuat,2026-11-25 08:00:00,BRG-329,Mesin Kopi Espresso,Peralatan Rumah Tangga,4670000,6270000,87,PT Mega Elektronik,Gudang Utama (Jakarta)
CASE-0329,Data Barang Diverifikasi,2026-11-25 08:15:00,BRG-329,Mesin Kopi Espresso,Peralatan Rumah Tangga,4670000,6270000,87,PT Mega Elektronik,Gudang Utama (Jakarta)
CASE-0329,Barang Ditempatkan,2026-11-25 08:30:00,BRG-329,Mesin Kopi Espresso,Peralatan Rumah Tangga,4670000,6270000,87,PT Mega Elektronik,Gudang Utama (Jakarta)
CASE-0329,Stok Dicatat,2026-11-25 08:45:00,BRG-329,Mesin Kopi Espresso,Peralatan Rumah Tangga,4670000,6270000,87,PT Mega Elektronik,Gudang Utama (Jakarta)
CASE-0330,Data Barang Dibuat,2026-11-26 08:00:00,BRG-330,Tablet Grafis,Elektronik,3474000,4366000,190,PT Techindo Jaya,Gudang Cabang (Bandung)
CASE-0330,Data Barang Diverifikasi,2026-11-26 08:15:00,BRG-330,Tablet Grafis,Elektronik,3474000,4366000,190,PT Techindo Jaya,Gudang Cabang (Bandung)
CASE-0330,Barang Ditempatkan,2026-11-26 08:30:00,BRG-330,Tablet Grafis,Elektronik,3474000,4366000,190,PT Techindo Jaya,Gudang Cabang (Bandung)
CASE-0330,Stok Dicatat,2026-11-26 08:45:00,BRG-330,Tablet Grafis,Elektronik,3474000,4366000,190,PT Techindo Jaya,Gudang Cabang (Bandung)
CASE-0331,Data Barang Dibuat,2026-11-27 08:00:00,BRG-331,Mesin Kopi Espresso,Peralatan Rumah Tangga,1652000,2229000,106,PT Mandiri Utama,Gudang Cabang (Bandung)
CASE-0331,Data Barang Diverifikasi,2026-11-27 08:15:00,BRG-331,Mesin Kopi Espresso,Peralatan Rumah Tangga,1652000,2229000,106,PT Mandiri Utama,Gudang Cabang (Bandung)
CASE-0331,Barang Ditempatkan,2026-11-27 08:30:00,BRG-331,Mesin Kopi Espresso,Peralatan Rumah Tangga,1652000,2229000,106,PT Mandiri Utama,Gudang Cabang (Bandung)
CASE-0331,Stok Dicatat,2026-11-27 08:45:00,BRG-331,Mesin Kopi Espresso,Peralatan Rumah Tangga,1652000,2229000,106,PT Mandiri Utama,Gudang Cabang (Bandung)
CASE-0332,Data Barang Dibuat,2026-11-28 08:00:00,BRG-332,Kursi Ergonomis,Peralatan Kantor,1238000,1497000,159,PT Techindo Jaya,Gudang Cabang (Surabaya)
CASE-0332,Data Barang Diverifikasi,2026-11-28 08:15:00,BRG-332,Kursi Ergonomis,Peralatan Kantor,1238000,1497000,159,PT Techindo Jaya,Gudang Cabang (Surabaya)
CASE-0332,Barang Ditempatkan,2026-11-28 08:30:00,BRG-332,Kursi Ergonomis,Peralatan Kantor,1238000,1497000,159,PT Techindo Jaya,Gudang Cabang (Surabaya)
CASE-0332,Stok Dicatat,2026-11-28 08:45:00,BRG-332,Kursi Ergonomis,Peralatan Kantor,1238000,1497000,159,PT Techindo Jaya,Gudang Cabang (Surabaya)
CASE-0333,Data Barang Dibuat,2026-11-29 08:00:00,BRG-333,Paper Shredder Heavy-Duty,Peralatan Kantor,1939000,2433000,232,CV Sentosa Perkasa,Gudang Cabang (Medan)
CASE-0333,Data Barang Diverifikasi,2026-11-29 08:15:00,BRG-333,Paper Shredder Heavy-Duty,Peralatan Kantor,1939000,2433000,232,CV Sentosa Perkasa,Gudang Cabang (Medan)
CASE-0333,Barang Ditempatkan,2026-11-29 08:30:00,BRG-333,Paper Shredder Heavy-Duty,Peralatan Kantor,1939000,2433000,232,CV Sentosa Perkasa,Gudang Cabang (Medan)
CASE-0333,Stok Dicatat,2026-11-29 08:45:00,BRG-333,Paper Shredder Heavy-Duty,Peralatan Kantor,1939000,2433000,232,CV Sentosa Perkasa,Gudang Cabang (Medan)
CASE-0334,Data Barang Dibuat,2026-11-30 08:00:00,BRG-334,Meja Stand-Desk Auto,Peralatan Kantor,5892000,6908000,46,PT Indo Sarana,Gudang Cabang (Medan)
CASE-0334,Data Barang Diverifikasi,2026-11-30 08:15:00,BRG-334,Meja Stand-Desk Auto,Peralatan Kantor,5892000,6908000,46,PT Indo Sarana,Gudang Cabang (Medan)
CASE-0334,Barang Ditempatkan,2026-11-30 08:30:00,BRG-334,Meja Stand-Desk Auto,Peralatan Kantor,5892000,6908000,46,PT Indo Sarana,Gudang Cabang (Medan)
CASE-0334,Stok Dicatat,2026-11-30 08:45:00,BRG-334,Meja Stand-Desk Auto,Peralatan Kantor,5892000,6908000,46,PT Indo Sarana,Gudang Cabang (Medan)
CASE-0335,Data Barang Dibuat,2026-12-01 08:00:00,BRG-335,Meja Stand-Desk Auto,Peralatan Kantor,2559000,3319000,207,PT Mega Elektronik,Gudang Cabang (Bandung)
CASE-0335,Data Barang Diverifikasi,2026-12-01 08:15:00,BRG-335,Meja Stand-Desk Auto,Peralatan Kantor,2559000,3319000,207,PT Mega Elektronik,Gudang Cabang (Bandung)
CASE-0335,Barang Ditempatkan,2026-12-01 08:30:00,BRG-335,Meja Stand-Desk Auto,Peralatan Kantor,2559000,3319000,207,PT Mega Elektronik,Gudang Cabang (Bandung)
CASE-0335,Stok Dicatat,2026-12-01 08:45:00,BRG-335,Meja Stand-Desk Auto,Peralatan Kantor,2559000,3319000,207,PT Mega Elektronik,Gudang Cabang (Bandung)
CASE-0336,Data Barang Dibuat,2026-12-02 08:00:00,BRG-336,External SSD 1TB,Aksesoris Komputer,1769000,2351000,216,PT Mandiri Utama,Gudang Cabang (Surabaya)
CASE-0336,Data Barang Diverifikasi,2026-12-02 08:15:00,BRG-336,External SSD 1TB,Aksesoris Komputer,1769000,2351000,216,PT Mandiri Utama,Gudang Cabang (Surabaya)
CASE-0336,Barang Ditempatkan,2026-12-02 08:30:00,BRG-336,External SSD 1TB,Aksesoris Komputer,1769000,2351000,216,PT Mandiri Utama,Gudang Cabang (Surabaya)
CASE-0336,Stok Dicatat,2026-12-02 08:45:00,BRG-336,External SSD 1TB,Aksesoris Komputer,1769000,2351000,216,PT Mandiri Utama,Gudang Cabang (Surabaya)
CASE-0337,Data Barang Dibuat,2026-12-03 08:00:00,BRG-337,Smart TV 55 Inch,Elektronik,10614000,12408000,40,PT Mandiri Utama,Gudang Cabang (Surabaya)
CASE-0337,Data Barang Diverifikasi,2026-12-03 08:15:00,BRG-337,Smart TV 55 Inch,Elektronik,10614000,12408000,40,PT Mandiri Utama,Gudang Cabang (Surabaya)
CASE-0337,Barang Ditempatkan,2026-12-03 08:30:00,BRG-337,Smart TV 55 Inch,Elektronik,10614000,12408000,40,PT Mandiri Utama,Gudang Cabang (Surabaya)
CASE-0337,Stok Dicatat,2026-12-03 08:45:00,BRG-337,Smart TV 55 Inch,Elektronik,10614000,12408000,40,PT Mandiri Utama,Gudang Cabang (Surabaya)
CASE-0338,Data Barang Dibuat,2026-12-04 08:00:00,BRG-338,Mouse Wireless RGB,Aksesoris Komputer,286000,350000,119,PT Mega Elektronik,Gudang Cabang (Surabaya)
CASE-0338,Data Barang Diverifikasi,2026-12-04 08:15:00,BRG-338,Mouse Wireless RGB,Aksesoris Komputer,286000,350000,119,PT Mega Elektronik,Gudang Cabang (Surabaya)
CASE-0338,Barang Ditempatkan,2026-12-04 08:30:00,BRG-338,Mouse Wireless RGB,Aksesoris Komputer,286000,350000,119,PT Mega Elektronik,Gudang Cabang (Surabaya)
CASE-0338,Stok Dicatat,2026-12-04 08:45:00,BRG-338,Mouse Wireless RGB,Aksesoris Komputer,286000,350000,119,PT Mega Elektronik,Gudang Cabang (Surabaya)
CASE-0339,Data Barang Dibuat,2026-12-05 08:00:00,BRG-339,Proyektor Portable,Peralatan Kantor,4602000,5302000,172,PT Mega Elektronik,Gudang Cabang (Bandung)
CASE-0339,Data Barang Diverifikasi,2026-12-05 08:15:00,BRG-339,Proyektor Portable,Peralatan Kantor,4602000,5302000,172,PT Mega Elektronik,Gudang Cabang (Bandung)
CASE-0339,Barang Ditempatkan,2026-12-05 08:30:00,BRG-339,Proyektor Portable,Peralatan Kantor,4602000,5302000,172,PT Mega Elektronik,Gudang Cabang (Bandung)
CASE-0339,Stok Dicatat,2026-12-05 08:45:00,BRG-339,Proyektor Portable,Peralatan Kantor,4602000,5302000,172,PT Mega Elektronik,Gudang Cabang (Bandung)
CASE-0340,Data Barang Dibuat,2026-12-06 08:00:00,BRG-340,Laptop Gaming Pro,Elektronik,19808000,23994000,108,PT Indo Sarana,Gudang Cabang (Surabaya)
CASE-0340,Data Barang Diverifikasi,2026-12-06 08:15:00,BRG-340,Laptop Gaming Pro,Elektronik,19808000,23994000,108,PT Indo Sarana,Gudang Cabang (Surabaya)
CASE-0340,Barang Ditempatkan,2026-12-06 08:30:00,BRG-340,Laptop Gaming Pro,Elektronik,19808000,23994000,108,PT Indo Sarana,Gudang Cabang (Surabaya)
CASE-0340,Stok Dicatat,2026-12-06 08:45:00,BRG-340,Laptop Gaming Pro,Elektronik,19808000,23994000,108,PT Indo Sarana,Gudang Cabang (Surabaya)
CASE-0341,Data Barang Dibuat,2026-12-07 08:00:00,BRG-341,Monitor 4K 27 Inch,Elektronik,5041000,6416000,61,CV Sentosa Perkasa,Gudang Cabang (Medan)
CASE-0341,Data Barang Diverifikasi,2026-12-07 08:15:00,BRG-341,Monitor 4K 27 Inch,Elektronik,5041000,6416000,61,CV Sentosa Perkasa,Gudang Cabang (Medan)
CASE-0341,Barang Ditempatkan,2026-12-07 08:30:00,BRG-341,Monitor 4K 27 Inch,Elektronik,5041000,6416000,61,CV Sentosa Perkasa,Gudang Cabang (Medan)
CASE-0341,Stok Dicatat,2026-12-07 08:45:00,BRG-341,Monitor 4K 27 Inch,Elektronik,5041000,6416000,61,CV Sentosa Perkasa,Gudang Cabang (Medan)
CASE-0342,Data Barang Dibuat,2026-12-08 08:00:00,BRG-342,Webcam HD 1080p,Aksesoris Komputer,567000,694000,184,CV Bina Logistik,Gudang Cabang (Medan)
CASE-0342,Data Barang Diverifikasi,2026-12-08 08:15:00,BRG-342,Webcam HD 1080p,Aksesoris Komputer,567000,694000,184,CV Bina Logistik,Gudang Cabang (Medan)
CASE-0342,Barang Ditempatkan,2026-12-08 08:30:00,BRG-342,Webcam HD 1080p,Aksesoris Komputer,567000,694000,184,CV Bina Logistik,Gudang Cabang (Medan)
CASE-0342,Stok Dicatat,2026-12-08 08:45:00,BRG-342,Webcam HD 1080p,Aksesoris Komputer,567000,694000,184,CV Bina Logistik,Gudang Cabang (Medan)
CASE-0343,Data Barang Dibuat,2026-12-09 08:00:00,BRG-343,Switch Gigabit 16-Port,Peralatan Jaringan,1498000,1796000,198,CV Bina Logistik,Gudang Utama (Jakarta)
CASE-0343,Data Barang Diverifikasi,2026-12-09 08:15:00,BRG-343,Switch Gigabit 16-Port,Peralatan Jaringan,1498000,1796000,198,CV Bina Logistik,Gudang Utama (Jakarta)
CASE-0343,Barang Ditempatkan,2026-12-09 08:30:00,BRG-343,Switch Gigabit 16-Port,Peralatan Jaringan,1498000,1796000,198,CV Bina Logistik,Gudang Utama (Jakarta)
CASE-0343,Stok Dicatat,2026-12-09 08:45:00,BRG-343,Switch Gigabit 16-Port,Peralatan Jaringan,1498000,1796000,198,CV Bina Logistik,Gudang Utama (Jakarta)
CASE-0344,Data Barang Dibuat,2026-12-10 08:00:00,BRG-344,NAS Storage 2-Bay,Peralatan Jaringan,4715000,6085000,24,CV Bina Logistik,Gudang Utama (Jakarta)
CASE-0344,Data Barang Diverifikasi,2026-12-10 08:15:00,BRG-344,NAS Storage 2-Bay,Peralatan Jaringan,4715000,6085000,24,CV Bina Logistik,Gudang Utama (Jakarta)
CASE-0344,Barang Ditempatkan,2026-12-10 08:30:00,BRG-344,NAS Storage 2-Bay,Peralatan Jaringan,4715000,6085000,24,CV Bina Logistik,Gudang Utama (Jakarta)
CASE-0344,Stok Dicatat,2026-12-10 08:45:00,BRG-344,NAS Storage 2-Bay,Peralatan Jaringan,4715000,6085000,24,CV Bina Logistik,Gudang Utama (Jakarta)
CASE-0345,Data Barang Dibuat,2026-12-11 08:00:00,BRG-345,Tablet Grafis,Elektronik,4620000,5499000,142,CV Sentosa Perkasa,Gudang Cabang (Bandung)
CASE-0345,Data Barang Diverifikasi,2026-12-11 08:15:00,BRG-345,Tablet Grafis,Elektronik,4620000,5499000,142,CV Sentosa Perkasa,Gudang Cabang (Bandung)
CASE-0345,Barang Ditempatkan,2026-12-11 08:30:00,BRG-345,Tablet Grafis,Elektronik,4620000,5499000,142,CV Sentosa Perkasa,Gudang Cabang (Bandung)
CASE-0345,Stok Dicatat,2026-12-11 08:45:00,BRG-345,Tablet Grafis,Elektronik,4620000,5499000,142,CV Sentosa Perkasa,Gudang Cabang (Bandung)
CASE-0346,Data Barang Dibuat,2026-12-12 08:00:00,BRG-346,Proyektor Portable,Peralatan Kantor,4053000,4755000,57,PT Indo Sarana,Gudang Cabang (Medan)
CASE-0346,Data Barang Diverifikasi,2026-12-12 08:15:00,BRG-346,Proyektor Portable,Peralatan Kantor,4053000,4755000,57,PT Indo Sarana,Gudang Cabang (Medan)
CASE-0346,Barang Ditempatkan,2026-12-12 08:30:00,BRG-346,Proyektor Portable,Peralatan Kantor,4053000,4755000,57,PT Indo Sarana,Gudang Cabang (Medan)
CASE-0346,Stok Dicatat,2026-12-12 08:45:00,BRG-346,Proyektor Portable,Peralatan Kantor,4053000,4755000,57,PT Indo Sarana,Gudang Cabang (Medan)
CASE-0347,Data Barang Dibuat,2026-12-13 08:00:00,BRG-347,Tablet Grafis,Elektronik,4368000,5729000,121,CV Sentosa Perkasa,Gudang Cabang (Medan)
CASE-0347,Data Barang Diverifikasi,2026-12-13 08:15:00,BRG-347,Tablet Grafis,Elektronik,4368000,5729000,121,CV Sentosa Perkasa,Gudang Cabang (Medan)
CASE-0347,Barang Ditempatkan,2026-12-13 08:30:00,BRG-347,Tablet Grafis,Elektronik,4368000,5729000,121,CV Sentosa Perkasa,Gudang Cabang (Medan)
CASE-0347,Stok Dicatat,2026-12-13 08:45:00,BRG-347,Tablet Grafis,Elektronik,4368000,5729000,121,CV Sentosa Perkasa,Gudang Cabang (Medan)
CASE-0348,Data Barang Dibuat,2026-12-14 08:00:00,BRG-348,Blender High Power,Peralatan Rumah Tangga,460000,580000,177,PT Mega Elektronik,Gudang Utama (Jakarta)
CASE-0348,Data Barang Diverifikasi,2026-12-14 08:15:00,BRG-348,Blender High Power,Peralatan Rumah Tangga,460000,580000,177,PT Mega Elektronik,Gudang Utama (Jakarta)
CASE-0348,Barang Ditempatkan,2026-12-14 08:30:00,BRG-348,Blender High Power,Peralatan Rumah Tangga,460000,580000,177,PT Mega Elektronik,Gudang Utama (Jakarta)
CASE-0348,Stok Dicatat,2026-12-14 08:45:00,BRG-348,Blender High Power,Peralatan Rumah Tangga,460000,580000,177,PT Mega Elektronik,Gudang Utama (Jakarta)
CASE-0349,Data Barang Dibuat,2026-12-15 08:00:00,BRG-349,Robot Vacuum Cleaner,Peralatan Rumah Tangga,5424000,6240000,60,CV Bina Logistik,Gudang Utama (Jakarta)
CASE-0349,Data Barang Diverifikasi,2026-12-15 08:15:00,BRG-349,Robot Vacuum Cleaner,Peralatan Rumah Tangga,5424000,6240000,60,CV Bina Logistik,Gudang Utama (Jakarta)
CASE-0349,Barang Ditempatkan,2026-12-15 08:30:00,BRG-349,Robot Vacuum Cleaner,Peralatan Rumah Tangga,5424000,6240000,60,CV Bina Logistik,Gudang Utama (Jakarta)
CASE-0349,Stok Dicatat,2026-12-15 08:45:00,BRG-349,Robot Vacuum Cleaner,Peralatan Rumah Tangga,5424000,6240000,60,CV Bina Logistik,Gudang Utama (Jakarta)
CASE-0350,Data Barang Dibuat,2026-12-16 08:00:00,BRG-350,Smart TV 55 Inch,Elektronik,7890000,10178000,143,PT Techindo Jaya,Gudang Utama (Jakarta)
CASE-0350,Data Barang Diverifikasi,2026-12-16 08:15:00,BRG-350,Smart TV 55 Inch,Elektronik,7890000,10178000,143,PT Techindo Jaya,Gudang Utama (Jakarta)
CASE-0350,Barang Ditempatkan,2026-12-16 08:30:00,BRG-350,Smart TV 55 Inch,Elektronik,7890000,10178000,143,PT Techindo Jaya,Gudang Utama (Jakarta)
CASE-0350,Stok Dicatat,2026-12-16 08:45:00,BRG-350,Smart TV 55 Inch,Elektronik,7890000,10178000,143,PT Techindo Jaya,Gudang Utama (Jakarta)
CASE-0351,Data Barang Dibuat,2026-12-17 08:00:00,BRG-351,Air Purifier HEPA,Peralatan Rumah Tangga,1802000,2219000,201,CV Sentosa Perkasa,Gudang Cabang (Medan)
CASE-0351,Data Barang Diverifikasi,2026-12-17 08:15:00,BRG-351,Air Purifier HEPA,Peralatan Rumah Tangga,1802000,2219000,201,CV Sentosa Perkasa,Gudang Cabang (Medan)
CASE-0351,Barang Ditempatkan,2026-12-17 08:30:00,BRG-351,Air Purifier HEPA,Peralatan Rumah Tangga,1802000,2219000,201,CV Sentosa Perkasa,Gudang Cabang (Medan)
CASE-0351,Stok Dicatat,2026-12-17 08:45:00,BRG-351,Air Purifier HEPA,Peralatan Rumah Tangga,1802000,2219000,201,CV Sentosa Perkasa,Gudang Cabang (Medan)
CASE-0352,Data Barang Dibuat,2026-12-18 08:00:00,BRG-352,Paper Shredder Heavy-Duty,Peralatan Kantor,1740000,2303000,237,PT Mandiri Utama,Gudang Cabang (Medan)
CASE-0352,Data Barang Diverifikasi,2026-12-18 08:15:00,BRG-352,Paper Shredder Heavy-Duty,Peralatan Kantor,1740000,2303000,237,PT Mandiri Utama,Gudang Cabang (Medan)
CASE-0352,Barang Ditempatkan,2026-12-18 08:30:00,BRG-352,Paper Shredder Heavy-Duty,Peralatan Kantor,1740000,2303000,237,PT Mandiri Utama,Gudang Cabang (Medan)
CASE-0352,Stok Dicatat,2026-12-18 08:45:00,BRG-352,Paper Shredder Heavy-Duty,Peralatan Kantor,1740000,2303000,237,PT Mandiri Utama,Gudang Cabang (Medan)
CASE-0353,Data Barang Dibuat,2026-12-19 08:00:00,BRG-353,Tablet Grafis,Elektronik,3057000,3915000,94,PT Techindo Jaya,Gudang Cabang (Bandung)
CASE-0353,Data Barang Diverifikasi,2026-12-19 08:15:00,BRG-353,Tablet Grafis,Elektronik,3057000,3915000,94,PT Techindo Jaya,Gudang Cabang (Bandung)
CASE-0353,Barang Ditempatkan,2026-12-19 08:30:00,BRG-353,Tablet Grafis,Elektronik,3057000,3915000,94,PT Techindo Jaya,Gudang Cabang (Bandung)
CASE-0353,Stok Dicatat,2026-12-19 08:45:00,BRG-353,Tablet Grafis,Elektronik,3057000,3915000,94,PT Techindo Jaya,Gudang Cabang (Bandung)
CASE-0354,Data Barang Dibuat,2026-12-20 08:00:00,BRG-354,NAS Storage 2-Bay,Peralatan Jaringan,4718000,5545000,62,PT Techindo Jaya,Gudang Utama (Jakarta)
CASE-0354,Data Barang Diverifikasi,2026-12-20 08:15:00,BRG-354,NAS Storage 2-Bay,Peralatan Jaringan,4718000,5545000,62,PT Techindo Jaya,Gudang Utama (Jakarta)
CASE-0354,Barang Ditempatkan,2026-12-20 08:30:00,BRG-354,NAS Storage 2-Bay,Peralatan Jaringan,4718000,5545000,62,PT Techindo Jaya,Gudang Utama (Jakarta)
CASE-0354,Stok Dicatat,2026-12-20 08:45:00,BRG-354,NAS Storage 2-Bay,Peralatan Jaringan,4718000,5545000,62,PT Techindo Jaya,Gudang Utama (Jakarta)
CASE-0355,Data Barang Dibuat,2026-12-21 08:00:00,BRG-355,Paper Shredder Heavy-Duty,Peralatan Kantor,1941000,2396000,102,CV Sentosa Perkasa,Gudang Cabang (Bandung)
CASE-0355,Data Barang Diverifikasi,2026-12-21 08:15:00,BRG-355,Paper Shredder Heavy-Duty,Peralatan Kantor,1941000,2396000,102,CV Sentosa Perkasa,Gudang Cabang (Bandung)
CASE-0355,Barang Ditempatkan,2026-12-21 08:30:00,BRG-355,Paper Shredder Heavy-Duty,Peralatan Kantor,1941000,2396000,102,CV Sentosa Perkasa,Gudang Cabang (Bandung)
CASE-0355,Stok Dicatat,2026-12-21 08:45:00,BRG-355,Paper Shredder Heavy-Duty,Peralatan Kantor,1941000,2396000,102,CV Sentosa Perkasa,Gudang Cabang (Bandung)
CASE-0356,Data Barang Dibuat,2026-12-22 08:00:00,BRG-356,Robot Vacuum Cleaner,Peralatan Rumah Tangga,2650000,3193000,244,PT Indo Sarana,Gudang Utama (Jakarta)
CASE-0356,Data Barang Diverifikasi,2026-12-22 08:15:00,BRG-356,Robot Vacuum Cleaner,Peralatan Rumah Tangga,2650000,3193000,244,PT Indo Sarana,Gudang Utama (Jakarta)
CASE-0356,Barang Ditempatkan,2026-12-22 08:30:00,BRG-356,Robot Vacuum Cleaner,Peralatan Rumah Tangga,2650000,3193000,244,PT Indo Sarana,Gudang Utama (Jakarta)
CASE-0356,Stok Dicatat,2026-12-22 08:45:00,BRG-356,Robot Vacuum Cleaner,Peralatan Rumah Tangga,2650000,3193000,244,PT Indo Sarana,Gudang Utama (Jakarta)
CASE-0357,Data Barang Dibuat,2026-12-23 08:00:00,BRG-357,Smart TV 55 Inch,Elektronik,10158000,13238000,231,PT Techindo Jaya,Gudang Cabang (Bandung)
CASE-0357,Data Barang Diverifikasi,2026-12-23 08:15:00,BRG-357,Smart TV 55 Inch,Elektronik,10158000,13238000,231,PT Techindo Jaya,Gudang Cabang (Bandung)
CASE-0357,Barang Ditempatkan,2026-12-23 08:30:00,BRG-357,Smart TV 55 Inch,Elektronik,10158000,13238000,231,PT Techindo Jaya,Gudang Cabang (Bandung)
CASE-0357,Stok Dicatat,2026-12-23 08:45:00,BRG-357,Smart TV 55 Inch,Elektronik,10158000,13238000,231,PT Techindo Jaya,Gudang Cabang (Bandung)
CASE-0358,Data Barang Dibuat,2026-12-24 08:00:00,BRG-358,Mouse Wireless RGB,Aksesoris Komputer,202000,256000,119,CV Bina Logistik,Gudang Utama (Jakarta)
CASE-0358,Data Barang Diverifikasi,2026-12-24 08:15:00,BRG-358,Mouse Wireless RGB,Aksesoris Komputer,202000,256000,119,CV Bina Logistik,Gudang Utama (Jakarta)
CASE-0358,Barang Ditempatkan,2026-12-24 08:30:00,BRG-358,Mouse Wireless RGB,Aksesoris Komputer,202000,256000,119,CV Bina Logistik,Gudang Utama (Jakarta)
CASE-0358,Stok Dicatat,2026-12-24 08:45:00,BRG-358,Mouse Wireless RGB,Aksesoris Komputer,202000,256000,119,CV Bina Logistik,Gudang Utama (Jakarta)
CASE-0359,Data Barang Dibuat,2026-12-25 08:00:00,BRG-359,Mouse Wireless RGB,Aksesoris Komputer,360000,445000,143,CV Sentosa Perkasa,Gudang Utama (Jakarta)
CASE-0359,Data Barang Diverifikasi,2026-12-25 08:15:00,BRG-359,Mouse Wireless RGB,Aksesoris Komputer,360000,445000,143,CV Sentosa Perkasa,Gudang Utama (Jakarta)
CASE-0359,Barang Ditempatkan,2026-12-25 08:30:00,BRG-359,Mouse Wireless RGB,Aksesoris Komputer,360000,445000,143,CV Sentosa Perkasa,Gudang Utama (Jakarta)
CASE-0359,Stok Dicatat,2026-12-25 08:45:00,BRG-359,Mouse Wireless RGB,Aksesoris Komputer,360000,445000,143,CV Sentosa Perkasa,Gudang Utama (Jakarta)
CASE-0360,Data Barang Dibuat,2026-12-26 08:00:00,BRG-360,External SSD 1TB,Aksesoris Komputer,1403000,1679000,239,PT Indo Sarana,Gudang Cabang (Surabaya)
CASE-0360,Data Barang Diverifikasi,2026-12-26 08:15:00,BRG-360,External SSD 1TB,Aksesoris Komputer,1403000,1679000,239,PT Indo Sarana,Gudang Cabang (Surabaya)
CASE-0360,Barang Ditempatkan,2026-12-26 08:30:00,BRG-360,External SSD 1TB,Aksesoris Komputer,1403000,1679000,239,PT Indo Sarana,Gudang Cabang (Surabaya)
CASE-0360,Stok Dicatat,2026-12-26 08:45:00,BRG-360,External SSD 1TB,Aksesoris Komputer,1403000,1679000,239,PT Indo Sarana,Gudang Cabang (Surabaya)
CASE-0361,Data Barang Dibuat,2026-12-27 08:00:00,BRG-361,Access Point Enterprise,Peralatan Jaringan,1696000,2052000,41,PT Indo Sarana,Gudang Cabang (Bandung)
CASE-0361,Data Barang Diverifikasi,2026-12-27 08:15:00,BRG-361,Access Point Enterprise,Peralatan Jaringan,1696000,2052000,41,PT Indo Sarana,Gudang Cabang (Bandung)
CASE-0361,Barang Ditempatkan,2026-12-27 08:30:00,BRG-361,Access Point Enterprise,Peralatan Jaringan,1696000,2052000,41,PT Indo Sarana,Gudang Cabang (Bandung)
CASE-0361,Stok Dicatat,2026-12-27 08:45:00,BRG-361,Access Point Enterprise,Peralatan Jaringan,1696000,2052000,41,PT Indo Sarana,Gudang Cabang (Bandung)
CASE-0362,Data Barang Dibuat,2026-12-28 08:00:00,BRG-362,Robot Vacuum Cleaner,Peralatan Rumah Tangga,3154000,3665000,247,CV Bina Logistik,Gudang Cabang (Bandung)
CASE-0362,Data Barang Diverifikasi,2026-12-28 08:15:00,BRG-362,Robot Vacuum Cleaner,Peralatan Rumah Tangga,3154000,3665000,247,CV Bina Logistik,Gudang Cabang (Bandung)
CASE-0362,Barang Ditempatkan,2026-12-28 08:30:00,BRG-362,Robot Vacuum Cleaner,Peralatan Rumah Tangga,3154000,3665000,247,CV Bina Logistik,Gudang Cabang (Bandung)
CASE-0362,Stok Dicatat,2026-12-28 08:45:00,BRG-362,Robot Vacuum Cleaner,Peralatan Rumah Tangga,3154000,3665000,247,CV Bina Logistik,Gudang Cabang (Bandung)
CASE-0363,Data Barang Dibuat,2026-12-29 08:00:00,BRG-363,Blender High Power,Peralatan Rumah Tangga,919000,1065000,93,PT Indo Sarana,Gudang Cabang (Medan)
CASE-0363,Data Barang Diverifikasi,2026-12-29 08:15:00,BRG-363,Blender High Power,Peralatan Rumah Tangga,919000,1065000,93,PT Indo Sarana,Gudang Cabang (Medan)
CASE-0363,Barang Ditempatkan,2026-12-29 08:30:00,BRG-363,Blender High Power,Peralatan Rumah Tangga,919000,1065000,93,PT Indo Sarana,Gudang Cabang (Medan)
CASE-0363,Stok Dicatat,2026-12-29 08:45:00,BRG-363,Blender High Power,Peralatan Rumah Tangga,919000,1065000,93,PT Indo Sarana,Gudang Cabang (Medan)
CASE-0364,Data Barang Dibuat,2026-12-30 08:00:00,BRG-364,Access Point Enterprise,Peralatan Jaringan,2660000,3280000,43,PT Mega Elektronik,Gudang Cabang (Medan)
CASE-0364,Data Barang Diverifikasi,2026-12-30 08:15:00,BRG-364,Access Point Enterprise,Peralatan Jaringan,2660000,3280000,43,PT Mega Elektronik,Gudang Cabang (Medan)
CASE-0364,Barang Ditempatkan,2026-12-30 08:30:00,BRG-364,Access Point Enterprise,Peralatan Jaringan,2660000,3280000,43,PT Mega Elektronik,Gudang Cabang (Medan)
CASE-0364,Stok Dicatat,2026-12-30 08:45:00,BRG-364,Access Point Enterprise,Peralatan Jaringan,2660000,3280000,43,PT Mega Elektronik,Gudang Cabang (Medan)
CASE-0365,Data Barang Dibuat,2026-12-31 08:00:00,BRG-365,External SSD 1TB,Aksesoris Komputer,1596000,1912000,62,PT Mega Elektronik,Gudang Cabang (Bandung)
CASE-0365,Data Barang Diverifikasi,2026-12-31 08:15:00,BRG-365,External SSD 1TB,Aksesoris Komputer,1596000,1912000,62,PT Mega Elektronik,Gudang Cabang (Bandung)
CASE-0365,Barang Ditempatkan,2026-12-31 08:30:00,BRG-365,External SSD 1TB,Aksesoris Komputer,1596000,1912000,62,PT Mega Elektronik,Gudang Cabang (Bandung)
CASE-0365,Stok Dicatat,2026-12-31 08:45:00,BRG-365,External SSD 1TB,Aksesoris Komputer,1596000,1912000,62,PT Mega Elektronik,Gudang Cabang (Bandung)
CASE-0366,Data Barang Dibuat,2026-01-01 09:00:00,BRG-366,Air Purifier HEPA,Peralatan Rumah Tangga,2379000,2932000,111,CV Bina Logistik,Gudang Cabang (Bandung)
CASE-0366,Data Barang Diverifikasi,2026-01-01 09:15:00,BRG-366,Air Purifier HEPA,Peralatan Rumah Tangga,2379000,2932000,111,CV Bina Logistik,Gudang Cabang (Bandung)
CASE-0366,Barang Ditempatkan,2026-01-01 09:30:00,BRG-366,Air Purifier HEPA,Peralatan Rumah Tangga,2379000,2932000,111,CV Bina Logistik,Gudang Cabang (Bandung)
CASE-0366,Stok Dicatat,2026-01-01 09:45:00,BRG-366,Air Purifier HEPA,Peralatan Rumah Tangga,2379000,2932000,111,CV Bina Logistik,Gudang Cabang (Bandung)
CASE-0367,Data Barang Dibuat,2026-01-02 09:00:00,BRG-367,Mesin Kopi Espresso,Peralatan Rumah Tangga,2569000,3058000,170,PT Techindo Jaya,Gudang Cabang (Medan)
CASE-0367,Data Barang Diverifikasi,2026-01-02 09:15:00,BRG-367,Mesin Kopi Espresso,Peralatan Rumah Tangga,2569000,3058000,170,PT Techindo Jaya,Gudang Cabang (Medan)
CASE-0367,Barang Ditempatkan,2026-01-02 09:30:00,BRG-367,Mesin Kopi Espresso,Peralatan Rumah Tangga,2569000,3058000,170,PT Techindo Jaya,Gudang Cabang (Medan)
CASE-0367,Stok Dicatat,2026-01-02 09:45:00,BRG-367,Mesin Kopi Espresso,Peralatan Rumah Tangga,2569000,3058000,170,PT Techindo Jaya,Gudang Cabang (Medan)
CASE-0368,Data Barang Dibuat,2026-01-03 09:00:00,BRG-368,Kursi Ergonomis,Peralatan Kantor,3446000,4462000,53,PT Techindo Jaya,Gudang Cabang (Surabaya)
CASE-0368,Data Barang Diverifikasi,2026-01-03 09:15:00,BRG-368,Kursi Ergonomis,Peralatan Kantor,3446000,4462000,53,PT Techindo Jaya,Gudang Cabang (Surabaya)
CASE-0368,Barang Ditempatkan,2026-01-03 09:30:00,BRG-368,Kursi Ergonomis,Peralatan Kantor,3446000,4462000,53,PT Techindo Jaya,Gudang Cabang (Surabaya)
CASE-0368,Stok Dicatat,2026-01-03 09:45:00,BRG-368,Kursi Ergonomis,Peralatan Kantor,3446000,4462000,53,PT Techindo Jaya,Gudang Cabang (Surabaya)
CASE-0369,Data Barang Dibuat,2026-01-04 09:00:00,BRG-369,Blender High Power,Peralatan Rumah Tangga,1032000,1194000,23,CV Sentosa Perkasa,Gudang Cabang (Bandung)
CASE-0369,Data Barang Diverifikasi,2026-01-04 09:15:00,BRG-369,Blender High Power,Peralatan Rumah Tangga,1032000,1194000,23,CV Sentosa Perkasa,Gudang Cabang (Bandung)
CASE-0369,Barang Ditempatkan,2026-01-04 09:30:00,BRG-369,Blender High Power,Peralatan Rumah Tangga,1032000,1194000,23,CV Sentosa Perkasa,Gudang Cabang (Bandung)
CASE-0369,Stok Dicatat,2026-01-04 09:45:00,BRG-369,Blender High Power,Peralatan Rumah Tangga,1032000,1194000,23,CV Sentosa Perkasa,Gudang Cabang (Bandung)
CASE-0370,Data Barang Dibuat,2026-01-05 09:00:00,BRG-370,Mesin Kopi Espresso,Peralatan Rumah Tangga,2896000,3506000,237,PT Techindo Jaya,Gudang Cabang (Bandung)
CASE-0370,Data Barang Diverifikasi,2026-01-05 09:15:00,BRG-370,Mesin Kopi Espresso,Peralatan Rumah Tangga,2896000,3506000,237,PT Techindo Jaya,Gudang Cabang (Bandung)
CASE-0370,Barang Ditempatkan,2026-01-05 09:30:00,BRG-370,Mesin Kopi Espresso,Peralatan Rumah Tangga,2896000,3506000,237,PT Techindo Jaya,Gudang Cabang (Bandung)
CASE-0370,Stok Dicatat,2026-01-05 09:45:00,BRG-370,Mesin Kopi Espresso,Peralatan Rumah Tangga,2896000,3506000,237,PT Techindo Jaya,Gudang Cabang (Bandung)
CASE-0371,Data Barang Dibuat,2026-01-06 09:00:00,BRG-371,Mouse Wireless RGB,Aksesoris Komputer,401000,534000,183,CV Bina Logistik,Gudang Cabang (Bandung)
CASE-0371,Data Barang Diverifikasi,2026-01-06 09:15:00,BRG-371,Mouse Wireless RGB,Aksesoris Komputer,401000,534000,183,CV Bina Logistik,Gudang Cabang (Bandung)
CASE-0371,Barang Ditempatkan,2026-01-06 09:30:00,BRG-371,Mouse Wireless RGB,Aksesoris Komputer,401000,534000,183,CV Bina Logistik,Gudang Cabang (Bandung)
CASE-0371,Stok Dicatat,2026-01-06 09:45:00,BRG-371,Mouse Wireless RGB,Aksesoris Komputer,401000,534000,183,CV Bina Logistik,Gudang Cabang (Bandung)
CASE-0372,Data Barang Dibuat,2026-01-07 09:00:00,BRG-372,Mesin Kopi Espresso,Peralatan Rumah Tangga,3815000,4632000,77,PT Mandiri Utama,Gudang Cabang (Medan)
CASE-0372,Data Barang Diverifikasi,2026-01-07 09:15:00,BRG-372,Mesin Kopi Espresso,Peralatan Rumah Tangga,3815000,4632000,77,PT Mandiri Utama,Gudang Cabang (Medan)
CASE-0372,Barang Ditempatkan,2026-01-07 09:30:00,BRG-372,Mesin Kopi Espresso,Peralatan Rumah Tangga,3815000,4632000,77,PT Mandiri Utama,Gudang Cabang (Medan)
CASE-0372,Stok Dicatat,2026-01-07 09:45:00,BRG-372,Mesin Kopi Espresso,Peralatan Rumah Tangga,3815000,4632000,77,PT Mandiri Utama,Gudang Cabang (Medan)
CASE-0373,Data Barang Dibuat,2026-01-08 09:00:00,BRG-373,Access Point Enterprise,Peralatan Jaringan,1846000,2219000,136,PT Mandiri Utama,Gudang Cabang (Medan)
CASE-0373,Data Barang Diverifikasi,2026-01-08 09:15:00,BRG-373,Access Point Enterprise,Peralatan Jaringan,1846000,2219000,136,PT Mandiri Utama,Gudang Cabang (Medan)
CASE-0373,Barang Ditempatkan,2026-01-08 09:30:00,BRG-373,Access Point Enterprise,Peralatan Jaringan,1846000,2219000,136,PT Mandiri Utama,Gudang Cabang (Medan)
CASE-0373,Stok Dicatat,2026-01-08 09:45:00,BRG-373,Access Point Enterprise,Peralatan Jaringan,1846000,2219000,136,PT Mandiri Utama,Gudang Cabang (Medan)
CASE-0374,Data Barang Dibuat,2026-01-09 09:00:00,BRG-374,Smart TV 55 Inch,Elektronik,11389000,15010000,239,CV Sentosa Perkasa,Gudang Cabang (Surabaya)
CASE-0374,Data Barang Diverifikasi,2026-01-09 09:15:00,BRG-374,Smart TV 55 Inch,Elektronik,11389000,15010000,239,CV Sentosa Perkasa,Gudang Cabang (Surabaya)
CASE-0374,Barang Ditempatkan,2026-01-09 09:30:00,BRG-374,Smart TV 55 Inch,Elektronik,11389000,15010000,239,CV Sentosa Perkasa,Gudang Cabang (Surabaya)
CASE-0374,Stok Dicatat,2026-01-09 09:45:00,BRG-374,Smart TV 55 Inch,Elektronik,11389000,15010000,239,CV Sentosa Perkasa,Gudang Cabang (Surabaya)
CASE-0375,Data Barang Dibuat,2026-01-10 09:00:00,BRG-375,Paper Shredder Heavy-Duty,Peralatan Kantor,895000,1129000,61,PT Indo Sarana,Gudang Cabang (Bandung)
CASE-0375,Data Barang Diverifikasi,2026-01-10 09:15:00,BRG-375,Paper Shredder Heavy-Duty,Peralatan Kantor,895000,1129000,61,PT Indo Sarana,Gudang Cabang (Bandung)
CASE-0375,Barang Ditempatkan,2026-01-10 09:30:00,BRG-375,Paper Shredder Heavy-Duty,Peralatan Kantor,895000,1129000,61,PT Indo Sarana,Gudang Cabang (Bandung)
CASE-0375,Stok Dicatat,2026-01-10 09:45:00,BRG-375,Paper Shredder Heavy-Duty,Peralatan Kantor,895000,1129000,61,PT Indo Sarana,Gudang Cabang (Bandung)
CASE-0376,Data Barang Dibuat,2026-01-11 09:00:00,BRG-376,Monitor 4K 27 Inch,Elektronik,5820000,7781000,153,PT Indo Sarana,Gudang Cabang (Medan)
CASE-0376,Data Barang Diverifikasi,2026-01-11 09:15:00,BRG-376,Monitor 4K 27 Inch,Elektronik,5820000,7781000,153,PT Indo Sarana,Gudang Cabang (Medan)
CASE-0376,Barang Ditempatkan,2026-01-11 09:30:00,BRG-376,Monitor 4K 27 Inch,Elektronik,5820000,7781000,153,PT Indo Sarana,Gudang Cabang (Medan)
CASE-0376,Stok Dicatat,2026-01-11 09:45:00,BRG-376,Monitor 4K 27 Inch,Elektronik,5820000,7781000,153,PT Indo Sarana,Gudang Cabang (Medan)
CASE-0377,Data Barang Dibuat,2026-01-12 09:00:00,BRG-377,Meja Stand-Desk Auto,Peralatan Kantor,3322000,4039000,102,CV Bina Logistik,Gudang Cabang (Bandung)
CASE-0377,Data Barang Diverifikasi,2026-01-12 09:15:00,BRG-377,Meja Stand-Desk Auto,Peralatan Kantor,3322000,4039000,102,CV Bina Logistik,Gudang Cabang (Bandung)
CASE-0377,Barang Ditempatkan,2026-01-12 09:30:00,BRG-377,Meja Stand-Desk Auto,Peralatan Kantor,3322000,4039000,102,CV Bina Logistik,Gudang Cabang (Bandung)
CASE-0377,Stok Dicatat,2026-01-12 09:45:00,BRG-377,Meja Stand-Desk Auto,Peralatan Kantor,3322000,4039000,102,CV Bina Logistik,Gudang Cabang (Bandung)
CASE-0378,Data Barang Dibuat,2026-01-13 09:00:00,BRG-378,Blender High Power,Peralatan Rumah Tangga,1086000,1453000,91,PT Mega Elektronik,Gudang Cabang (Medan)
CASE-0378,Data Barang Diverifikasi,2026-01-13 09:15:00,BRG-378,Blender High Power,Peralatan Rumah Tangga,1086000,1453000,91,PT Mega Elektronik,Gudang Cabang (Medan)
CASE-0378,Barang Ditempatkan,2026-01-13 09:30:00,BRG-378,Blender High Power,Peralatan Rumah Tangga,1086000,1453000,91,PT Mega Elektronik,Gudang Cabang (Medan)
CASE-0378,Stok Dicatat,2026-01-13 09:45:00,BRG-378,Blender High Power,Peralatan Rumah Tangga,1086000,1453000,91,PT Mega Elektronik,Gudang Cabang (Medan)
CASE-0379,Data Barang Dibuat,2026-01-14 09:00:00,BRG-379,Microwave Digital,Peralatan Rumah Tangga,1252000,1623000,95,CV Sentosa Perkasa,Gudang Cabang (Bandung)
CASE-0379,Data Barang Diverifikasi,2026-01-14 09:15:00,BRG-379,Microwave Digital,Peralatan Rumah Tangga,1252000,1623000,95,CV Sentosa Perkasa,Gudang Cabang (Bandung)
CASE-0379,Barang Ditempatkan,2026-01-14 09:30:00,BRG-379,Microwave Digital,Peralatan Rumah Tangga,1252000,1623000,95,CV Sentosa Perkasa,Gudang Cabang (Bandung)
CASE-0379,Stok Dicatat,2026-01-14 09:45:00,BRG-379,Microwave Digital,Peralatan Rumah Tangga,1252000,1623000,95,CV Sentosa Perkasa,Gudang Cabang (Bandung)
CASE-0380,Data Barang Dibuat,2026-01-15 09:00:00,BRG-380,NAS Storage 2-Bay,Peralatan Jaringan,3271000,4361000,143,PT Indo Sarana,Gudang Utama (Jakarta)
CASE-0380,Data Barang Diverifikasi,2026-01-15 09:15:00,BRG-380,NAS Storage 2-Bay,Peralatan Jaringan,3271000,4361000,143,PT Indo Sarana,Gudang Utama (Jakarta)
CASE-0380,Barang Ditempatkan,2026-01-15 09:30:00,BRG-380,NAS Storage 2-Bay,Peralatan Jaringan,3271000,4361000,143,PT Indo Sarana,Gudang Utama (Jakarta)
CASE-0380,Stok Dicatat,2026-01-15 09:45:00,BRG-380,NAS Storage 2-Bay,Peralatan Jaringan,3271000,4361000,143,PT Indo Sarana,Gudang Utama (Jakarta)
CASE-0381,Data Barang Dibuat,2026-01-16 09:00:00,BRG-381,Router Wi-Fi 6,Peralatan Jaringan,755000,1010000,176,PT Techindo Jaya,Gudang Utama (Jakarta)
CASE-0381,Data Barang Diverifikasi,2026-01-16 09:15:00,BRG-381,Router Wi-Fi 6,Peralatan Jaringan,755000,1010000,176,PT Techindo Jaya,Gudang Utama (Jakarta)
CASE-0381,Barang Ditempatkan,2026-01-16 09:30:00,BRG-381,Router Wi-Fi 6,Peralatan Jaringan,755000,1010000,176,PT Techindo Jaya,Gudang Utama (Jakarta)
CASE-0381,Stok Dicatat,2026-01-16 09:45:00,BRG-381,Router Wi-Fi 6,Peralatan Jaringan,755000,1010000,176,PT Techindo Jaya,Gudang Utama (Jakarta)
CASE-0382,Data Barang Dibuat,2026-01-17 09:00:00,BRG-382,Mesin Kopi Espresso,Peralatan Rumah Tangga,4145000,4958000,186,CV Sentosa Perkasa,Gudang Utama (Jakarta)
CASE-0382,Data Barang Diverifikasi,2026-01-17 09:15:00,BRG-382,Mesin Kopi Espresso,Peralatan Rumah Tangga,4145000,4958000,186,CV Sentosa Perkasa,Gudang Utama (Jakarta)
CASE-0382,Barang Ditempatkan,2026-01-17 09:30:00,BRG-382,Mesin Kopi Espresso,Peralatan Rumah Tangga,4145000,4958000,186,CV Sentosa Perkasa,Gudang Utama (Jakarta)
CASE-0382,Stok Dicatat,2026-01-17 09:45:00,BRG-382,Mesin Kopi Espresso,Peralatan Rumah Tangga,4145000,4958000,186,CV Sentosa Perkasa,Gudang Utama (Jakarta)
CASE-0383,Data Barang Dibuat,2026-01-18 09:00:00,BRG-383,External SSD 1TB,Aksesoris Komputer,1578000,1932000,163,PT Indo Sarana,Gudang Cabang (Medan)
CASE-0383,Data Barang Diverifikasi,2026-01-18 09:15:00,BRG-383,External SSD 1TB,Aksesoris Komputer,1578000,1932000,163,PT Indo Sarana,Gudang Cabang (Medan)
CASE-0383,Barang Ditempatkan,2026-01-18 09:30:00,BRG-383,External SSD 1TB,Aksesoris Komputer,1578000,1932000,163,PT Indo Sarana,Gudang Cabang (Medan)
CASE-0383,Stok Dicatat,2026-01-18 09:45:00,BRG-383,External SSD 1TB,Aksesoris Komputer,1578000,1932000,163,PT Indo Sarana,Gudang Cabang (Medan)
CASE-0384,Data Barang Dibuat,2026-01-19 09:00:00,BRG-384,Air Purifier HEPA,Peralatan Rumah Tangga,1213000,1524000,110,PT Techindo Jaya,Gudang Utama (Jakarta)
CASE-0384,Data Barang Diverifikasi,2026-01-19 09:15:00,BRG-384,Air Purifier HEPA,Peralatan Rumah Tangga,1213000,1524000,110,PT Techindo Jaya,Gudang Utama (Jakarta)
CASE-0384,Barang Ditempatkan,2026-01-19 09:30:00,BRG-384,Air Purifier HEPA,Peralatan Rumah Tangga,1213000,1524000,110,PT Techindo Jaya,Gudang Utama (Jakarta)
CASE-0384,Stok Dicatat,2026-01-19 09:45:00,BRG-384,Air Purifier HEPA,Peralatan Rumah Tangga,1213000,1524000,110,PT Techindo Jaya,Gudang Utama (Jakarta)
CASE-0385,Data Barang Dibuat,2026-01-20 09:00:00,BRG-385,Access Point Enterprise,Peralatan Jaringan,2323000,3125000,9,CV Bina Logistik,Gudang Cabang (Medan)
CASE-0385,Data Barang Diverifikasi,2026-01-20 09:15:00,BRG-385,Access Point Enterprise,Peralatan Jaringan,2323000,3125000,9,CV Bina Logistik,Gudang Cabang (Medan)
CASE-0385,Barang Ditempatkan,2026-01-20 09:30:00,BRG-385,Access Point Enterprise,Peralatan Jaringan,2323000,3125000,9,CV Bina Logistik,Gudang Cabang (Medan)
CASE-0385,Stok Dicatat,2026-01-20 09:45:00,BRG-385,Access Point Enterprise,Peralatan Jaringan,2323000,3125000,9,CV Bina Logistik,Gudang Cabang (Medan)
CASE-0386,Data Barang Dibuat,2026-01-21 09:00:00,BRG-386,Mouse Wireless RGB,Aksesoris Komputer,200000,250000,66,CV Sentosa Perkasa,Gudang Cabang (Surabaya)
CASE-0386,Data Barang Diverifikasi,2026-01-21 09:15:00,BRG-386,Mouse Wireless RGB,Aksesoris Komputer,200000,250000,66,CV Sentosa Perkasa,Gudang Cabang (Surabaya)
CASE-0386,Barang Ditempatkan,2026-01-21 09:30:00,BRG-386,Mouse Wireless RGB,Aksesoris Komputer,200000,250000,66,CV Sentosa Perkasa,Gudang Cabang (Surabaya)
CASE-0386,Stok Dicatat,2026-01-21 09:45:00,BRG-386,Mouse Wireless RGB,Aksesoris Komputer,200000,250000,66,CV Sentosa Perkasa,Gudang Cabang (Surabaya)
CASE-0387,Data Barang Dibuat,2026-01-22 09:00:00,BRG-387,Printer Laser Multifungsi,Peralatan Kantor,3464000,4038000,250,PT Mandiri Utama,Gudang Cabang (Medan)
CASE-0387,Data Barang Diverifikasi,2026-01-22 09:15:00,BRG-387,Printer Laser Multifungsi,Peralatan Kantor,3464000,4038000,250,PT Mandiri Utama,Gudang Cabang (Medan)
CASE-0387,Barang Ditempatkan,2026-01-22 09:30:00,BRG-387,Printer Laser Multifungsi,Peralatan Kantor,3464000,4038000,250,PT Mandiri Utama,Gudang Cabang (Medan)
CASE-0387,Stok Dicatat,2026-01-22 09:45:00,BRG-387,Printer Laser Multifungsi,Peralatan Kantor,3464000,4038000,250,PT Mandiri Utama,Gudang Cabang (Medan)
CASE-0388,Data Barang Dibuat,2026-01-23 09:00:00,BRG-388,Switch Gigabit 16-Port,Peralatan Jaringan,1431000,1710000,180,PT Techindo Jaya,Gudang Utama (Jakarta)
CASE-0388,Data Barang Diverifikasi,2026-01-23 09:15:00,BRG-388,Switch Gigabit 16-Port,Peralatan Jaringan,1431000,1710000,180,PT Techindo Jaya,Gudang Utama (Jakarta)
CASE-0388,Barang Ditempatkan,2026-01-23 09:30:00,BRG-388,Switch Gigabit 16-Port,Peralatan Jaringan,1431000,1710000,180,PT Techindo Jaya,Gudang Utama (Jakarta)
CASE-0388,Stok Dicatat,2026-01-23 09:45:00,BRG-388,Switch Gigabit 16-Port,Peralatan Jaringan,1431000,1710000,180,PT Techindo Jaya,Gudang Utama (Jakarta)
CASE-0389,Data Barang Dibuat,2026-01-24 09:00:00,BRG-389,Smart TV 55 Inch,Elektronik,8181000,10025000,126,PT Techindo Jaya,Gudang Utama (Jakarta)
CASE-0389,Data Barang Diverifikasi,2026-01-24 09:15:00,BRG-389,Smart TV 55 Inch,Elektronik,8181000,10025000,126,PT Techindo Jaya,Gudang Utama (Jakarta)
CASE-0389,Barang Ditempatkan,2026-01-24 09:30:00,BRG-389,Smart TV 55 Inch,Elektronik,8181000,10025000,126,PT Techindo Jaya,Gudang Utama (Jakarta)
CASE-0389,Stok Dicatat,2026-01-24 09:45:00,BRG-389,Smart TV 55 Inch,Elektronik,8181000,10025000,126,PT Techindo Jaya,Gudang Utama (Jakarta)
CASE-0390,Data Barang Dibuat,2026-01-25 09:00:00,BRG-390,Mouse Wireless RGB,Aksesoris Komputer,412000,543000,170,PT Mega Elektronik,Gudang Utama (Jakarta)
CASE-0390,Data Barang Diverifikasi,2026-01-25 09:15:00,BRG-390,Mouse Wireless RGB,Aksesoris Komputer,412000,543000,170,PT Mega Elektronik,Gudang Utama (Jakarta)
CASE-0390,Barang Ditempatkan,2026-01-25 09:30:00,BRG-390,Mouse Wireless RGB,Aksesoris Komputer,412000,543000,170,PT Mega Elektronik,Gudang Utama (Jakarta)
CASE-0390,Stok Dicatat,2026-01-25 09:45:00,BRG-390,Mouse Wireless RGB,Aksesoris Komputer,412000,543000,170,PT Mega Elektronik,Gudang Utama (Jakarta)
CASE-0391,Data Barang Dibuat,2026-01-26 09:00:00,BRG-391,Router Wi-Fi 6,Peralatan Jaringan,1081000,1288000,227,PT Indo Sarana,Gudang Cabang (Medan)
CASE-0391,Data Barang Diverifikasi,2026-01-26 09:15:00,BRG-391,Router Wi-Fi 6,Peralatan Jaringan,1081000,1288000,227,PT Indo Sarana,Gudang Cabang (Medan)
CASE-0391,Barang Ditempatkan,2026-01-26 09:30:00,BRG-391,Router Wi-Fi 6,Peralatan Jaringan,1081000,1288000,227,PT Indo Sarana,Gudang Cabang (Medan)
CASE-0391,Stok Dicatat,2026-01-26 09:45:00,BRG-391,Router Wi-Fi 6,Peralatan Jaringan,1081000,1288000,227,PT Indo Sarana,Gudang Cabang (Medan)
CASE-0392,Data Barang Dibuat,2026-01-27 09:00:00,BRG-392,Kursi Ergonomis,Peralatan Kantor,1511000,1944000,76,CV Bina Logistik,Gudang Utama (Jakarta)
CASE-0392,Data Barang Diverifikasi,2026-01-27 09:15:00,BRG-392,Kursi Ergonomis,Peralatan Kantor,1511000,1944000,76,CV Bina Logistik,Gudang Utama (Jakarta)
CASE-0392,Barang Ditempatkan,2026-01-27 09:30:00,BRG-392,Kursi Ergonomis,Peralatan Kantor,1511000,1944000,76,CV Bina Logistik,Gudang Utama (Jakarta)
CASE-0392,Stok Dicatat,2026-01-27 09:45:00,BRG-392,Kursi Ergonomis,Peralatan Kantor,1511000,1944000,76,CV Bina Logistik,Gudang Utama (Jakarta)
CASE-0393,Data Barang Dibuat,2026-01-28 09:00:00,BRG-393,Headset Gaming 7.1,Aksesoris Komputer,316000,424000,155,CV Sentosa Perkasa,Gudang Cabang (Medan)
CASE-0393,Data Barang Diverifikasi,2026-01-28 09:15:00,BRG-393,Headset Gaming 7.1,Aksesoris Komputer,316000,424000,155,CV Sentosa Perkasa,Gudang Cabang (Medan)
CASE-0393,Barang Ditempatkan,2026-01-28 09:30:00,BRG-393,Headset Gaming 7.1,Aksesoris Komputer,316000,424000,155,CV Sentosa Perkasa,Gudang Cabang (Medan)
CASE-0393,Stok Dicatat,2026-01-28 09:45:00,BRG-393,Headset Gaming 7.1,Aksesoris Komputer,316000,424000,155,CV Sentosa Perkasa,Gudang Cabang (Medan)
CASE-0394,Data Barang Dibuat,2026-01-29 09:00:00,BRG-394,Monitor 4K 27 Inch,Elektronik,4181000,5279000,150,PT Mandiri Utama,Gudang Cabang (Surabaya)
CASE-0394,Data Barang Diverifikasi,2026-01-29 09:15:00,BRG-394,Monitor 4K 27 Inch,Elektronik,4181000,5279000,150,PT Mandiri Utama,Gudang Cabang (Surabaya)
CASE-0394,Barang Ditempatkan,2026-01-29 09:30:00,BRG-394,Monitor 4K 27 Inch,Elektronik,4181000,5279000,150,PT Mandiri Utama,Gudang Cabang (Surabaya)
CASE-0394,Stok Dicatat,2026-01-29 09:45:00,BRG-394,Monitor 4K 27 Inch,Elektronik,4181000,5279000,150,PT Mandiri Utama,Gudang Cabang (Surabaya)
CASE-0395,Data Barang Dibuat,2026-01-30 09:00:00,BRG-395,Mesin Kopi Espresso,Peralatan Rumah Tangga,4815000,6489000,190,PT Techindo Jaya,Gudang Cabang (Surabaya)
CASE-0395,Data Barang Diverifikasi,2026-01-30 09:15:00,BRG-395,Mesin Kopi Espresso,Peralatan Rumah Tangga,4815000,6489000,190,PT Techindo Jaya,Gudang Cabang (Surabaya)
CASE-0395,Barang Ditempatkan,2026-01-30 09:30:00,BRG-395,Mesin Kopi Espresso,Peralatan Rumah Tangga,4815000,6489000,190,PT Techindo Jaya,Gudang Cabang (Surabaya)
CASE-0395,Stok Dicatat,2026-01-30 09:45:00,BRG-395,Mesin Kopi Espresso,Peralatan Rumah Tangga,4815000,6489000,190,PT Techindo Jaya,Gudang Cabang (Surabaya)
CASE-0396,Data Barang Dibuat,2026-01-31 09:00:00,BRG-396,Laptop Gaming Pro,Elektronik,19333000,23130000,24,PT Mega Elektronik,Gudang Cabang (Medan)
CASE-0396,Data Barang Diverifikasi,2026-01-31 09:15:00,BRG-396,Laptop Gaming Pro,Elektronik,19333000,23130000,24,PT Mega Elektronik,Gudang Cabang (Medan)
CASE-0396,Barang Ditempatkan,2026-01-31 09:30:00,BRG-396,Laptop Gaming Pro,Elektronik,19333000,23130000,24,PT Mega Elektronik,Gudang Cabang (Medan)
CASE-0396,Stok Dicatat,2026-01-31 09:45:00,BRG-396,Laptop Gaming Pro,Elektronik,19333000,23130000,24,PT Mega Elektronik,Gudang Cabang (Medan)
CASE-0397,Data Barang Dibuat,2026-02-01 09:00:00,BRG-397,Kursi Ergonomis,Peralatan Kantor,2346000,3065000,120,PT Mandiri Utama,Gudang Cabang (Bandung)
CASE-0397,Data Barang Diverifikasi,2026-02-01 09:15:00,BRG-397,Kursi Ergonomis,Peralatan Kantor,2346000,3065000,120,PT Mandiri Utama,Gudang Cabang (Bandung)
CASE-0397,Barang Ditempatkan,2026-02-01 09:30:00,BRG-397,Kursi Ergonomis,Peralatan Kantor,2346000,3065000,120,PT Mandiri Utama,Gudang Cabang (Bandung)
CASE-0397,Stok Dicatat,2026-02-01 09:45:00,BRG-397,Kursi Ergonomis,Peralatan Kantor,2346000,3065000,120,PT Mandiri Utama,Gudang Cabang (Bandung)
CASE-0398,Data Barang Dibuat,2026-02-02 09:00:00,BRG-398,Proyektor Portable,Peralatan Kantor,3774000,4666000,179,CV Bina Logistik,Gudang Cabang (Medan)
CASE-0398,Data Barang Diverifikasi,2026-02-02 09:15:00,BRG-398,Proyektor Portable,Peralatan Kantor,3774000,4666000,179,CV Bina Logistik,Gudang Cabang (Medan)
CASE-0398,Barang Ditempatkan,2026-02-02 09:30:00,BRG-398,Proyektor Portable,Peralatan Kantor,3774000,4666000,179,CV Bina Logistik,Gudang Cabang (Medan)
CASE-0398,Stok Dicatat,2026-02-02 09:45:00,BRG-398,Proyektor Portable,Peralatan Kantor,3774000,4666000,179,CV Bina Logistik,Gudang Cabang (Medan)
CASE-0399,Data Barang Dibuat,2026-02-03 09:00:00,BRG-399,Tablet Grafis,Elektronik,3738000,4895000,187,PT Techindo Jaya,Gudang Utama (Jakarta)
CASE-0399,Data Barang Diverifikasi,2026-02-03 09:15:00,BRG-399,Tablet Grafis,Elektronik,3738000,4895000,187,PT Techindo Jaya,Gudang Utama (Jakarta)
CASE-0399,Barang Ditempatkan,2026-02-03 09:30:00,BRG-399,Tablet Grafis,Elektronik,3738000,4895000,187,PT Techindo Jaya,Gudang Utama (Jakarta)
CASE-0399,Stok Dicatat,2026-02-03 09:45:00,BRG-399,Tablet Grafis,Elektronik,3738000,4895000,187,PT Techindo Jaya,Gudang Utama (Jakarta)
CASE-0400,Data Barang Dibuat,2026-02-04 09:00:00,BRG-400,Meja Stand-Desk Auto,Peralatan Kantor,4093000,5289000,167,CV Sentosa Perkasa,Gudang Cabang (Medan)
CASE-0400,Data Barang Diverifikasi,2026-02-04 09:15:00,BRG-400,Meja Stand-Desk Auto,Peralatan Kantor,4093000,5289000,167,CV Sentosa Perkasa,Gudang Cabang (Medan)
CASE-0400,Barang Ditempatkan,2026-02-04 09:30:00,BRG-400,Meja Stand-Desk Auto,Peralatan Kantor,4093000,5289000,167,CV Sentosa Perkasa,Gudang Cabang (Medan)
CASE-0400,Stok Dicatat,2026-02-04 09:45:00,BRG-400,Meja Stand-Desk Auto,Peralatan Kantor,4093000,5289000,167,CV Sentosa Perkasa,Gudang Cabang (Medan)
CASE-0401,Data Barang Dibuat,2026-02-05 09:00:00,BRG-401,Printer Laser Multifungsi,Peralatan Kantor,2246000,2624000,246,PT Mega Elektronik,Gudang Cabang (Medan)
CASE-0401,Data Barang Diverifikasi,2026-02-05 09:15:00,BRG-401,Printer Laser Multifungsi,Peralatan Kantor,2246000,2624000,246,PT Mega Elektronik,Gudang Cabang (Medan)
CASE-0401,Barang Ditempatkan,2026-02-05 09:30:00,BRG-401,Printer Laser Multifungsi,Peralatan Kantor,2246000,2624000,246,PT Mega Elektronik,Gudang Cabang (Medan)
CASE-0401,Stok Dicatat,2026-02-05 09:45:00,BRG-401,Printer Laser Multifungsi,Peralatan Kantor,2246000,2624000,246,PT Mega Elektronik,Gudang Cabang (Medan)
CASE-0402,Data Barang Dibuat,2026-02-06 09:00:00,BRG-402,Printer Laser Multifungsi,Peralatan Kantor,2228000,2621000,52,PT Mandiri Utama,Gudang Cabang (Medan)
CASE-0402,Data Barang Diverifikasi,2026-02-06 09:15:00,BRG-402,Printer Laser Multifungsi,Peralatan Kantor,2228000,2621000,52,PT Mandiri Utama,Gudang Cabang (Medan)
CASE-0402,Barang Ditempatkan,2026-02-06 09:30:00,BRG-402,Printer Laser Multifungsi,Peralatan Kantor,2228000,2621000,52,PT Mandiri Utama,Gudang Cabang (Medan)
CASE-0402,Stok Dicatat,2026-02-06 09:45:00,BRG-402,Printer Laser Multifungsi,Peralatan Kantor,2228000,2621000,52,PT Mandiri Utama,Gudang Cabang (Medan)
CASE-0403,Data Barang Dibuat,2026-02-07 09:00:00,BRG-403,NAS Storage 2-Bay,Peralatan Jaringan,2933000,3388000,95,CV Bina Logistik,Gudang Utama (Jakarta)
CASE-0403,Data Barang Diverifikasi,2026-02-07 09:15:00,BRG-403,NAS Storage 2-Bay,Peralatan Jaringan,2933000,3388000,95,CV Bina Logistik,Gudang Utama (Jakarta)
CASE-0403,Barang Ditempatkan,2026-02-07 09:30:00,BRG-403,NAS Storage 2-Bay,Peralatan Jaringan,2933000,3388000,95,CV Bina Logistik,Gudang Utama (Jakarta)
CASE-0403,Stok Dicatat,2026-02-07 09:45:00,BRG-403,NAS Storage 2-Bay,Peralatan Jaringan,2933000,3388000,95,CV Bina Logistik,Gudang Utama (Jakarta)
CASE-0404,Data Barang Dibuat,2026-02-08 09:00:00,BRG-404,Access Point Enterprise,Peralatan Jaringan,3011000,3694000,79,PT Mandiri Utama,Gudang Cabang (Medan)
CASE-0404,Data Barang Diverifikasi,2026-02-08 09:15:00,BRG-404,Access Point Enterprise,Peralatan Jaringan,3011000,3694000,79,PT Mandiri Utama,Gudang Cabang (Medan)
CASE-0404,Barang Ditempatkan,2026-02-08 09:30:00,BRG-404,Access Point Enterprise,Peralatan Jaringan,3011000,3694000,79,PT Mandiri Utama,Gudang Cabang (Medan)
CASE-0404,Stok Dicatat,2026-02-08 09:45:00,BRG-404,Access Point Enterprise,Peralatan Jaringan,3011000,3694000,79,PT Mandiri Utama,Gudang Cabang (Medan)
CASE-0405,Data Barang Dibuat,2026-02-09 09:00:00,BRG-405,Tablet Grafis,Elektronik,3518000,4448000,48,PT Indo Sarana,Gudang Cabang (Medan)
CASE-0405,Data Barang Diverifikasi,2026-02-09 09:15:00,BRG-405,Tablet Grafis,Elektronik,3518000,4448000,48,PT Indo Sarana,Gudang Cabang (Medan)
CASE-0405,Barang Ditempatkan,2026-02-09 09:30:00,BRG-405,Tablet Grafis,Elektronik,3518000,4448000,48,PT Indo Sarana,Gudang Cabang (Medan)
CASE-0405,Stok Dicatat,2026-02-09 09:45:00,BRG-405,Tablet Grafis,Elektronik,3518000,4448000,48,PT Indo Sarana,Gudang Cabang (Medan)
CASE-0406,Data Barang Dibuat,2026-02-10 09:00:00,BRG-406,Keyboard Mekanikal,Aksesoris Komputer,681000,824000,131,CV Sentosa Perkasa,Gudang Utama (Jakarta)
CASE-0406,Data Barang Diverifikasi,2026-02-10 09:15:00,BRG-406,Keyboard Mekanikal,Aksesoris Komputer,681000,824000,131,CV Sentosa Perkasa,Gudang Utama (Jakarta)
CASE-0406,Barang Ditempatkan,2026-02-10 09:30:00,BRG-406,Keyboard Mekanikal,Aksesoris Komputer,681000,824000,131,CV Sentosa Perkasa,Gudang Utama (Jakarta)
CASE-0406,Stok Dicatat,2026-02-10 09:45:00,BRG-406,Keyboard Mekanikal,Aksesoris Komputer,681000,824000,131,CV Sentosa Perkasa,Gudang Utama (Jakarta)
CASE-0407,Data Barang Dibuat,2026-02-11 09:00:00,BRG-407,Webcam HD 1080p,Aksesoris Komputer,394000,486000,128,PT Techindo Jaya,Gudang Cabang (Surabaya)
CASE-0407,Data Barang Diverifikasi,2026-02-11 09:15:00,BRG-407,Webcam HD 1080p,Aksesoris Komputer,394000,486000,128,PT Techindo Jaya,Gudang Cabang (Surabaya)
CASE-0407,Barang Ditempatkan,2026-02-11 09:30:00,BRG-407,Webcam HD 1080p,Aksesoris Komputer,394000,486000,128,PT Techindo Jaya,Gudang Cabang (Surabaya)
CASE-0407,Stok Dicatat,2026-02-11 09:45:00,BRG-407,Webcam HD 1080p,Aksesoris Komputer,394000,486000,128,PT Techindo Jaya,Gudang Cabang (Surabaya)
CASE-0408,Data Barang Dibuat,2026-02-12 09:00:00,BRG-408,Meja Stand-Desk Auto,Peralatan Kantor,5523000,7041000,157,CV Bina Logistik,Gudang Cabang (Bandung)
CASE-0408,Data Barang Diverifikasi,2026-02-12 09:15:00,BRG-408,Meja Stand-Desk Auto,Peralatan Kantor,5523000,7041000,157,CV Bina Logistik,Gudang Cabang (Bandung)
CASE-0408,Barang Ditempatkan,2026-02-12 09:30:00,BRG-408,Meja Stand-Desk Auto,Peralatan Kantor,5523000,7041000,157,CV Bina Logistik,Gudang Cabang (Bandung)
CASE-0408,Stok Dicatat,2026-02-12 09:45:00,BRG-408,Meja Stand-Desk Auto,Peralatan Kantor,5523000,7041000,157,CV Bina Logistik,Gudang Cabang (Bandung)
CASE-0409,Data Barang Dibuat,2026-02-13 09:00:00,BRG-409,Air Purifier HEPA,Peralatan Rumah Tangga,1484000,1797000,247,PT Mandiri Utama,Gudang Cabang (Surabaya)
CASE-0409,Data Barang Diverifikasi,2026-02-13 09:15:00,BRG-409,Air Purifier HEPA,Peralatan Rumah Tangga,1484000,1797000,247,PT Mandiri Utama,Gudang Cabang (Surabaya)
CASE-0409,Barang Ditempatkan,2026-02-13 09:30:00,BRG-409,Air Purifier HEPA,Peralatan Rumah Tangga,1484000,1797000,247,PT Mandiri Utama,Gudang Cabang (Surabaya)
CASE-0409,Stok Dicatat,2026-02-13 09:45:00,BRG-409,Air Purifier HEPA,Peralatan Rumah Tangga,1484000,1797000,247,PT Mandiri Utama,Gudang Cabang (Surabaya)
CASE-0410,Data Barang Dibuat,2026-02-14 09:00:00,BRG-410,NAS Storage 2-Bay,Peralatan Jaringan,3882000,4806000,115,PT Indo Sarana,Gudang Cabang (Bandung)
CASE-0410,Data Barang Diverifikasi,2026-02-14 09:15:00,BRG-410,NAS Storage 2-Bay,Peralatan Jaringan,3882000,4806000,115,PT Indo Sarana,Gudang Cabang (Bandung)
CASE-0410,Barang Ditempatkan,2026-02-14 09:30:00,BRG-410,NAS Storage 2-Bay,Peralatan Jaringan,3882000,4806000,115,PT Indo Sarana,Gudang Cabang (Bandung)
CASE-0410,Stok Dicatat,2026-02-14 09:45:00,BRG-410,NAS Storage 2-Bay,Peralatan Jaringan,3882000,4806000,115,PT Indo Sarana,Gudang Cabang (Bandung)
CASE-0411,Data Barang Dibuat,2026-02-15 09:00:00,BRG-411,Printer Laser Multifungsi,Peralatan Kantor,4330000,5799000,56,PT Mandiri Utama,Gudang Cabang (Surabaya)
CASE-0411,Data Barang Diverifikasi,2026-02-15 09:15:00,BRG-411,Printer Laser Multifungsi,Peralatan Kantor,4330000,5799000,56,PT Mandiri Utama,Gudang Cabang (Surabaya)
CASE-0411,Barang Ditempatkan,2026-02-15 09:30:00,BRG-411,Printer Laser Multifungsi,Peralatan Kantor,4330000,5799000,56,PT Mandiri Utama,Gudang Cabang (Surabaya)
CASE-0411,Stok Dicatat,2026-02-15 09:45:00,BRG-411,Printer Laser Multifungsi,Peralatan Kantor,4330000,5799000,56,PT Mandiri Utama,Gudang Cabang (Surabaya)
CASE-0412,Data Barang Dibuat,2026-02-16 09:00:00,BRG-412,Webcam HD 1080p,Aksesoris Komputer,417000,503000,182,PT Indo Sarana,Gudang Cabang (Medan)
CASE-0412,Data Barang Diverifikasi,2026-02-16 09:15:00,BRG-412,Webcam HD 1080p,Aksesoris Komputer,417000,503000,182,PT Indo Sarana,Gudang Cabang (Medan)
CASE-0412,Barang Ditempatkan,2026-02-16 09:30:00,BRG-412,Webcam HD 1080p,Aksesoris Komputer,417000,503000,182,PT Indo Sarana,Gudang Cabang (Medan)
CASE-0412,Stok Dicatat,2026-02-16 09:45:00,BRG-412,Webcam HD 1080p,Aksesoris Komputer,417000,503000,182,PT Indo Sarana,Gudang Cabang (Medan)
CASE-0413,Data Barang Dibuat,2026-02-17 09:00:00,BRG-413,Switch Gigabit 16-Port,Peralatan Jaringan,1041000,1275000,214,PT Mandiri Utama,Gudang Cabang (Surabaya)
CASE-0413,Data Barang Diverifikasi,2026-02-17 09:15:00,BRG-413,Switch Gigabit 16-Port,Peralatan Jaringan,1041000,1275000,214,PT Mandiri Utama,Gudang Cabang (Surabaya)
CASE-0413,Barang Ditempatkan,2026-02-17 09:30:00,BRG-413,Switch Gigabit 16-Port,Peralatan Jaringan,1041000,1275000,214,PT Mandiri Utama,Gudang Cabang (Surabaya)
CASE-0413,Stok Dicatat,2026-02-17 09:45:00,BRG-413,Switch Gigabit 16-Port,Peralatan Jaringan,1041000,1275000,214,PT Mandiri Utama,Gudang Cabang (Surabaya)
CASE-0414,Data Barang Dibuat,2026-02-18 09:00:00,BRG-414,Tablet Grafis,Elektronik,3338000,4234000,144,CV Sentosa Perkasa,Gudang Utama (Jakarta)
CASE-0414,Data Barang Diverifikasi,2026-02-18 09:15:00,BRG-414,Tablet Grafis,Elektronik,3338000,4234000,144,CV Sentosa Perkasa,Gudang Utama (Jakarta)
CASE-0414,Barang Ditempatkan,2026-02-18 09:30:00,BRG-414,Tablet Grafis,Elektronik,3338000,4234000,144,CV Sentosa Perkasa,Gudang Utama (Jakarta)
CASE-0414,Stok Dicatat,2026-02-18 09:45:00,BRG-414,Tablet Grafis,Elektronik,3338000,4234000,144,CV Sentosa Perkasa,Gudang Utama (Jakarta)
CASE-0415,Data Barang Dibuat,2026-02-19 09:00:00,BRG-415,Mesin Kopi Espresso,Peralatan Rumah Tangga,3339000,4372000,217,PT Indo Sarana,Gudang Utama (Jakarta)
CASE-0415,Data Barang Diverifikasi,2026-02-19 09:15:00,BRG-415,Mesin Kopi Espresso,Peralatan Rumah Tangga,3339000,4372000,217,PT Indo Sarana,Gudang Utama (Jakarta)
CASE-0415,Barang Ditempatkan,2026-02-19 09:30:00,BRG-415,Mesin Kopi Espresso,Peralatan Rumah Tangga,3339000,4372000,217,PT Indo Sarana,Gudang Utama (Jakarta)
CASE-0415,Stok Dicatat,2026-02-19 09:45:00,BRG-415,Mesin Kopi Espresso,Peralatan Rumah Tangga,3339000,4372000,217,PT Indo Sarana,Gudang Utama (Jakarta)
CASE-0416,Data Barang Dibuat,2026-02-20 09:00:00,BRG-416,Microwave Digital,Peralatan Rumah Tangga,1191000,1520000,66,PT Mega Elektronik,Gudang Cabang (Bandung)
CASE-0416,Data Barang Diverifikasi,2026-02-20 09:15:00,BRG-416,Microwave Digital,Peralatan Rumah Tangga,1191000,1520000,66,PT Mega Elektronik,Gudang Cabang (Bandung)
CASE-0416,Barang Ditempatkan,2026-02-20 09:30:00,BRG-416,Microwave Digital,Peralatan Rumah Tangga,1191000,1520000,66,PT Mega Elektronik,Gudang Cabang (Bandung)
CASE-0416,Stok Dicatat,2026-02-20 09:45:00,BRG-416,Microwave Digital,Peralatan Rumah Tangga,1191000,1520000,66,PT Mega Elektronik,Gudang Cabang (Bandung)
CASE-0417,Data Barang Dibuat,2026-02-21 09:00:00,BRG-417,Microwave Digital,Peralatan Rumah Tangga,1055000,1308000,158,PT Mandiri Utama,Gudang Cabang (Medan)
CASE-0417,Data Barang Diverifikasi,2026-02-21 09:15:00,BRG-417,Microwave Digital,Peralatan Rumah Tangga,1055000,1308000,158,PT Mandiri Utama,Gudang Cabang (Medan)
CASE-0417,Barang Ditempatkan,2026-02-21 09:30:00,BRG-417,Microwave Digital,Peralatan Rumah Tangga,1055000,1308000,158,PT Mandiri Utama,Gudang Cabang (Medan)
CASE-0417,Stok Dicatat,2026-02-21 09:45:00,BRG-417,Microwave Digital,Peralatan Rumah Tangga,1055000,1308000,158,PT Mandiri Utama,Gudang Cabang (Medan)
CASE-0418,Data Barang Dibuat,2026-02-22 09:00:00,BRG-418,NAS Storage 2-Bay,Peralatan Jaringan,4780000,5532000,97,PT Indo Sarana,Gudang Utama (Jakarta)
CASE-0418,Data Barang Diverifikasi,2026-02-22 09:15:00,BRG-418,NAS Storage 2-Bay,Peralatan Jaringan,4780000,5532000,97,PT Indo Sarana,Gudang Utama (Jakarta)
CASE-0418,Barang Ditempatkan,2026-02-22 09:30:00,BRG-418,NAS Storage 2-Bay,Peralatan Jaringan,4780000,5532000,97,PT Indo Sarana,Gudang Utama (Jakarta)
CASE-0418,Stok Dicatat,2026-02-22 09:45:00,BRG-418,NAS Storage 2-Bay,Peralatan Jaringan,4780000,5532000,97,PT Indo Sarana,Gudang Utama (Jakarta)
CASE-0419,Data Barang Dibuat,2026-02-23 09:00:00,BRG-419,Smartphone Flagship,Elektronik,13956000,16513000,161,PT Techindo Jaya,Gudang Cabang (Medan)
CASE-0419,Data Barang Diverifikasi,2026-02-23 09:15:00,BRG-419,Smartphone Flagship,Elektronik,13956000,16513000,161,PT Techindo Jaya,Gudang Cabang (Medan)
CASE-0419,Barang Ditempatkan,2026-02-23 09:30:00,BRG-419,Smartphone Flagship,Elektronik,13956000,16513000,161,PT Techindo Jaya,Gudang Cabang (Medan)
CASE-0419,Stok Dicatat,2026-02-23 09:45:00,BRG-419,Smartphone Flagship,Elektronik,13956000,16513000,161,PT Techindo Jaya,Gudang Cabang (Medan)
CASE-0420,Data Barang Dibuat,2026-02-24 09:00:00,BRG-420,Paper Shredder Heavy-Duty,Peralatan Kantor,1022000,1177000,71,CV Sentosa Perkasa,Gudang Cabang (Bandung)
CASE-0420,Data Barang Diverifikasi,2026-02-24 09:15:00,BRG-420,Paper Shredder Heavy-Duty,Peralatan Kantor,1022000,1177000,71,CV Sentosa Perkasa,Gudang Cabang (Bandung)
CASE-0420,Barang Ditempatkan,2026-02-24 09:30:00,BRG-420,Paper Shredder Heavy-Duty,Peralatan Kantor,1022000,1177000,71,CV Sentosa Perkasa,Gudang Cabang (Bandung)
CASE-0420,Stok Dicatat,2026-02-24 09:45:00,BRG-420,Paper Shredder Heavy-Duty,Peralatan Kantor,1022000,1177000,71,CV Sentosa Perkasa,Gudang Cabang (Bandung)
CASE-0421,Data Barang Dibuat,2026-02-25 09:00:00,BRG-421,Robot Vacuum Cleaner,Peralatan Rumah Tangga,3640000,4523000,178,CV Bina Logistik,Gudang Cabang (Bandung)
CASE-0421,Data Barang Diverifikasi,2026-02-25 09:15:00,BRG-421,Robot Vacuum Cleaner,Peralatan Rumah Tangga,3640000,4523000,178,CV Bina Logistik,Gudang Cabang (Bandung)
CASE-0421,Barang Ditempatkan,2026-02-25 09:30:00,BRG-421,Robot Vacuum Cleaner,Peralatan Rumah Tangga,3640000,4523000,178,CV Bina Logistik,Gudang Cabang (Bandung)
CASE-0421,Stok Dicatat,2026-02-25 09:45:00,BRG-421,Robot Vacuum Cleaner,Peralatan Rumah Tangga,3640000,4523000,178,CV Bina Logistik,Gudang Cabang (Bandung)
CASE-0422,Data Barang Dibuat,2026-02-26 09:00:00,BRG-422,Kursi Ergonomis,Peralatan Kantor,3224000,3775000,111,PT Techindo Jaya,Gudang Utama (Jakarta)
CASE-0422,Data Barang Diverifikasi,2026-02-26 09:15:00,BRG-422,Kursi Ergonomis,Peralatan Kantor,3224000,3775000,111,PT Techindo Jaya,Gudang Utama (Jakarta)
CASE-0422,Barang Ditempatkan,2026-02-26 09:30:00,BRG-422,Kursi Ergonomis,Peralatan Kantor,3224000,3775000,111,PT Techindo Jaya,Gudang Utama (Jakarta)
CASE-0422,Stok Dicatat,2026-02-26 09:45:00,BRG-422,Kursi Ergonomis,Peralatan Kantor,3224000,3775000,111,PT Techindo Jaya,Gudang Utama (Jakarta)
CASE-0423,Data Barang Dibuat,2026-02-27 09:00:00,BRG-423,Headset Gaming 7.1,Aksesoris Komputer,627000,764000,205,CV Sentosa Perkasa,Gudang Cabang (Medan)
CASE-0423,Data Barang Diverifikasi,2026-02-27 09:15:00,BRG-423,Headset Gaming 7.1,Aksesoris Komputer,627000,764000,205,CV Sentosa Perkasa,Gudang Cabang (Medan)
CASE-0423,Barang Ditempatkan,2026-02-27 09:30:00,BRG-423,Headset Gaming 7.1,Aksesoris Komputer,627000,764000,205,CV Sentosa Perkasa,Gudang Cabang (Medan)
CASE-0423,Stok Dicatat,2026-02-27 09:45:00,BRG-423,Headset Gaming 7.1,Aksesoris Komputer,627000,764000,205,CV Sentosa Perkasa,Gudang Cabang (Medan)
CASE-0424,Data Barang Dibuat,2026-02-28 09:00:00,BRG-424,Paper Shredder Heavy-Duty,Peralatan Kantor,1004000,1242000,183,PT Mandiri Utama,Gudang Cabang (Surabaya)
CASE-0424,Data Barang Diverifikasi,2026-02-28 09:15:00,BRG-424,Paper Shredder Heavy-Duty,Peralatan Kantor,1004000,1242000,183,PT Mandiri Utama,Gudang Cabang (Surabaya)
CASE-0424,Barang Ditempatkan,2026-02-28 09:30:00,BRG-424,Paper Shredder Heavy-Duty,Peralatan Kantor,1004000,1242000,183,PT Mandiri Utama,Gudang Cabang (Surabaya)
CASE-0424,Stok Dicatat,2026-02-28 09:45:00,BRG-424,Paper Shredder Heavy-Duty,Peralatan Kantor,1004000,1242000,183,PT Mandiri Utama,Gudang Cabang (Surabaya)
CASE-0425,Data Barang Dibuat,2026-03-01 09:00:00,BRG-425,Monitor 4K 27 Inch,Elektronik,3687000,4837000,34,PT Techindo Jaya,Gudang Cabang (Surabaya)
CASE-0425,Data Barang Diverifikasi,2026-03-01 09:15:00,BRG-425,Monitor 4K 27 Inch,Elektronik,3687000,4837000,34,PT Techindo Jaya,Gudang Cabang (Surabaya)
CASE-0425,Barang Ditempatkan,2026-03-01 09:30:00,BRG-425,Monitor 4K 27 Inch,Elektronik,3687000,4837000,34,PT Techindo Jaya,Gudang Cabang (Surabaya)
CASE-0425,Stok Dicatat,2026-03-01 09:45:00,BRG-425,Monitor 4K 27 Inch,Elektronik,3687000,4837000,34,PT Techindo Jaya,Gudang Cabang (Surabaya)
CASE-0426,Data Barang Dibuat,2026-03-02 09:00:00,BRG-426,Smartphone Flagship,Elektronik,12092000,15153000,146,CV Sentosa Perkasa,Gudang Cabang (Surabaya)
CASE-0426,Data Barang Diverifikasi,2026-03-02 09:15:00,BRG-426,Smartphone Flagship,Elektronik,12092000,15153000,146,CV Sentosa Perkasa,Gudang Cabang (Surabaya)
CASE-0426,Barang Ditempatkan,2026-03-02 09:30:00,BRG-426,Smartphone Flagship,Elektronik,12092000,15153000,146,CV Sentosa Perkasa,Gudang Cabang (Surabaya)
CASE-0426,Stok Dicatat,2026-03-02 09:45:00,BRG-426,Smartphone Flagship,Elektronik,12092000,15153000,146,CV Sentosa Perkasa,Gudang Cabang (Surabaya)
CASE-0427,Data Barang Dibuat,2026-03-03 09:00:00,BRG-427,NAS Storage 2-Bay,Peralatan Jaringan,4437000,5308000,108,PT Indo Sarana,Gudang Cabang (Bandung)
CASE-0427,Data Barang Diverifikasi,2026-03-03 09:15:00,BRG-427,NAS Storage 2-Bay,Peralatan Jaringan,4437000,5308000,108,PT Indo Sarana,Gudang Cabang (Bandung)
CASE-0427,Barang Ditempatkan,2026-03-03 09:30:00,BRG-427,NAS Storage 2-Bay,Peralatan Jaringan,4437000,5308000,108,PT Indo Sarana,Gudang Cabang (Bandung)
CASE-0427,Stok Dicatat,2026-03-03 09:45:00,BRG-427,NAS Storage 2-Bay,Peralatan Jaringan,4437000,5308000,108,PT Indo Sarana,Gudang Cabang (Bandung)
CASE-0428,Data Barang Dibuat,2026-03-04 09:00:00,BRG-428,Webcam HD 1080p,Aksesoris Komputer,457000,528000,162,CV Sentosa Perkasa,Gudang Cabang (Medan)
CASE-0428,Data Barang Diverifikasi,2026-03-04 09:15:00,BRG-428,Webcam HD 1080p,Aksesoris Komputer,457000,528000,162,CV Sentosa Perkasa,Gudang Cabang (Medan)
CASE-0428,Barang Ditempatkan,2026-03-04 09:30:00,BRG-428,Webcam HD 1080p,Aksesoris Komputer,457000,528000,162,CV Sentosa Perkasa,Gudang Cabang (Medan)
CASE-0428,Stok Dicatat,2026-03-04 09:45:00,BRG-428,Webcam HD 1080p,Aksesoris Komputer,457000,528000,162,CV Sentosa Perkasa,Gudang Cabang (Medan)
CASE-0429,Data Barang Dibuat,2026-03-05 09:00:00,BRG-429,NAS Storage 2-Bay,Peralatan Jaringan,4130000,4753000,59,CV Sentosa Perkasa,Gudang Cabang (Surabaya)
CASE-0429,Data Barang Diverifikasi,2026-03-05 09:15:00,BRG-429,NAS Storage 2-Bay,Peralatan Jaringan,4130000,4753000,59,CV Sentosa Perkasa,Gudang Cabang (Surabaya)
CASE-0429,Barang Ditempatkan,2026-03-05 09:30:00,BRG-429,NAS Storage 2-Bay,Peralatan Jaringan,4130000,4753000,59,CV Sentosa Perkasa,Gudang Cabang (Surabaya)
CASE-0429,Stok Dicatat,2026-03-05 09:45:00,BRG-429,NAS Storage 2-Bay,Peralatan Jaringan,4130000,4753000,59,CV Sentosa Perkasa,Gudang Cabang (Surabaya)
CASE-0430,Data Barang Dibuat,2026-03-06 09:00:00,BRG-430,Tablet Grafis,Elektronik,2926000,3832000,142,CV Sentosa Perkasa,Gudang Cabang (Surabaya)
CASE-0430,Data Barang Diverifikasi,2026-03-06 09:15:00,BRG-430,Tablet Grafis,Elektronik,2926000,3832000,142,CV Sentosa Perkasa,Gudang Cabang (Surabaya)
CASE-0430,Barang Ditempatkan,2026-03-06 09:30:00,BRG-430,Tablet Grafis,Elektronik,2926000,3832000,142,CV Sentosa Perkasa,Gudang Cabang (Surabaya)
CASE-0430,Stok Dicatat,2026-03-06 09:45:00,BRG-430,Tablet Grafis,Elektronik,2926000,3832000,142,CV Sentosa Perkasa,Gudang Cabang (Surabaya)
CASE-0431,Data Barang Dibuat,2026-03-07 09:00:00,BRG-431,Meja Stand-Desk Auto,Peralatan Kantor,4419000,5182000,176,PT Mandiri Utama,Gudang Cabang (Surabaya)
CASE-0431,Data Barang Diverifikasi,2026-03-07 09:15:00,BRG-431,Meja Stand-Desk Auto,Peralatan Kantor,4419000,5182000,176,PT Mandiri Utama,Gudang Cabang (Surabaya)
CASE-0431,Barang Ditempatkan,2026-03-07 09:30:00,BRG-431,Meja Stand-Desk Auto,Peralatan Kantor,4419000,5182000,176,PT Mandiri Utama,Gudang Cabang (Surabaya)
CASE-0431,Stok Dicatat,2026-03-07 09:45:00,BRG-431,Meja Stand-Desk Auto,Peralatan Kantor,4419000,5182000,176,PT Mandiri Utama,Gudang Cabang (Surabaya)
CASE-0432,Data Barang Dibuat,2026-03-08 09:00:00,BRG-432,NAS Storage 2-Bay,Peralatan Jaringan,5064000,6221000,34,PT Mega Elektronik,Gudang Cabang (Surabaya)
CASE-0432,Data Barang Diverifikasi,2026-03-08 09:15:00,BRG-432,NAS Storage 2-Bay,Peralatan Jaringan,5064000,6221000,34,PT Mega Elektronik,Gudang Cabang (Surabaya)
CASE-0432,Barang Ditempatkan,2026-03-08 09:30:00,BRG-432,NAS Storage 2-Bay,Peralatan Jaringan,5064000,6221000,34,PT Mega Elektronik,Gudang Cabang (Surabaya)
CASE-0432,Stok Dicatat,2026-03-08 09:45:00,BRG-432,NAS Storage 2-Bay,Peralatan Jaringan,5064000,6221000,34,PT Mega Elektronik,Gudang Cabang (Surabaya)
CASE-0433,Data Barang Dibuat,2026-03-09 09:00:00,BRG-433,Blender High Power,Peralatan Rumah Tangga,580000,761000,185,PT Mega Elektronik,Gudang Utama (Jakarta)
CASE-0433,Data Barang Diverifikasi,2026-03-09 09:15:00,BRG-433,Blender High Power,Peralatan Rumah Tangga,580000,761000,185,PT Mega Elektronik,Gudang Utama (Jakarta)
CASE-0433,Barang Ditempatkan,2026-03-09 09:30:00,BRG-433,Blender High Power,Peralatan Rumah Tangga,580000,761000,185,PT Mega Elektronik,Gudang Utama (Jakarta)
CASE-0433,Stok Dicatat,2026-03-09 09:45:00,BRG-433,Blender High Power,Peralatan Rumah Tangga,580000,761000,185,PT Mega Elektronik,Gudang Utama (Jakarta)
CASE-0434,Data Barang Dibuat,2026-03-10 09:00:00,BRG-434,Headset Gaming 7.1,Aksesoris Komputer,423000,506000,34,CV Sentosa Perkasa,Gudang Cabang (Surabaya)
CASE-0434,Data Barang Diverifikasi,2026-03-10 09:15:00,BRG-434,Headset Gaming 7.1,Aksesoris Komputer,423000,506000,34,CV Sentosa Perkasa,Gudang Cabang (Surabaya)
CASE-0434,Barang Ditempatkan,2026-03-10 09:30:00,BRG-434,Headset Gaming 7.1,Aksesoris Komputer,423000,506000,34,CV Sentosa Perkasa,Gudang Cabang (Surabaya)
CASE-0434,Stok Dicatat,2026-03-10 09:45:00,BRG-434,Headset Gaming 7.1,Aksesoris Komputer,423000,506000,34,CV Sentosa Perkasa,Gudang Cabang (Surabaya)
CASE-0435,Data Barang Dibuat,2026-03-11 09:00:00,BRG-435,External SSD 1TB,Aksesoris Komputer,1507000,1859000,40,CV Bina Logistik,Gudang Cabang (Medan)
CASE-0435,Data Barang Diverifikasi,2026-03-11 09:15:00,BRG-435,External SSD 1TB,Aksesoris Komputer,1507000,1859000,40,CV Bina Logistik,Gudang Cabang (Medan)
CASE-0435,Barang Ditempatkan,2026-03-11 09:30:00,BRG-435,External SSD 1TB,Aksesoris Komputer,1507000,1859000,40,CV Bina Logistik,Gudang Cabang (Medan)
CASE-0435,Stok Dicatat,2026-03-11 09:45:00,BRG-435,External SSD 1TB,Aksesoris Komputer,1507000,1859000,40,CV Bina Logistik,Gudang Cabang (Medan)
CASE-0436,Data Barang Dibuat,2026-03-12 09:00:00,BRG-436,Mesin Kopi Espresso,Peralatan Rumah Tangga,3541000,4522000,182,PT Indo Sarana,Gudang Cabang (Bandung)
CASE-0436,Data Barang Diverifikasi,2026-03-12 09:15:00,BRG-436,Mesin Kopi Espresso,Peralatan Rumah Tangga,3541000,4522000,182,PT Indo Sarana,Gudang Cabang (Bandung)
CASE-0436,Barang Ditempatkan,2026-03-12 09:30:00,BRG-436,Mesin Kopi Espresso,Peralatan Rumah Tangga,3541000,4522000,182,PT Indo Sarana,Gudang Cabang (Bandung)
CASE-0436,Stok Dicatat,2026-03-12 09:45:00,BRG-436,Mesin Kopi Espresso,Peralatan Rumah Tangga,3541000,4522000,182,PT Indo Sarana,Gudang Cabang (Bandung)
CASE-0437,Data Barang Dibuat,2026-03-13 09:00:00,BRG-437,Switch Gigabit 16-Port,Peralatan Jaringan,1213000,1465000,52,PT Mega Elektronik,Gudang Cabang (Medan)
CASE-0437,Data Barang Diverifikasi,2026-03-13 09:15:00,BRG-437,Switch Gigabit 16-Port,Peralatan Jaringan,1213000,1465000,52,PT Mega Elektronik,Gudang Cabang (Medan)
CASE-0437,Barang Ditempatkan,2026-03-13 09:30:00,BRG-437,Switch Gigabit 16-Port,Peralatan Jaringan,1213000,1465000,52,PT Mega Elektronik,Gudang Cabang (Medan)
CASE-0437,Stok Dicatat,2026-03-13 09:45:00,BRG-437,Switch Gigabit 16-Port,Peralatan Jaringan,1213000,1465000,52,PT Mega Elektronik,Gudang Cabang (Medan)
CASE-0438,Data Barang Dibuat,2026-03-14 09:00:00,BRG-438,Router Wi-Fi 6,Peralatan Jaringan,1352000,1812000,129,CV Sentosa Perkasa,Gudang Cabang (Bandung)
CASE-0438,Data Barang Diverifikasi,2026-03-14 09:15:00,BRG-438,Router Wi-Fi 6,Peralatan Jaringan,1352000,1812000,129,CV Sentosa Perkasa,Gudang Cabang (Bandung)
CASE-0438,Barang Ditempatkan,2026-03-14 09:30:00,BRG-438,Router Wi-Fi 6,Peralatan Jaringan,1352000,1812000,129,CV Sentosa Perkasa,Gudang Cabang (Bandung)
CASE-0438,Stok Dicatat,2026-03-14 09:45:00,BRG-438,Router Wi-Fi 6,Peralatan Jaringan,1352000,1812000,129,CV Sentosa Perkasa,Gudang Cabang (Bandung)
CASE-0439,Data Barang Dibuat,2026-03-15 09:00:00,BRG-439,Blender High Power,Peralatan Rumah Tangga,929000,1189000,109,PT Indo Sarana,Gudang Cabang (Medan)
CASE-0439,Data Barang Diverifikasi,2026-03-15 09:15:00,BRG-439,Blender High Power,Peralatan Rumah Tangga,929000,1189000,109,PT Indo Sarana,Gudang Cabang (Medan)
CASE-0439,Barang Ditempatkan,2026-03-15 09:30:00,BRG-439,Blender High Power,Peralatan Rumah Tangga,929000,1189000,109,PT Indo Sarana,Gudang Cabang (Medan)
CASE-0439,Stok Dicatat,2026-03-15 09:45:00,BRG-439,Blender High Power,Peralatan Rumah Tangga,929000,1189000,109,PT Indo Sarana,Gudang Cabang (Medan)
CASE-0440,Data Barang Dibuat,2026-03-16 09:00:00,BRG-440,Microwave Digital,Peralatan Rumah Tangga,1924000,2276000,149,PT Techindo Jaya,Gudang Cabang (Bandung)
CASE-0440,Data Barang Diverifikasi,2026-03-16 09:15:00,BRG-440,Microwave Digital,Peralatan Rumah Tangga,1924000,2276000,149,PT Techindo Jaya,Gudang Cabang (Bandung)
CASE-0440,Barang Ditempatkan,2026-03-16 09:30:00,BRG-440,Microwave Digital,Peralatan Rumah Tangga,1924000,2276000,149,PT Techindo Jaya,Gudang Cabang (Bandung)
CASE-0440,Stok Dicatat,2026-03-16 09:45:00,BRG-440,Microwave Digital,Peralatan Rumah Tangga,1924000,2276000,149,PT Techindo Jaya,Gudang Cabang (Bandung)
CASE-0441,Data Barang Dibuat,2026-03-17 09:00:00,BRG-441,Kursi Ergonomis,Peralatan Kantor,2352000,2810000,78,CV Sentosa Perkasa,Gudang Cabang (Medan)
CASE-0441,Data Barang Diverifikasi,2026-03-17 09:15:00,BRG-441,Kursi Ergonomis,Peralatan Kantor,2352000,2810000,78,CV Sentosa Perkasa,Gudang Cabang (Medan)
CASE-0441,Barang Ditempatkan,2026-03-17 09:30:00,BRG-441,Kursi Ergonomis,Peralatan Kantor,2352000,2810000,78,CV Sentosa Perkasa,Gudang Cabang (Medan)
CASE-0441,Stok Dicatat,2026-03-17 09:45:00,BRG-441,Kursi Ergonomis,Peralatan Kantor,2352000,2810000,78,CV Sentosa Perkasa,Gudang Cabang (Medan)
CASE-0442,Data Barang Dibuat,2026-03-18 09:00:00,BRG-442,NAS Storage 2-Bay,Peralatan Jaringan,4805000,6016000,151,PT Techindo Jaya,Gudang Cabang (Surabaya)
CASE-0442,Data Barang Diverifikasi,2026-03-18 09:15:00,BRG-442,NAS Storage 2-Bay,Peralatan Jaringan,4805000,6016000,151,PT Techindo Jaya,Gudang Cabang (Surabaya)
CASE-0442,Barang Ditempatkan,2026-03-18 09:30:00,BRG-442,NAS Storage 2-Bay,Peralatan Jaringan,4805000,6016000,151,PT Techindo Jaya,Gudang Cabang (Surabaya)
CASE-0442,Stok Dicatat,2026-03-18 09:45:00,BRG-442,NAS Storage 2-Bay,Peralatan Jaringan,4805000,6016000,151,PT Techindo Jaya,Gudang Cabang (Surabaya)
CASE-0443,Data Barang Dibuat,2026-03-19 09:00:00,BRG-443,Access Point Enterprise,Peralatan Jaringan,2336000,3070000,15,PT Indo Sarana,Gudang Cabang (Medan)
CASE-0443,Data Barang Diverifikasi,2026-03-19 09:15:00,BRG-443,Access Point Enterprise,Peralatan Jaringan,2336000,3070000,15,PT Indo Sarana,Gudang Cabang (Medan)
CASE-0443,Barang Ditempatkan,2026-03-19 09:30:00,BRG-443,Access Point Enterprise,Peralatan Jaringan,2336000,3070000,15,PT Indo Sarana,Gudang Cabang (Medan)
CASE-0443,Stok Dicatat,2026-03-19 09:45:00,BRG-443,Access Point Enterprise,Peralatan Jaringan,2336000,3070000,15,PT Indo Sarana,Gudang Cabang (Medan)
CASE-0444,Data Barang Dibuat,2026-03-20 09:00:00,BRG-444,Switch Gigabit 16-Port,Peralatan Jaringan,1145000,1340000,217,PT Indo Sarana,Gudang Cabang (Bandung)
CASE-0444,Data Barang Diverifikasi,2026-03-20 09:15:00,BRG-444,Switch Gigabit 16-Port,Peralatan Jaringan,1145000,1340000,217,PT Indo Sarana,Gudang Cabang (Bandung)
CASE-0444,Barang Ditempatkan,2026-03-20 09:30:00,BRG-444,Switch Gigabit 16-Port,Peralatan Jaringan,1145000,1340000,217,PT Indo Sarana,Gudang Cabang (Bandung)
CASE-0444,Stok Dicatat,2026-03-20 09:45:00,BRG-444,Switch Gigabit 16-Port,Peralatan Jaringan,1145000,1340000,217,PT Indo Sarana,Gudang Cabang (Bandung)
CASE-0445,Data Barang Dibuat,2026-03-21 09:00:00,BRG-445,Kursi Ergonomis,Peralatan Kantor,3086000,3711000,225,PT Techindo Jaya,Gudang Cabang (Medan)
CASE-0445,Data Barang Diverifikasi,2026-03-21 09:15:00,BRG-445,Kursi Ergonomis,Peralatan Kantor,3086000,3711000,225,PT Techindo Jaya,Gudang Cabang (Medan)
CASE-0445,Barang Ditempatkan,2026-03-21 09:30:00,BRG-445,Kursi Ergonomis,Peralatan Kantor,3086000,3711000,225,PT Techindo Jaya,Gudang Cabang (Medan)
CASE-0445,Stok Dicatat,2026-03-21 09:45:00,BRG-445,Kursi Ergonomis,Peralatan Kantor,3086000,3711000,225,PT Techindo Jaya,Gudang Cabang (Medan)
CASE-0446,Data Barang Dibuat,2026-03-22 09:00:00,BRG-446,Smartphone Flagship,Elektronik,11521000,15117000,155,PT Indo Sarana,Gudang Cabang (Surabaya)
CASE-0446,Data Barang Diverifikasi,2026-03-22 09:15:00,BRG-446,Smartphone Flagship,Elektronik,11521000,15117000,155,PT Indo Sarana,Gudang Cabang (Surabaya)
CASE-0446,Barang Ditempatkan,2026-03-22 09:30:00,BRG-446,Smartphone Flagship,Elektronik,11521000,15117000,155,PT Indo Sarana,Gudang Cabang (Surabaya)
CASE-0446,Stok Dicatat,2026-03-22 09:45:00,BRG-446,Smartphone Flagship,Elektronik,11521000,15117000,155,PT Indo Sarana,Gudang Cabang (Surabaya)
CASE-0447,Data Barang Dibuat,2026-03-23 09:00:00,BRG-447,NAS Storage 2-Bay,Peralatan Jaringan,3196000,4069000,205,CV Sentosa Perkasa,Gudang Cabang (Bandung)
CASE-0447,Data Barang Diverifikasi,2026-03-23 09:15:00,BRG-447,NAS Storage 2-Bay,Peralatan Jaringan,3196000,4069000,205,CV Sentosa Perkasa,Gudang Cabang (Bandung)
CASE-0447,Barang Ditempatkan,2026-03-23 09:30:00,BRG-447,NAS Storage 2-Bay,Peralatan Jaringan,3196000,4069000,205,CV Sentosa Perkasa,Gudang Cabang (Bandung)
CASE-0447,Stok Dicatat,2026-03-23 09:45:00,BRG-447,NAS Storage 2-Bay,Peralatan Jaringan,3196000,4069000,205,CV Sentosa Perkasa,Gudang Cabang (Bandung)
CASE-0448,Data Barang Dibuat,2026-03-24 09:00:00,BRG-448,Tablet Grafis,Elektronik,3971000,4989000,157,CV Bina Logistik,Gudang Cabang (Bandung)
CASE-0448,Data Barang Diverifikasi,2026-03-24 09:15:00,BRG-448,Tablet Grafis,Elektronik,3971000,4989000,157,CV Bina Logistik,Gudang Cabang (Bandung)
CASE-0448,Barang Ditempatkan,2026-03-24 09:30:00,BRG-448,Tablet Grafis,Elektronik,3971000,4989000,157,CV Bina Logistik,Gudang Cabang (Bandung)
CASE-0448,Stok Dicatat,2026-03-24 09:45:00,BRG-448,Tablet Grafis,Elektronik,3971000,4989000,157,CV Bina Logistik,Gudang Cabang (Bandung)
CASE-0449,Data Barang Dibuat,2026-03-25 09:00:00,BRG-449,Printer Laser Multifungsi,Peralatan Kantor,3013000,3810000,248,CV Bina Logistik,Gudang Utama (Jakarta)
CASE-0449,Data Barang Diverifikasi,2026-03-25 09:15:00,BRG-449,Printer Laser Multifungsi,Peralatan Kantor,3013000,3810000,248,CV Bina Logistik,Gudang Utama (Jakarta)
CASE-0449,Barang Ditempatkan,2026-03-25 09:30:00,BRG-449,Printer Laser Multifungsi,Peralatan Kantor,3013000,3810000,248,CV Bina Logistik,Gudang Utama (Jakarta)
CASE-0449,Stok Dicatat,2026-03-25 09:45:00,BRG-449,Printer Laser Multifungsi,Peralatan Kantor,3013000,3810000,248,CV Bina Logistik,Gudang Utama (Jakarta)
CASE-0450,Data Barang Dibuat,2026-03-26 09:00:00,BRG-450,Webcam HD 1080p,Aksesoris Komputer,281000,378000,226,PT Indo Sarana,Gudang Cabang (Bandung)
CASE-0450,Data Barang Diverifikasi,2026-03-26 09:15:00,BRG-450,Webcam HD 1080p,Aksesoris Komputer,281000,378000,226,PT Indo Sarana,Gudang Cabang (Bandung)
CASE-0450,Barang Ditempatkan,2026-03-26 09:30:00,BRG-450,Webcam HD 1080p,Aksesoris Komputer,281000,378000,226,PT Indo Sarana,Gudang Cabang (Bandung)
CASE-0450,Stok Dicatat,2026-03-26 09:45:00,BRG-450,Webcam HD 1080p,Aksesoris Komputer,281000,378000,226,PT Indo Sarana,Gudang Cabang (Bandung)
CASE-0451,Data Barang Dibuat,2026-03-27 09:00:00,BRG-451,Keyboard Mekanikal,Aksesoris Komputer,553000,714000,217,CV Sentosa Perkasa,Gudang Cabang (Medan)
CASE-0451,Data Barang Diverifikasi,2026-03-27 09:15:00,BRG-451,Keyboard Mekanikal,Aksesoris Komputer,553000,714000,217,CV Sentosa Perkasa,Gudang Cabang (Medan)
CASE-0451,Barang Ditempatkan,2026-03-27 09:30:00,BRG-451,Keyboard Mekanikal,Aksesoris Komputer,553000,714000,217,CV Sentosa Perkasa,Gudang Cabang (Medan)
CASE-0451,Stok Dicatat,2026-03-27 09:45:00,BRG-451,Keyboard Mekanikal,Aksesoris Komputer,553000,714000,217,CV Sentosa Perkasa,Gudang Cabang (Medan)
CASE-0452,Data Barang Dibuat,2026-03-28 09:00:00,BRG-452,Mesin Kopi Espresso,Peralatan Rumah Tangga,3921000,5005000,165,PT Mandiri Utama,Gudang Cabang (Medan)
CASE-0452,Data Barang Diverifikasi,2026-03-28 09:15:00,BRG-452,Mesin Kopi Espresso,Peralatan Rumah Tangga,3921000,5005000,165,PT Mandiri Utama,Gudang Cabang (Medan)
CASE-0452,Barang Ditempatkan,2026-03-28 09:30:00,BRG-452,Mesin Kopi Espresso,Peralatan Rumah Tangga,3921000,5005000,165,PT Mandiri Utama,Gudang Cabang (Medan)
CASE-0452,Stok Dicatat,2026-03-28 09:45:00,BRG-452,Mesin Kopi Espresso,Peralatan Rumah Tangga,3921000,5005000,165,PT Mandiri Utama,Gudang Cabang (Medan)
CASE-0453,Data Barang Dibuat,2026-03-29 09:00:00,BRG-453,Air Purifier HEPA,Peralatan Rumah Tangga,2528000,3308000,201,PT Techindo Jaya,Gudang Cabang (Medan)
CASE-0453,Data Barang Diverifikasi,2026-03-29 09:15:00,BRG-453,Air Purifier HEPA,Peralatan Rumah Tangga,2528000,3308000,201,PT Techindo Jaya,Gudang Cabang (Medan)
CASE-0453,Barang Ditempatkan,2026-03-29 09:30:00,BRG-453,Air Purifier HEPA,Peralatan Rumah Tangga,2528000,3308000,201,PT Techindo Jaya,Gudang Cabang (Medan)
CASE-0453,Stok Dicatat,2026-03-29 09:45:00,BRG-453,Air Purifier HEPA,Peralatan Rumah Tangga,2528000,3308000,201,PT Techindo Jaya,Gudang Cabang (Medan)
CASE-0454,Data Barang Dibuat,2026-03-30 09:00:00,BRG-454,Access Point Enterprise,Peralatan Jaringan,2656000,3551000,99,PT Mandiri Utama,Gudang Cabang (Medan)
CASE-0454,Data Barang Diverifikasi,2026-03-30 09:15:00,BRG-454,Access Point Enterprise,Peralatan Jaringan,2656000,3551000,99,PT Mandiri Utama,Gudang Cabang (Medan)
CASE-0454,Barang Ditempatkan,2026-03-30 09:30:00,BRG-454,Access Point Enterprise,Peralatan Jaringan,2656000,3551000,99,PT Mandiri Utama,Gudang Cabang (Medan)
CASE-0454,Stok Dicatat,2026-03-30 09:45:00,BRG-454,Access Point Enterprise,Peralatan Jaringan,2656000,3551000,99,PT Mandiri Utama,Gudang Cabang (Medan)
CASE-0455,Data Barang Dibuat,2026-03-31 09:00:00,BRG-455,Proyektor Portable,Peralatan Kantor,2210000,2925000,221,PT Indo Sarana,Gudang Utama (Jakarta)
CASE-0455,Data Barang Diverifikasi,2026-03-31 09:15:00,BRG-455,Proyektor Portable,Peralatan Kantor,2210000,2925000,221,PT Indo Sarana,Gudang Utama (Jakarta)
CASE-0455,Barang Ditempatkan,2026-03-31 09:30:00,BRG-455,Proyektor Portable,Peralatan Kantor,2210000,2925000,221,PT Indo Sarana,Gudang Utama (Jakarta)
CASE-0455,Stok Dicatat,2026-03-31 09:45:00,BRG-455,Proyektor Portable,Peralatan Kantor,2210000,2925000,221,PT Indo Sarana,Gudang Utama (Jakarta)
CASE-0456,Data Barang Dibuat,2026-04-01 09:00:00,BRG-456,Robot Vacuum Cleaner,Peralatan Rumah Tangga,5565000,6470000,141,PT Mandiri Utama,Gudang Cabang (Bandung)
CASE-0456,Data Barang Diverifikasi,2026-04-01 09:15:00,BRG-456,Robot Vacuum Cleaner,Peralatan Rumah Tangga,5565000,6470000,141,PT Mandiri Utama,Gudang Cabang (Bandung)
CASE-0456,Barang Ditempatkan,2026-04-01 09:30:00,BRG-456,Robot Vacuum Cleaner,Peralatan Rumah Tangga,5565000,6470000,141,PT Mandiri Utama,Gudang Cabang (Bandung)
CASE-0456,Stok Dicatat,2026-04-01 09:45:00,BRG-456,Robot Vacuum Cleaner,Peralatan Rumah Tangga,5565000,6470000,141,PT Mandiri Utama,Gudang Cabang (Bandung)
CASE-0457,Data Barang Dibuat,2026-04-02 09:00:00,BRG-457,Mesin Kopi Espresso,Peralatan Rumah Tangga,3574000,4302000,217,PT Mega Elektronik,Gudang Cabang (Surabaya)
CASE-0457,Data Barang Diverifikasi,2026-04-02 09:15:00,BRG-457,Mesin Kopi Espresso,Peralatan Rumah Tangga,3574000,4302000,217,PT Mega Elektronik,Gudang Cabang (Surabaya)
CASE-0457,Barang Ditempatkan,2026-04-02 09:30:00,BRG-457,Mesin Kopi Espresso,Peralatan Rumah Tangga,3574000,4302000,217,PT Mega Elektronik,Gudang Cabang (Surabaya)
CASE-0457,Stok Dicatat,2026-04-02 09:45:00,BRG-457,Mesin Kopi Espresso,Peralatan Rumah Tangga,3574000,4302000,217,PT Mega Elektronik,Gudang Cabang (Surabaya)
CASE-0458,Data Barang Dibuat,2026-04-03 09:00:00,BRG-458,Switch Gigabit 16-Port,Peralatan Jaringan,1293000,1707000,206,PT Mega Elektronik,Gudang Utama (Jakarta)
CASE-0458,Data Barang Diverifikasi,2026-04-03 09:15:00,BRG-458,Switch Gigabit 16-Port,Peralatan Jaringan,1293000,1707000,206,PT Mega Elektronik,Gudang Utama (Jakarta)
CASE-0458,Barang Ditempatkan,2026-04-03 09:30:00,BRG-458,Switch Gigabit 16-Port,Peralatan Jaringan,1293000,1707000,206,PT Mega Elektronik,Gudang Utama (Jakarta)
CASE-0458,Stok Dicatat,2026-04-03 09:45:00,BRG-458,Switch Gigabit 16-Port,Peralatan Jaringan,1293000,1707000,206,PT Mega Elektronik,Gudang Utama (Jakarta)
CASE-0459,Data Barang Dibuat,2026-04-04 09:00:00,BRG-459,Laptop Gaming Pro,Elektronik,22505000,29409000,122,PT Techindo Jaya,Gudang Utama (Jakarta)
CASE-0459,Data Barang Diverifikasi,2026-04-04 09:15:00,BRG-459,Laptop Gaming Pro,Elektronik,22505000,29409000,122,PT Techindo Jaya,Gudang Utama (Jakarta)
CASE-0459,Barang Ditempatkan,2026-04-04 09:30:00,BRG-459,Laptop Gaming Pro,Elektronik,22505000,29409000,122,PT Techindo Jaya,Gudang Utama (Jakarta)
CASE-0459,Stok Dicatat,2026-04-04 09:45:00,BRG-459,Laptop Gaming Pro,Elektronik,22505000,29409000,122,PT Techindo Jaya,Gudang Utama (Jakarta)
CASE-0460,Data Barang Dibuat,2026-04-05 09:00:00,BRG-460,Webcam HD 1080p,Aksesoris Komputer,489000,562000,250,PT Mandiri Utama,Gudang Cabang (Bandung)
CASE-0460,Data Barang Diverifikasi,2026-04-05 09:15:00,BRG-460,Webcam HD 1080p,Aksesoris Komputer,489000,562000,250,PT Mandiri Utama,Gudang Cabang (Bandung)
CASE-0460,Barang Ditempatkan,2026-04-05 09:30:00,BRG-460,Webcam HD 1080p,Aksesoris Komputer,489000,562000,250,PT Mandiri Utama,Gudang Cabang (Bandung)
CASE-0460,Stok Dicatat,2026-04-05 09:45:00,BRG-460,Webcam HD 1080p,Aksesoris Komputer,489000,562000,250,PT Mandiri Utama,Gudang Cabang (Bandung)
CASE-0461,Data Barang Dibuat,2026-04-06 09:00:00,BRG-461,Headset Gaming 7.1,Aksesoris Komputer,466000,617000,229,PT Mega Elektronik,Gudang Utama (Jakarta)
CASE-0461,Data Barang Diverifikasi,2026-04-06 09:15:00,BRG-461,Headset Gaming 7.1,Aksesoris Komputer,466000,617000,229,PT Mega Elektronik,Gudang Utama (Jakarta)
CASE-0461,Barang Ditempatkan,2026-04-06 09:30:00,BRG-461,Headset Gaming 7.1,Aksesoris Komputer,466000,617000,229,PT Mega Elektronik,Gudang Utama (Jakarta)
CASE-0461,Stok Dicatat,2026-04-06 09:45:00,BRG-461,Headset Gaming 7.1,Aksesoris Komputer,466000,617000,229,PT Mega Elektronik,Gudang Utama (Jakarta)
CASE-0462,Data Barang Dibuat,2026-04-07 09:00:00,BRG-462,Printer Laser Multifungsi,Peralatan Kantor,2145000,2626000,236,PT Indo Sarana,Gudang Cabang (Bandung)
CASE-0462,Data Barang Diverifikasi,2026-04-07 09:15:00,BRG-462,Printer Laser Multifungsi,Peralatan Kantor,2145000,2626000,236,PT Indo Sarana,Gudang Cabang (Bandung)
CASE-0462,Barang Ditempatkan,2026-04-07 09:30:00,BRG-462,Printer Laser Multifungsi,Peralatan Kantor,2145000,2626000,236,PT Indo Sarana,Gudang Cabang (Bandung)
CASE-0462,Stok Dicatat,2026-04-07 09:45:00,BRG-462,Printer Laser Multifungsi,Peralatan Kantor,2145000,2626000,236,PT Indo Sarana,Gudang Cabang (Bandung)
CASE-0463,Data Barang Dibuat,2026-04-08 09:00:00,BRG-463,Smart TV 55 Inch,Elektronik,10247000,12410000,184,CV Sentosa Perkasa,Gudang Cabang (Medan)
CASE-0463,Data Barang Diverifikasi,2026-04-08 09:15:00,BRG-463,Smart TV 55 Inch,Elektronik,10247000,12410000,184,CV Sentosa Perkasa,Gudang Cabang (Medan)
CASE-0463,Barang Ditempatkan,2026-04-08 09:30:00,BRG-463,Smart TV 55 Inch,Elektronik,10247000,12410000,184,CV Sentosa Perkasa,Gudang Cabang (Medan)
CASE-0463,Stok Dicatat,2026-04-08 09:45:00,BRG-463,Smart TV 55 Inch,Elektronik,10247000,12410000,184,CV Sentosa Perkasa,Gudang Cabang (Medan)
CASE-0464,Data Barang Dibuat,2026-04-09 09:00:00,BRG-464,Laptop Gaming Pro,Elektronik,12018000,14333000,24,CV Sentosa Perkasa,Gudang Cabang (Bandung)
CASE-0464,Data Barang Diverifikasi,2026-04-09 09:15:00,BRG-464,Laptop Gaming Pro,Elektronik,12018000,14333000,24,CV Sentosa Perkasa,Gudang Cabang (Bandung)
CASE-0464,Barang Ditempatkan,2026-04-09 09:30:00,BRG-464,Laptop Gaming Pro,Elektronik,12018000,14333000,24,CV Sentosa Perkasa,Gudang Cabang (Bandung)
CASE-0464,Stok Dicatat,2026-04-09 09:45:00,BRG-464,Laptop Gaming Pro,Elektronik,12018000,14333000,24,CV Sentosa Perkasa,Gudang Cabang (Bandung)
CASE-0465,Data Barang Dibuat,2026-04-10 09:00:00,BRG-465,NAS Storage 2-Bay,Peralatan Jaringan,2538000,2922000,92,PT Techindo Jaya,Gudang Cabang (Medan)
CASE-0465,Data Barang Diverifikasi,2026-04-10 09:15:00,BRG-465,NAS Storage 2-Bay,Peralatan Jaringan,2538000,2922000,92,PT Techindo Jaya,Gudang Cabang (Medan)
CASE-0465,Barang Ditempatkan,2026-04-10 09:30:00,BRG-465,NAS Storage 2-Bay,Peralatan Jaringan,2538000,2922000,92,PT Techindo Jaya,Gudang Cabang (Medan)
CASE-0465,Stok Dicatat,2026-04-10 09:45:00,BRG-465,NAS Storage 2-Bay,Peralatan Jaringan,2538000,2922000,92,PT Techindo Jaya,Gudang Cabang (Medan)
CASE-0466,Data Barang Dibuat,2026-04-11 09:00:00,BRG-466,Webcam HD 1080p,Aksesoris Komputer,287000,343000,27,PT Indo Sarana,Gudang Utama (Jakarta)
CASE-0466,Data Barang Diverifikasi,2026-04-11 09:15:00,BRG-466,Webcam HD 1080p,Aksesoris Komputer,287000,343000,27,PT Indo Sarana,Gudang Utama (Jakarta)
CASE-0466,Barang Ditempatkan,2026-04-11 09:30:00,BRG-466,Webcam HD 1080p,Aksesoris Komputer,287000,343000,27,PT Indo Sarana,Gudang Utama (Jakarta)
CASE-0466,Stok Dicatat,2026-04-11 09:45:00,BRG-466,Webcam HD 1080p,Aksesoris Komputer,287000,343000,27,PT Indo Sarana,Gudang Utama (Jakarta)
CASE-0467,Data Barang Dibuat,2026-04-12 09:00:00,BRG-467,Monitor 4K 27 Inch,Elektronik,5041000,6685000,40,PT Mandiri Utama,Gudang Cabang (Bandung)
CASE-0467,Data Barang Diverifikasi,2026-04-12 09:15:00,BRG-467,Monitor 4K 27 Inch,Elektronik,5041000,6685000,40,PT Mandiri Utama,Gudang Cabang (Bandung)
CASE-0467,Barang Ditempatkan,2026-04-12 09:30:00,BRG-467,Monitor 4K 27 Inch,Elektronik,5041000,6685000,40,PT Mandiri Utama,Gudang Cabang (Bandung)
CASE-0467,Stok Dicatat,2026-04-12 09:45:00,BRG-467,Monitor 4K 27 Inch,Elektronik,5041000,6685000,40,PT Mandiri Utama,Gudang Cabang (Bandung)
CASE-0468,Data Barang Dibuat,2026-04-13 09:00:00,BRG-468,Mouse Wireless RGB,Aksesoris Komputer,428000,540000,161,PT Indo Sarana,Gudang Cabang (Bandung)
CASE-0468,Data Barang Diverifikasi,2026-04-13 09:15:00,BRG-468,Mouse Wireless RGB,Aksesoris Komputer,428000,540000,161,PT Indo Sarana,Gudang Cabang (Bandung)
CASE-0468,Barang Ditempatkan,2026-04-13 09:30:00,BRG-468,Mouse Wireless RGB,Aksesoris Komputer,428000,540000,161,PT Indo Sarana,Gudang Cabang (Bandung)
CASE-0468,Stok Dicatat,2026-04-13 09:45:00,BRG-468,Mouse Wireless RGB,Aksesoris Komputer,428000,540000,161,PT Indo Sarana,Gudang Cabang (Bandung)
CASE-0469,Data Barang Dibuat,2026-04-14 09:00:00,BRG-469,Robot Vacuum Cleaner,Peralatan Rumah Tangga,5030000,5998000,196,CV Sentosa Perkasa,Gudang Cabang (Medan)
CASE-0469,Data Barang Diverifikasi,2026-04-14 09:15:00,BRG-469,Robot Vacuum Cleaner,Peralatan Rumah Tangga,5030000,5998000,196,CV Sentosa Perkasa,Gudang Cabang (Medan)
CASE-0469,Barang Ditempatkan,2026-04-14 09:30:00,BRG-469,Robot Vacuum Cleaner,Peralatan Rumah Tangga,5030000,5998000,196,CV Sentosa Perkasa,Gudang Cabang (Medan)
CASE-0469,Stok Dicatat,2026-04-14 09:45:00,BRG-469,Robot Vacuum Cleaner,Peralatan Rumah Tangga,5030000,5998000,196,CV Sentosa Perkasa,Gudang Cabang (Medan)
CASE-0470,Data Barang Dibuat,2026-04-15 09:00:00,BRG-470,NAS Storage 2-Bay,Peralatan Jaringan,3411000,3981000,30,CV Sentosa Perkasa,Gudang Utama (Jakarta)
CASE-0470,Data Barang Diverifikasi,2026-04-15 09:15:00,BRG-470,NAS Storage 2-Bay,Peralatan Jaringan,3411000,3981000,30,CV Sentosa Perkasa,Gudang Utama (Jakarta)
CASE-0470,Barang Ditempatkan,2026-04-15 09:30:00,BRG-470,NAS Storage 2-Bay,Peralatan Jaringan,3411000,3981000,30,CV Sentosa Perkasa,Gudang Utama (Jakarta)
CASE-0470,Stok Dicatat,2026-04-15 09:45:00,BRG-470,NAS Storage 2-Bay,Peralatan Jaringan,3411000,3981000,30,CV Sentosa Perkasa,Gudang Utama (Jakarta)
CASE-0471,Data Barang Dibuat,2026-04-16 09:00:00,BRG-471,NAS Storage 2-Bay,Peralatan Jaringan,3974000,5335000,85,CV Sentosa Perkasa,Gudang Cabang (Bandung)
CASE-0471,Data Barang Diverifikasi,2026-04-16 09:15:00,BRG-471,NAS Storage 2-Bay,Peralatan Jaringan,3974000,5335000,85,CV Sentosa Perkasa,Gudang Cabang (Bandung)
CASE-0471,Barang Ditempatkan,2026-04-16 09:30:00,BRG-471,NAS Storage 2-Bay,Peralatan Jaringan,3974000,5335000,85,CV Sentosa Perkasa,Gudang Cabang (Bandung)
CASE-0471,Stok Dicatat,2026-04-16 09:45:00,BRG-471,NAS Storage 2-Bay,Peralatan Jaringan,3974000,5335000,85,CV Sentosa Perkasa,Gudang Cabang (Bandung)
CASE-0472,Data Barang Dibuat,2026-04-17 09:00:00,BRG-472,Kursi Ergonomis,Peralatan Kantor,2240000,2823000,158,PT Indo Sarana,Gudang Cabang (Surabaya)
CASE-0472,Data Barang Diverifikasi,2026-04-17 09:15:00,BRG-472,Kursi Ergonomis,Peralatan Kantor,2240000,2823000,158,PT Indo Sarana,Gudang Cabang (Surabaya)
CASE-0472,Barang Ditempatkan,2026-04-17 09:30:00,BRG-472,Kursi Ergonomis,Peralatan Kantor,2240000,2823000,158,PT Indo Sarana,Gudang Cabang (Surabaya)
CASE-0472,Stok Dicatat,2026-04-17 09:45:00,BRG-472,Kursi Ergonomis,Peralatan Kantor,2240000,2823000,158,PT Indo Sarana,Gudang Cabang (Surabaya)
CASE-0473,Data Barang Dibuat,2026-04-18 09:00:00,BRG-473,Monitor 4K 27 Inch,Elektronik,4361000,5466000,135,CV Sentosa Perkasa,Gudang Cabang (Medan)
CASE-0473,Data Barang Diverifikasi,2026-04-18 09:15:00,BRG-473,Monitor 4K 27 Inch,Elektronik,4361000,5466000,135,CV Sentosa Perkasa,Gudang Cabang (Medan)
CASE-0473,Barang Ditempatkan,2026-04-18 09:30:00,BRG-473,Monitor 4K 27 Inch,Elektronik,4361000,5466000,135,CV Sentosa Perkasa,Gudang Cabang (Medan)
CASE-0473,Stok Dicatat,2026-04-18 09:45:00,BRG-473,Monitor 4K 27 Inch,Elektronik,4361000,5466000,135,CV Sentosa Perkasa,Gudang Cabang (Medan)
CASE-0474,Data Barang Dibuat,2026-04-19 09:00:00,BRG-474,Kursi Ergonomis,Peralatan Kantor,2203000,2751000,33,CV Sentosa Perkasa,Gudang Cabang (Medan)
CASE-0474,Data Barang Diverifikasi,2026-04-19 09:15:00,BRG-474,Kursi Ergonomis,Peralatan Kantor,2203000,2751000,33,CV Sentosa Perkasa,Gudang Cabang (Medan)
CASE-0474,Barang Ditempatkan,2026-04-19 09:30:00,BRG-474,Kursi Ergonomis,Peralatan Kantor,2203000,2751000,33,CV Sentosa Perkasa,Gudang Cabang (Medan)
CASE-0474,Stok Dicatat,2026-04-19 09:45:00,BRG-474,Kursi Ergonomis,Peralatan Kantor,2203000,2751000,33,CV Sentosa Perkasa,Gudang Cabang (Medan)
CASE-0475,Data Barang Dibuat,2026-04-20 09:00:00,BRG-475,Router Wi-Fi 6,Peralatan Jaringan,1707000,2266000,8,PT Mega Elektronik,Gudang Cabang (Surabaya)
CASE-0475,Data Barang Diverifikasi,2026-04-20 09:15:00,BRG-475,Router Wi-Fi 6,Peralatan Jaringan,1707000,2266000,8,PT Mega Elektronik,Gudang Cabang (Surabaya)
CASE-0475,Barang Ditempatkan,2026-04-20 09:30:00,BRG-475,Router Wi-Fi 6,Peralatan Jaringan,1707000,2266000,8,PT Mega Elektronik,Gudang Cabang (Surabaya)
CASE-0475,Stok Dicatat,2026-04-20 09:45:00,BRG-475,Router Wi-Fi 6,Peralatan Jaringan,1707000,2266000,8,PT Mega Elektronik,Gudang Cabang (Surabaya)
CASE-0476,Data Barang Dibuat,2026-04-21 09:00:00,BRG-476,Webcam HD 1080p,Aksesoris Komputer,547000,675000,144,PT Indo Sarana,Gudang Cabang (Bandung)
CASE-0476,Data Barang Diverifikasi,2026-04-21 09:15:00,BRG-476,Webcam HD 1080p,Aksesoris Komputer,547000,675000,144,PT Indo Sarana,Gudang Cabang (Bandung)
CASE-0476,Barang Ditempatkan,2026-04-21 09:30:00,BRG-476,Webcam HD 1080p,Aksesoris Komputer,547000,675000,144,PT Indo Sarana,Gudang Cabang (Bandung)
CASE-0476,Stok Dicatat,2026-04-21 09:45:00,BRG-476,Webcam HD 1080p,Aksesoris Komputer,547000,675000,144,PT Indo Sarana,Gudang Cabang (Bandung)
CASE-0477,Data Barang Dibuat,2026-04-22 09:00:00,BRG-477,Air Purifier HEPA,Peralatan Rumah Tangga,1235000,1565000,8,PT Mega Elektronik,Gudang Cabang (Bandung)
CASE-0477,Data Barang Diverifikasi,2026-04-22 09:15:00,BRG-477,Air Purifier HEPA,Peralatan Rumah Tangga,1235000,1565000,8,PT Mega Elektronik,Gudang Cabang (Bandung)
CASE-0477,Barang Ditempatkan,2026-04-22 09:30:00,BRG-477,Air Purifier HEPA,Peralatan Rumah Tangga,1235000,1565000,8,PT Mega Elektronik,Gudang Cabang (Bandung)
CASE-0477,Stok Dicatat,2026-04-22 09:45:00,BRG-477,Air Purifier HEPA,Peralatan Rumah Tangga,1235000,1565000,8,PT Mega Elektronik,Gudang Cabang (Bandung)
CASE-0478,Data Barang Dibuat,2026-04-23 09:00:00,BRG-478,Laptop Gaming Pro,Elektronik,18676000,23369000,165,PT Indo Sarana,Gudang Cabang (Medan)
CASE-0478,Data Barang Diverifikasi,2026-04-23 09:15:00,BRG-478,Laptop Gaming Pro,Elektronik,18676000,23369000,165,PT Indo Sarana,Gudang Cabang (Medan)
CASE-0478,Barang Ditempatkan,2026-04-23 09:30:00,BRG-478,Laptop Gaming Pro,Elektronik,18676000,23369000,165,PT Indo Sarana,Gudang Cabang (Medan)
CASE-0478,Stok Dicatat,2026-04-23 09:45:00,BRG-478,Laptop Gaming Pro,Elektronik,18676000,23369000,165,PT Indo Sarana,Gudang Cabang (Medan)
CASE-0479,Data Barang Dibuat,2026-04-24 09:00:00,BRG-479,Microwave Digital,Peralatan Rumah Tangga,1072000,1370000,142,CV Bina Logistik,Gudang Cabang (Bandung)
CASE-0479,Data Barang Diverifikasi,2026-04-24 09:15:00,BRG-479,Microwave Digital,Peralatan Rumah Tangga,1072000,1370000,142,CV Bina Logistik,Gudang Cabang (Bandung)
CASE-0479,Barang Ditempatkan,2026-04-24 09:30:00,BRG-479,Microwave Digital,Peralatan Rumah Tangga,1072000,1370000,142,CV Bina Logistik,Gudang Cabang (Bandung)
CASE-0479,Stok Dicatat,2026-04-24 09:45:00,BRG-479,Microwave Digital,Peralatan Rumah Tangga,1072000,1370000,142,CV Bina Logistik,Gudang Cabang (Bandung)
CASE-0480,Data Barang Dibuat,2026-04-25 09:00:00,BRG-480,Kursi Ergonomis,Peralatan Kantor,2499000,2913000,240,CV Sentosa Perkasa,Gudang Cabang (Bandung)
CASE-0480,Data Barang Diverifikasi,2026-04-25 09:15:00,BRG-480,Kursi Ergonomis,Peralatan Kantor,2499000,2913000,240,CV Sentosa Perkasa,Gudang Cabang (Bandung)
CASE-0480,Barang Ditempatkan,2026-04-25 09:30:00,BRG-480,Kursi Ergonomis,Peralatan Kantor,2499000,2913000,240,CV Sentosa Perkasa,Gudang Cabang (Bandung)
CASE-0480,Stok Dicatat,2026-04-25 09:45:00,BRG-480,Kursi Ergonomis,Peralatan Kantor,2499000,2913000,240,CV Sentosa Perkasa,Gudang Cabang (Bandung)
CASE-0481,Data Barang Dibuat,2026-04-26 09:00:00,BRG-481,Access Point Enterprise,Peralatan Jaringan,2019000,2558000,200,PT Indo Sarana,Gudang Utama (Jakarta)
CASE-0481,Data Barang Diverifikasi,2026-04-26 09:15:00,BRG-481,Access Point Enterprise,Peralatan Jaringan,2019000,2558000,200,PT Indo Sarana,Gudang Utama (Jakarta)
CASE-0481,Barang Ditempatkan,2026-04-26 09:30:00,BRG-481,Access Point Enterprise,Peralatan Jaringan,2019000,2558000,200,PT Indo Sarana,Gudang Utama (Jakarta)
CASE-0481,Stok Dicatat,2026-04-26 09:45:00,BRG-481,Access Point Enterprise,Peralatan Jaringan,2019000,2558000,200,PT Indo Sarana,Gudang Utama (Jakarta)
CASE-0482,Data Barang Dibuat,2026-04-27 09:00:00,BRG-482,Paper Shredder Heavy-Duty,Peralatan Kantor,1300000,1510000,27,PT Mandiri Utama,Gudang Utama (Jakarta)
CASE-0482,Data Barang Diverifikasi,2026-04-27 09:15:00,BRG-482,Paper Shredder Heavy-Duty,Peralatan Kantor,1300000,1510000,27,PT Mandiri Utama,Gudang Utama (Jakarta)
CASE-0482,Barang Ditempatkan,2026-04-27 09:30:00,BRG-482,Paper Shredder Heavy-Duty,Peralatan Kantor,1300000,1510000,27,PT Mandiri Utama,Gudang Utama (Jakarta)
CASE-0482,Stok Dicatat,2026-04-27 09:45:00,BRG-482,Paper Shredder Heavy-Duty,Peralatan Kantor,1300000,1510000,27,PT Mandiri Utama,Gudang Utama (Jakarta)
CASE-0483,Data Barang Dibuat,2026-04-28 09:00:00,BRG-483,Blender High Power,Peralatan Rumah Tangga,1038000,1205000,175,PT Indo Sarana,Gudang Cabang (Bandung)
CASE-0483,Data Barang Diverifikasi,2026-04-28 09:15:00,BRG-483,Blender High Power,Peralatan Rumah Tangga,1038000,1205000,175,PT Indo Sarana,Gudang Cabang (Bandung)
CASE-0483,Barang Ditempatkan,2026-04-28 09:30:00,BRG-483,Blender High Power,Peralatan Rumah Tangga,1038000,1205000,175,PT Indo Sarana,Gudang Cabang (Bandung)
CASE-0483,Stok Dicatat,2026-04-28 09:45:00,BRG-483,Blender High Power,Peralatan Rumah Tangga,1038000,1205000,175,PT Indo Sarana,Gudang Cabang (Bandung)
CASE-0484,Data Barang Dibuat,2026-04-29 09:00:00,BRG-484,Laptop Gaming Pro,Elektronik,23876000,28112000,7,CV Sentosa Perkasa,Gudang Cabang (Medan)
CASE-0484,Data Barang Diverifikasi,2026-04-29 09:15:00,BRG-484,Laptop Gaming Pro,Elektronik,23876000,28112000,7,CV Sentosa Perkasa,Gudang Cabang (Medan)
CASE-0484,Barang Ditempatkan,2026-04-29 09:30:00,BRG-484,Laptop Gaming Pro,Elektronik,23876000,28112000,7,CV Sentosa Perkasa,Gudang Cabang (Medan)
CASE-0484,Stok Dicatat,2026-04-29 09:45:00,BRG-484,Laptop Gaming Pro,Elektronik,23876000,28112000,7,CV Sentosa Perkasa,Gudang Cabang (Medan)
CASE-0485,Data Barang Dibuat,2026-04-30 09:00:00,BRG-485,Proyektor Portable,Peralatan Kantor,4369000,5708000,189,PT Mega Elektronik,Gudang Cabang (Bandung)
CASE-0485,Data Barang Diverifikasi,2026-04-30 09:15:00,BRG-485,Proyektor Portable,Peralatan Kantor,4369000,5708000,189,PT Mega Elektronik,Gudang Cabang (Bandung)
CASE-0485,Barang Ditempatkan,2026-04-30 09:30:00,BRG-485,Proyektor Portable,Peralatan Kantor,4369000,5708000,189,PT Mega Elektronik,Gudang Cabang (Bandung)
CASE-0485,Stok Dicatat,2026-04-30 09:45:00,BRG-485,Proyektor Portable,Peralatan Kantor,4369000,5708000,189,PT Mega Elektronik,Gudang Cabang (Bandung)
CASE-0486,Data Barang Dibuat,2026-05-01 09:00:00,BRG-486,Meja Stand-Desk Auto,Peralatan Kantor,5644000,7372000,73,PT Indo Sarana,Gudang Utama (Jakarta)
CASE-0486,Data Barang Diverifikasi,2026-05-01 09:15:00,BRG-486,Meja Stand-Desk Auto,Peralatan Kantor,5644000,7372000,73,PT Indo Sarana,Gudang Utama (Jakarta)
CASE-0486,Barang Ditempatkan,2026-05-01 09:30:00,BRG-486,Meja Stand-Desk Auto,Peralatan Kantor,5644000,7372000,73,PT Indo Sarana,Gudang Utama (Jakarta)
CASE-0486,Stok Dicatat,2026-05-01 09:45:00,BRG-486,Meja Stand-Desk Auto,Peralatan Kantor,5644000,7372000,73,PT Indo Sarana,Gudang Utama (Jakarta)
CASE-0487,Data Barang Dibuat,2026-05-02 09:00:00,BRG-487,Monitor 4K 27 Inch,Elektronik,6885000,8508000,139,PT Techindo Jaya,Gudang Cabang (Surabaya)
CASE-0487,Data Barang Diverifikasi,2026-05-02 09:15:00,BRG-487,Monitor 4K 27 Inch,Elektronik,6885000,8508000,139,PT Techindo Jaya,Gudang Cabang (Surabaya)
CASE-0487,Barang Ditempatkan,2026-05-02 09:30:00,BRG-487,Monitor 4K 27 Inch,Elektronik,6885000,8508000,139,PT Techindo Jaya,Gudang Cabang (Surabaya)
CASE-0487,Stok Dicatat,2026-05-02 09:45:00,BRG-487,Monitor 4K 27 Inch,Elektronik,6885000,8508000,139,PT Techindo Jaya,Gudang Cabang (Surabaya)
CASE-0488,Data Barang Dibuat,2026-05-03 09:00:00,BRG-488,Router Wi-Fi 6,Peralatan Jaringan,1640000,2035000,97,PT Techindo Jaya,Gudang Cabang (Medan)
CASE-0488,Data Barang Diverifikasi,2026-05-03 09:15:00,BRG-488,Router Wi-Fi 6,Peralatan Jaringan,1640000,2035000,97,PT Techindo Jaya,Gudang Cabang (Medan)
CASE-0488,Barang Ditempatkan,2026-05-03 09:30:00,BRG-488,Router Wi-Fi 6,Peralatan Jaringan,1640000,2035000,97,PT Techindo Jaya,Gudang Cabang (Medan)
CASE-0488,Stok Dicatat,2026-05-03 09:45:00,BRG-488,Router Wi-Fi 6,Peralatan Jaringan,1640000,2035000,97,PT Techindo Jaya,Gudang Cabang (Medan)
CASE-0489,Data Barang Dibuat,2026-05-04 09:00:00,BRG-489,Switch Gigabit 16-Port,Peralatan Jaringan,1085000,1281000,202,PT Techindo Jaya,Gudang Utama (Jakarta)
CASE-0489,Data Barang Diverifikasi,2026-05-04 09:15:00,BRG-489,Switch Gigabit 16-Port,Peralatan Jaringan,1085000,1281000,202,PT Techindo Jaya,Gudang Utama (Jakarta)
CASE-0489,Barang Ditempatkan,2026-05-04 09:30:00,BRG-489,Switch Gigabit 16-Port,Peralatan Jaringan,1085000,1281000,202,PT Techindo Jaya,Gudang Utama (Jakarta)
CASE-0489,Stok Dicatat,2026-05-04 09:45:00,BRG-489,Switch Gigabit 16-Port,Peralatan Jaringan,1085000,1281000,202,PT Techindo Jaya,Gudang Utama (Jakarta)
CASE-0490,Data Barang Dibuat,2026-05-05 09:00:00,BRG-490,External SSD 1TB,Aksesoris Komputer,1102000,1277000,225,PT Techindo Jaya,Gudang Cabang (Bandung)
CASE-0490,Data Barang Diverifikasi,2026-05-05 09:15:00,BRG-490,External SSD 1TB,Aksesoris Komputer,1102000,1277000,225,PT Techindo Jaya,Gudang Cabang (Bandung)
CASE-0490,Barang Ditempatkan,2026-05-05 09:30:00,BRG-490,External SSD 1TB,Aksesoris Komputer,1102000,1277000,225,PT Techindo Jaya,Gudang Cabang (Bandung)
CASE-0490,Stok Dicatat,2026-05-05 09:45:00,BRG-490,External SSD 1TB,Aksesoris Komputer,1102000,1277000,225,PT Techindo Jaya,Gudang Cabang (Bandung)
CASE-0491,Data Barang Dibuat,2026-05-06 09:00:00,BRG-491,Smart TV 55 Inch,Elektronik,8053000,9877000,43,CV Sentosa Perkasa,Gudang Utama (Jakarta)
CASE-0491,Data Barang Diverifikasi,2026-05-06 09:15:00,BRG-491,Smart TV 55 Inch,Elektronik,8053000,9877000,43,CV Sentosa Perkasa,Gudang Utama (Jakarta)
CASE-0491,Barang Ditempatkan,2026-05-06 09:30:00,BRG-491,Smart TV 55 Inch,Elektronik,8053000,9877000,43,CV Sentosa Perkasa,Gudang Utama (Jakarta)
CASE-0491,Stok Dicatat,2026-05-06 09:45:00,BRG-491,Smart TV 55 Inch,Elektronik,8053000,9877000,43,CV Sentosa Perkasa,Gudang Utama (Jakarta)
CASE-0492,Data Barang Dibuat,2026-05-07 09:00:00,BRG-492,NAS Storage 2-Bay,Peralatan Jaringan,3441000,4178000,111,PT Indo Sarana,Gudang Cabang (Surabaya)
CASE-0492,Data Barang Diverifikasi,2026-05-07 09:15:00,BRG-492,NAS Storage 2-Bay,Peralatan Jaringan,3441000,4178000,111,PT Indo Sarana,Gudang Cabang (Surabaya)
CASE-0492,Barang Ditempatkan,2026-05-07 09:30:00,BRG-492,NAS Storage 2-Bay,Peralatan Jaringan,3441000,4178000,111,PT Indo Sarana,Gudang Cabang (Surabaya)
CASE-0492,Stok Dicatat,2026-05-07 09:45:00,BRG-492,NAS Storage 2-Bay,Peralatan Jaringan,3441000,4178000,111,PT Indo Sarana,Gudang Cabang (Surabaya)
CASE-0493,Data Barang Dibuat,2026-05-08 09:00:00,BRG-493,Kursi Ergonomis,Peralatan Kantor,2763000,3243000,177,PT Techindo Jaya,Gudang Cabang (Bandung)
CASE-0493,Data Barang Diverifikasi,2026-05-08 09:15:00,BRG-493,Kursi Ergonomis,Peralatan Kantor,2763000,3243000,177,PT Techindo Jaya,Gudang Cabang (Bandung)
CASE-0493,Barang Ditempatkan,2026-05-08 09:30:00,BRG-493,Kursi Ergonomis,Peralatan Kantor,2763000,3243000,177,PT Techindo Jaya,Gudang Cabang (Bandung)
CASE-0493,Stok Dicatat,2026-05-08 09:45:00,BRG-493,Kursi Ergonomis,Peralatan Kantor,2763000,3243000,177,PT Techindo Jaya,Gudang Cabang (Bandung)
CASE-0494,Data Barang Dibuat,2026-05-09 09:00:00,BRG-494,External SSD 1TB,Aksesoris Komputer,1148000,1539000,22,PT Mandiri Utama,Gudang Cabang (Surabaya)
CASE-0494,Data Barang Diverifikasi,2026-05-09 09:15:00,BRG-494,External SSD 1TB,Aksesoris Komputer,1148000,1539000,22,PT Mandiri Utama,Gudang Cabang (Surabaya)
CASE-0494,Barang Ditempatkan,2026-05-09 09:30:00,BRG-494,External SSD 1TB,Aksesoris Komputer,1148000,1539000,22,PT Mandiri Utama,Gudang Cabang (Surabaya)
CASE-0494,Stok Dicatat,2026-05-09 09:45:00,BRG-494,External SSD 1TB,Aksesoris Komputer,1148000,1539000,22,PT Mandiri Utama,Gudang Cabang (Surabaya)
CASE-0495,Data Barang Dibuat,2026-05-10 09:00:00,BRG-495,Printer Laser Multifungsi,Peralatan Kantor,2162000,2725000,7,PT Mega Elektronik,Gudang Cabang (Bandung)
CASE-0495,Data Barang Diverifikasi,2026-05-10 09:15:00,BRG-495,Printer Laser Multifungsi,Peralatan Kantor,2162000,2725000,7,PT Mega Elektronik,Gudang Cabang (Bandung)
CASE-0495,Barang Ditempatkan,2026-05-10 09:30:00,BRG-495,Printer Laser Multifungsi,Peralatan Kantor,2162000,2725000,7,PT Mega Elektronik,Gudang Cabang (Bandung)
CASE-0495,Stok Dicatat,2026-05-10 09:45:00,BRG-495,Printer Laser Multifungsi,Peralatan Kantor,2162000,2725000,7,PT Mega Elektronik,Gudang Cabang (Bandung)
CASE-0496,Data Barang Dibuat,2026-05-11 09:00:00,BRG-496,Proyektor Portable,Peralatan Kantor,3474000,4508000,67,PT Mandiri Utama,Gudang Cabang (Surabaya)
CASE-0496,Data Barang Diverifikasi,2026-05-11 09:15:00,BRG-496,Proyektor Portable,Peralatan Kantor,3474000,4508000,67,PT Mandiri Utama,Gudang Cabang (Surabaya)
CASE-0496,Barang Ditempatkan,2026-05-11 09:30:00,BRG-496,Proyektor Portable,Peralatan Kantor,3474000,4508000,67,PT Mandiri Utama,Gudang Cabang (Surabaya)
CASE-0496,Stok Dicatat,2026-05-11 09:45:00,BRG-496,Proyektor Portable,Peralatan Kantor,3474000,4508000,67,PT Mandiri Utama,Gudang Cabang (Surabaya)
CASE-0497,Data Barang Dibuat,2026-05-12 09:00:00,BRG-497,NAS Storage 2-Bay,Peralatan Jaringan,3319000,4303000,144,CV Sentosa Perkasa,Gudang Cabang (Bandung)
CASE-0497,Data Barang Diverifikasi,2026-05-12 09:15:00,BRG-497,NAS Storage 2-Bay,Peralatan Jaringan,3319000,4303000,144,CV Sentosa Perkasa,Gudang Cabang (Bandung)
CASE-0497,Barang Ditempatkan,2026-05-12 09:30:00,BRG-497,NAS Storage 2-Bay,Peralatan Jaringan,3319000,4303000,144,CV Sentosa Perkasa,Gudang Cabang (Bandung)
CASE-0497,Stok Dicatat,2026-05-12 09:45:00,BRG-497,NAS Storage 2-Bay,Peralatan Jaringan,3319000,4303000,144,CV Sentosa Perkasa,Gudang Cabang (Bandung)
CASE-0498,Data Barang Dibuat,2026-05-13 09:00:00,BRG-498,Smart TV 55 Inch,Elektronik,5200000,6222000,93,PT Indo Sarana,Gudang Utama (Jakarta)
CASE-0498,Data Barang Diverifikasi,2026-05-13 09:15:00,BRG-498,Smart TV 55 Inch,Elektronik,5200000,6222000,93,PT Indo Sarana,Gudang Utama (Jakarta)
CASE-0498,Barang Ditempatkan,2026-05-13 09:30:00,BRG-498,Smart TV 55 Inch,Elektronik,5200000,6222000,93,PT Indo Sarana,Gudang Utama (Jakarta)
CASE-0498,Stok Dicatat,2026-05-13 09:45:00,BRG-498,Smart TV 55 Inch,Elektronik,5200000,6222000,93,PT Indo Sarana,Gudang Utama (Jakarta)
CASE-0499,Data Barang Dibuat,2026-05-14 09:00:00,BRG-499,Kursi Ergonomis,Peralatan Kantor,2778000,3666000,191,PT Mega Elektronik,Gudang Utama (Jakarta)
CASE-0499,Data Barang Diverifikasi,2026-05-14 09:15:00,BRG-499,Kursi Ergonomis,Peralatan Kantor,2778000,3666000,191,PT Mega Elektronik,Gudang Utama (Jakarta)
CASE-0499,Barang Ditempatkan,2026-05-14 09:30:00,BRG-499,Kursi Ergonomis,Peralatan Kantor,2778000,3666000,191,PT Mega Elektronik,Gudang Utama (Jakarta)
CASE-0499,Stok Dicatat,2026-05-14 09:45:00,BRG-499,Kursi Ergonomis,Peralatan Kantor,2778000,3666000,191,PT Mega Elektronik,Gudang Utama (Jakarta)
CASE-0500,Data Barang Dibuat,2026-05-15 09:00:00,BRG-500,External SSD 1TB,Aksesoris Komputer,1349000,1664000,20,CV Sentosa Perkasa,Gudang Cabang (Surabaya)
CASE-0500,Data Barang Diverifikasi,2026-05-15 09:15:00,BRG-500,External SSD 1TB,Aksesoris Komputer,1349000,1664000,20,CV Sentosa Perkasa,Gudang Cabang (Surabaya)
CASE-0500,Barang Ditempatkan,2026-05-15 09:30:00,BRG-500,External SSD 1TB,Aksesoris Komputer,1349000,1664000,20,CV Sentosa Perkasa,Gudang Cabang (Surabaya)
CASE-0500,Stok Dicatat,2026-05-15 09:45:00,BRG-500,External SSD 1TB,Aksesoris Komputer,1349000,1664000,20,CV Sentosa Perkasa,Gudang Cabang (Surabaya)
